OrderID,Date,CustomerID,ProductID,RegionID,Quantity,Discount,UnitPrice,UnitCost,GrossSales,DiscountAmount,NetSales,TotalCost,Profit
ORD001959,2025-01-01,C0215,P015,R007,5,0.1,35000,21000,175000,17500.0,157500.0,105000,52500.0
ORD005415,2025-01-01,C0111,P020,R003,10,0.02,22000,13000,220000,4400.0,215600.0,130000,85600.0
ORD004286,2025-01-01,C0184,P017,R013,2,0.08,75000,50000,150000,12000.0,138000.0,100000,38000.0
ORD003519,2025-01-01,C0083,P003,R005,1,0.05,160000,112000,160000,8000.0,152000.0,112000,40000.0
ORD004420,2025-01-01,C0198,P018,R009,5,0.1,90000,62000,450000,45000.0,405000.0,310000,95000.0
ORD000538,2025-01-01,C0272,P007,R005,3,0.15,180000,118000,540000,81000.0,459000.0,354000,105000.0
ORD004609,2025-01-01,C0275,P013,R007,3,0.0,30000,18500,90000,0.0,90000.0,55500,34500.0
ORD007955,2025-01-01,C0015,P017,R004,4,0.08,75000,50000,300000,24000.0,276000.0,200000,76000.0
ORD004801,2025-01-01,C0095,P010,R013,1,0.0,320000,215000,320000,0.0,320000.0,215000,105000.0
ORD002756,2025-01-01,C0251,P020,R007,8,0.0,22000,13000,176000,0.0,176000.0,104000,72000.0
ORD001228,2025-01-01,C0268,P001,R010,3,0.0,350000,245000,1050000,0.0,1050000.0,735000,315000.0
ORD000167,2025-01-01,C0243,P007,R005,1,0.2,180000,118000,180000,36000.0,144000.0,118000,26000.0
ORD006900,2025-01-01,C0042,P015,R003,3,0.08,35000,21000,105000,8400.0,96600.0,63000,33600.0
ORD001177,2025-01-01,C0059,P018,R005,2,0.02,90000,62000,180000,3600.0,176400.0,124000,52400.0
ORD002316,2025-01-01,C0220,P010,R007,8,0.1,320000,215000,2560000,256000.0,2304000.0,1720000,584000.0
ORD004569,2025-01-01,C0143,P010,R013,4,0.2,320000,215000,1280000,256000.0,1024000.0,860000,164000.0
ORD000250,2025-01-01,C0235,P012,R004,6,0.0,125000,83000,750000,0.0,750000.0,498000,252000.0
ORD005740,2025-01-01,C0151,P019,R004,3,0.08,45000,29000,135000,10800.0,124200.0,87000,37200.0
ORD000426,2025-01-01,C0135,P019,R005,1,0.05,45000,29000,45000,2250.0,42750.0,29000,13750.0
ORD002092,2025-01-01,C0234,P018,R013,6,0.08,90000,62000,540000,43200.0,496800.0,372000,124800.0
ORD004762,2025-01-02,C0202,P018,R007,3,0.15,90000,62000,270000,40500.0,229500.0,186000,43500.0
ORD001130,2025-01-02,C0274,P002,R013,2,0.15,220000,155000,440000,66000.0,374000.0,310000,64000.0
ORD007471,2025-01-02,C0266,P001,R007,1,0.05,350000,245000,350000,17500.0,332500.0,245000,87500.0
ORD001300,2025-01-02,C0252,P020,R012,3,0.0,22000,13000,66000,0.0,66000.0,39000,27000.0
ORD001044,2025-01-02,C0047,P003,R012,8,0.08,160000,112000,1280000,102400.0,1177600.0,896000,281600.0
ORD007341,2025-01-02,C0291,P016,R013,4,0.2,55000,35000,220000,44000.0,176000.0,140000,36000.0
ORD005007,2025-01-02,C0246,P015,R003,4,0.2,35000,21000,140000,28000.0,112000.0,84000,28000.0
ORD003499,2025-01-02,C0113,P009,R013,5,0.0,130000,85000,650000,0.0,650000.0,425000,225000.0
ORD006023,2025-01-02,C0278,P011,R006,10,0.0,85000,57000,850000,0.0,850000.0,570000,280000.0
ORD005688,2025-01-02,C0024,P004,R003,3,0.05,140000,98000,420000,21000.0,399000.0,294000,105000.0
ORD005734,2025-01-02,C0285,P012,R005,4,0.1,125000,83000,500000,50000.0,450000.0,332000,118000.0
ORD007401,2025-01-02,C0015,P010,R007,2,0.05,320000,215000,640000,32000.0,608000.0,430000,178000.0
ORD000353,2025-01-03,C0200,P008,R001,1,0.08,110000,72000,110000,8800.0,101200.0,72000,29200.0
ORD003140,2025-01-03,C0148,P019,R008,6,0.2,45000,29000,270000,54000.0,216000.0,174000,42000.0
ORD000814,2025-01-03,C0156,P010,R007,2,0.1,320000,215000,640000,64000.0,576000.0,430000,146000.0
ORD002997,2025-01-03,C0068,P013,R013,3,0.08,30000,18500,90000,7200.0,82800.0,55500,27300.0
ORD005571,2025-01-03,C0222,P014,R006,1,0.05,18000,10500,18000,900.0,17100.0,10500,6600.0
ORD001263,2025-01-03,C0040,P003,R002,2,0.02,160000,112000,320000,6400.0,313600.0,224000,89600.0
ORD006986,2025-01-03,C0254,P012,R008,6,0.02,125000,83000,750000,15000.0,735000.0,498000,237000.0
ORD004583,2025-01-03,C0108,P012,R012,2,0.1,125000,83000,250000,25000.0,225000.0,166000,59000.0
ORD007992,2025-01-03,C0204,P006,R007,8,0.05,95000,62000,760000,38000.0,722000.0,496000,226000.0
ORD002574,2025-01-03,C0243,P018,R010,10,0.05,90000,62000,900000,45000.0,855000.0,620000,235000.0
ORD007034,2025-01-03,C0086,P011,R007,2,0.2,85000,57000,170000,34000.0,136000.0,114000,22000.0
ORD000857,2025-01-03,C0140,P018,R002,3,0.0,90000,62000,270000,0.0,270000.0,186000,84000.0
ORD002451,2025-01-03,C0117,P020,R003,1,0.15,22000,13000,22000,3300.0,18700.0,13000,5700.0
ORD007661,2025-01-04,C0189,P016,R001,2,0.05,55000,35000,110000,5500.0,104500.0,70000,34500.0
ORD000409,2025-01-04,C0274,P011,R001,4,0.1,85000,57000,340000,34000.0,306000.0,228000,78000.0
ORD003758,2025-01-04,C0174,P016,R004,3,0.05,55000,35000,165000,8250.0,156750.0,105000,51750.0
ORD000666,2025-01-04,C0142,P010,R010,6,0.02,320000,215000,1920000,38400.0,1881600.0,1290000,591600.0
ORD003921,2025-01-04,C0151,P020,R010,4,0.0,22000,13000,88000,0.0,88000.0,52000,36000.0
ORD005454,2025-01-04,C0212,P008,R008,2,0.05,110000,72000,220000,11000.0,209000.0,144000,65000.0
ORD006997,2025-01-04,C0121,P004,R013,8,0.05,140000,98000,1120000,56000.0,1064000.0,784000,280000.0
ORD002693,2025-01-04,C0178,P008,R008,4,0.1,110000,72000,440000,44000.0,396000.0,288000,108000.0
ORD005398,2025-01-04,C0066,P001,R013,4,0.2,350000,245000,1400000,280000.0,1120000.0,980000,140000.0
ORD005176,2025-01-04,C0015,P002,R001,4,0.0,220000,155000,880000,0.0,880000.0,620000,260000.0
ORD007998,2025-01-04,C0263,P015,R013,2,0.05,35000,21000,70000,3500.0,66500.0,42000,24500.0
ORD005094,2025-01-05,C0184,P006,R013,10,0.02,95000,62000,950000,19000.0,931000.0,620000,311000.0
ORD000315,2025-01-05,C0095,P006,R008,3,0.0,95000,62000,285000,0.0,285000.0,186000,99000.0
ORD003600,2025-01-05,C0177,P008,R008,3,0.05,110000,72000,330000,16500.0,313500.0,216000,97500.0
ORD003697,2025-01-05,C0147,P018,R010,5,0.02,90000,62000,450000,9000.0,441000.0,310000,131000.0
ORD000223,2025-01-05,C0266,P020,R005,2,0.08,22000,13000,44000,3520.0,40480.0,26000,14480.0
ORD000456,2025-01-05,C0144,P001,R011,1,0.08,350000,245000,350000,28000.0,322000.0,245000,77000.0
ORD002559,2025-01-05,C0072,P002,R001,8,0.08,220000,155000,1760000,140800.0,1619200.0,1240000,379200.0
ORD003647,2025-01-05,C0008,P004,R003,1,0.05,140000,98000,140000,7000.0,133000.0,98000,35000.0
ORD003760,2025-01-06,C0265,P018,R002,6,0.08,90000,62000,540000,43200.0,496800.0,372000,124800.0
ORD003693,2025-01-06,C0057,P003,R004,2,0.02,160000,112000,320000,6400.0,313600.0,224000,89600.0
ORD003767,2025-01-06,C0241,P012,R003,4,0.08,125000,83000,500000,40000.0,460000.0,332000,128000.0
ORD006325,2025-01-06,C0200,P002,R008,2,0.15,220000,155000,440000,66000.0,374000.0,310000,64000.0
ORD005683,2025-01-06,C0090,P009,R008,6,0.0,130000,85000,780000,0.0,780000.0,510000,270000.0
ORD006626,2025-01-06,C0026,P005,R001,3,0.1,120000,84000,360000,36000.0,324000.0,252000,72000.0
ORD007317,2025-01-06,C0196,P014,R005,2,0.1,18000,10500,36000,3600.0,32400.0,21000,11400.0
ORD003464,2025-01-06,C0117,P002,R006,4,0.1,220000,155000,880000,88000.0,792000.0,620000,172000.0
ORD000405,2025-01-06,C0288,P015,R013,5,0.0,35000,21000,175000,0.0,175000.0,105000,70000.0
ORD003555,2025-01-06,C0117,P014,R009,3,0.02,18000,10500,54000,1080.0,52920.0,31500,21420.0
ORD003028,2025-01-06,C0142,P017,R008,1,0.05,75000,50000,75000,3750.0,71250.0,50000,21250.0
ORD006405,2025-01-07,C0079,P013,R004,3,0.1,30000,18500,90000,9000.0,81000.0,55500,25500.0
ORD000352,2025-01-07,C0241,P007,R003,3,0.05,180000,118000,540000,27000.0,513000.0,354000,159000.0
ORD007762,2025-01-07,C0229,P012,R012,3,0.05,125000,83000,375000,18750.0,356250.0,249000,107250.0
ORD006789,2025-01-07,C0279,P003,R007,3,0.05,160000,112000,480000,24000.0,456000.0,336000,120000.0
ORD006265,2025-01-07,C0138,P007,R008,3,0.08,180000,118000,540000,43200.0,496800.0,354000,142800.0
ORD005729,2025-01-07,C0226,P004,R008,2,0.08,140000,98000,280000,22400.0,257600.0,196000,61600.0
ORD001070,2025-01-07,C0016,P008,R013,2,0.0,110000,72000,220000,0.0,220000.0,144000,76000.0
ORD000960,2025-01-07,C0074,P001,R004,5,0.15,350000,245000,1750000,262500.0,1487500.0,1225000,262500.0
ORD002913,2025-01-07,C0078,P018,R001,1,0.1,90000,62000,90000,9000.0,81000.0,62000,19000.0
ORD000908,2025-01-07,C0078,P010,R005,4,0.1,320000,215000,1280000,128000.0,1152000.0,860000,292000.0
ORD003094,2025-01-07,C0198,P006,R003,1,0.05,95000,62000,95000,4750.0,90250.0,62000,28250.0
ORD005254,2025-01-07,C0233,P007,R001,8,0.05,180000,118000,1440000,72000.0,1368000.0,944000,424000.0
ORD006277,2025-01-07,C0010,P013,R006,2,0.1,30000,18500,60000,6000.0,54000.0,37000,17000.0
ORD007481,2025-01-07,C0200,P017,R012,1,0.0,75000,50000,75000,0.0,75000.0,50000,25000.0
ORD000629,2025-01-07,C0096,P007,R004,3,0.08,180000,118000,540000,43200.0,496800.0,354000,142800.0
ORD006111,2025-01-07,C0251,P010,R013,5,0.08,320000,215000,1600000,128000.0,1472000.0,1075000,397000.0
ORD001447,2025-01-07,C0065,P015,R011,6,0.0,35000,21000,210000,0.0,210000.0,126000,84000.0
ORD002171,2025-01-07,C0003,P004,R009,6,0.05,140000,98000,840000,42000.0,798000.0,588000,210000.0
ORD004107,2025-01-07,C0116,P002,R006,3,0.08,220000,155000,660000,52800.0,607200.0,465000,142200.0
ORD004531,2025-01-07,C0011,P019,R008,1,0.08,45000,29000,45000,3600.0,41400.0,29000,12400.0
ORD000608,2025-01-08,C0037,P013,R001,4,0.0,30000,18500,120000,0.0,120000.0,74000,46000.0
ORD005014,2025-01-08,C0242,P016,R009,2,0.0,55000,35000,110000,0.0,110000.0,70000,40000.0
ORD000339,2025-01-08,C0093,P012,R002,4,0.0,125000,83000,500000,0.0,500000.0,332000,168000.0
ORD001878,2025-01-08,C0208,P020,R010,8,0.02,22000,13000,176000,3520.0,172480.0,104000,68480.0
ORD006350,2025-01-08,C0014,P014,R009,2,0.08,18000,10500,36000,2880.0,33120.0,21000,12120.0
ORD002033,2025-01-08,C0061,P009,R003,2,0.15,130000,85000,260000,39000.0,221000.0,170000,51000.0
ORD004046,2025-01-08,C0078,P009,R004,2,0.05,130000,85000,260000,13000.0,247000.0,170000,77000.0
ORD001572,2025-01-08,C0024,P009,R012,2,0.0,130000,85000,260000,0.0,260000.0,170000,90000.0
ORD003677,2025-01-08,C0247,P016,R012,10,0.15,55000,35000,550000,82500.0,467500.0,350000,117500.0
ORD007691,2025-01-08,C0174,P016,R002,4,0.2,55000,35000,220000,44000.0,176000.0,140000,36000.0
ORD001208,2025-01-08,C0084,P018,R001,1,0.0,90000,62000,90000,0.0,90000.0,62000,28000.0
ORD003325,2025-01-08,C0206,P005,R005,3,0.15,120000,84000,360000,54000.0,306000.0,252000,54000.0
ORD000204,2025-01-08,C0126,P003,R007,1,0.02,160000,112000,160000,3200.0,156800.0,112000,44800.0
ORD002609,2025-01-08,C0190,P017,R011,1,0.02,75000,50000,75000,1500.0,73500.0,50000,23500.0
ORD004470,2025-01-08,C0040,P012,R006,8,0.15,125000,83000,1000000,150000.0,850000.0,664000,186000.0
ORD001057,2025-01-09,C0222,P016,R008,2,0.1,55000,35000,110000,11000.0,99000.0,70000,29000.0
ORD003887,2025-01-09,C0175,P009,R013,1,0.05,130000,85000,130000,6500.0,123500.0,85000,38500.0
ORD007824,2025-01-09,C0142,P014,R010,1,0.02,18000,10500,18000,360.0,17640.0,10500,7140.0
ORD000125,2025-01-09,C0267,P011,R003,2,0.02,85000,57000,170000,3400.0,166600.0,114000,52600.0
ORD006364,2025-01-09,C0042,P018,R004,4,0.0,90000,62000,360000,0.0,360000.0,248000,112000.0
ORD007102,2025-01-09,C0138,P004,R006,1,0.1,140000,98000,140000,14000.0,126000.0,98000,28000.0
ORD004276,2025-01-09,C0164,P009,R007,1,0.05,130000,85000,130000,6500.0,123500.0,85000,38500.0
ORD007688,2025-01-09,C0135,P007,R003,8,0.0,180000,118000,1440000,0.0,1440000.0,944000,496000.0
ORD004970,2025-01-09,C0099,P003,R011,2,0.08,160000,112000,320000,25600.0,294400.0,224000,70400.0
ORD006828,2025-01-09,C0047,P015,R002,2,0.0,35000,21000,70000,0.0,70000.0,42000,28000.0
ORD005801,2025-01-09,C0041,P001,R005,2,0.05,350000,245000,700000,35000.0,665000.0,490000,175000.0
ORD001690,2025-01-10,C0298,P016,R007,8,0.02,55000,35000,440000,8800.0,431200.0,280000,151200.0
ORD006610,2025-01-10,C0254,P002,R012,3,0.15,220000,155000,660000,99000.0,561000.0,465000,96000.0
ORD004763,2025-01-10,C0282,P009,R009,6,0.05,130000,85000,780000,39000.0,741000.0,510000,231000.0
ORD004806,2025-01-10,C0198,P002,R001,3,0.02,220000,155000,660000,13200.0,646800.0,465000,181800.0
ORD001327,2025-01-10,C0121,P013,R006,3,0.1,30000,18500,90000,9000.0,81000.0,55500,25500.0
ORD002741,2025-01-10,C0294,P002,R007,4,0.0,220000,155000,880000,0.0,880000.0,620000,260000.0
ORD001154,2025-01-10,C0145,P016,R004,8,0.02,55000,35000,440000,8800.0,431200.0,280000,151200.0
ORD002633,2025-01-10,C0239,P004,R007,4,0.0,140000,98000,560000,0.0,560000.0,392000,168000.0
ORD001560,2025-01-10,C0292,P006,R001,2,0.05,95000,62000,190000,9500.0,180500.0,124000,56500.0
ORD005604,2025-01-10,C0120,P007,R008,10,0.0,180000,118000,1800000,0.0,1800000.0,1180000,620000.0
ORD007334,2025-01-10,C0189,P009,R002,6,0.0,130000,85000,780000,0.0,780000.0,510000,270000.0
ORD003597,2025-01-10,C0298,P017,R003,3,0.15,75000,50000,225000,33750.0,191250.0,150000,41250.0
ORD002374,2025-01-10,C0009,P007,R003,5,0.02,180000,118000,900000,18000.0,882000.0,590000,292000.0
ORD000432,2025-01-10,C0059,P003,R003,1,0.0,160000,112000,160000,0.0,160000.0,112000,48000.0
ORD007079,2025-01-10,C0153,P007,R003,3,0.05,180000,118000,540000,27000.0,513000.0,354000,159000.0
ORD007677,2025-01-10,C0041,P014,R010,10,0.08,18000,10500,180000,14400.0,165600.0,105000,60600.0
ORD000220,2025-01-10,C0087,P001,R010,3,0.05,350000,245000,1050000,52500.0,997500.0,735000,262500.0
ORD004445,2025-01-10,C0223,P006,R001,8,0.05,95000,62000,760000,38000.0,722000.0,496000,226000.0
ORD000832,2025-01-11,C0260,P004,R001,6,0.0,140000,98000,840000,0.0,840000.0,588000,252000.0
ORD000695,2025-01-11,C0018,P002,R002,4,0.2,220000,155000,880000,176000.0,704000.0,620000,84000.0
ORD005129,2025-01-11,C0074,P004,R011,2,0.05,140000,98000,280000,14000.0,266000.0,196000,70000.0
ORD001030,2025-01-11,C0120,P009,R008,3,0.15,130000,85000,390000,58500.0,331500.0,255000,76500.0
ORD006384,2025-01-11,C0085,P011,R005,1,0.02,85000,57000,85000,1700.0,83300.0,57000,26300.0
ORD007668,2025-01-11,C0171,P017,R001,6,0.2,75000,50000,450000,90000.0,360000.0,300000,60000.0
ORD003058,2025-01-11,C0013,P020,R006,4,0.15,22000,13000,88000,13200.0,74800.0,52000,22800.0
ORD007125,2025-01-11,C0091,P015,R001,1,0.0,35000,21000,35000,0.0,35000.0,21000,14000.0
ORD000510,2025-01-11,C0072,P002,R004,4,0.0,220000,155000,880000,0.0,880000.0,620000,260000.0
ORD007182,2025-01-11,C0047,P017,R004,3,0.05,75000,50000,225000,11250.0,213750.0,150000,63750.0
ORD006565,2025-01-11,C0153,P011,R004,1,0.08,85000,57000,85000,6800.0,78200.0,57000,21200.0
ORD003390,2025-01-11,C0293,P010,R013,2,0.1,320000,215000,640000,64000.0,576000.0,430000,146000.0
ORD001438,2025-01-12,C0162,P013,R001,2,0.05,30000,18500,60000,3000.0,57000.0,37000,20000.0
ORD001270,2025-01-12,C0084,P012,R003,10,0.0,125000,83000,1250000,0.0,1250000.0,830000,420000.0
ORD006660,2025-01-12,C0048,P011,R011,4,0.0,85000,57000,340000,0.0,340000.0,228000,112000.0
ORD003938,2025-01-12,C0137,P013,R010,1,0.0,30000,18500,30000,0.0,30000.0,18500,11500.0
ORD007432,2025-01-12,C0173,P013,R011,10,0.05,30000,18500,300000,15000.0,285000.0,185000,100000.0
ORD002820,2025-01-12,C0183,P003,R005,2,0.02,160000,112000,320000,6400.0,313600.0,224000,89600.0
ORD007616,2025-01-12,C0047,P016,R011,1,0.15,55000,35000,55000,8250.0,46750.0,35000,11750.0
ORD001398,2025-01-12,C0087,P019,R011,5,0.1,45000,29000,225000,22500.0,202500.0,145000,57500.0
ORD006216,2025-01-12,C0077,P014,R004,2,0.05,18000,10500,36000,1800.0,34200.0,21000,13200.0
ORD006567,2025-01-12,C0202,P003,R013,2,0.0,160000,112000,320000,0.0,320000.0,224000,96000.0
ORD000199,2025-01-12,C0086,P005,R011,2,0.08,120000,84000,240000,19200.0,220800.0,168000,52800.0
ORD006381,2025-01-12,C0128,P014,R001,2,0.02,18000,10500,36000,720.0,35280.0,21000,14280.0
ORD000740,2025-01-12,C0048,P020,R005,1,0.1,22000,13000,22000,2200.0,19800.0,13000,6800.0
ORD004292,2025-01-12,C0070,P003,R003,1,0.05,160000,112000,160000,8000.0,152000.0,112000,40000.0
ORD003964,2025-01-12,C0036,P015,R008,6,0.02,35000,21000,210000,4200.0,205800.0,126000,79800.0
ORD005789,2025-01-12,C0292,P015,R002,3,0.05,35000,21000,105000,5250.0,99750.0,63000,36750.0
ORD001474,2025-01-12,C0068,P013,R013,3,0.05,30000,18500,90000,4500.0,85500.0,55500,30000.0
ORD001081,2025-01-12,C0111,P006,R013,4,0.1,95000,62000,380000,38000.0,342000.0,248000,94000.0
ORD002499,2025-01-12,C0132,P011,R012,2,0.2,85000,57000,170000,34000.0,136000.0,114000,22000.0
ORD002390,2025-01-12,C0249,P004,R010,5,0.05,140000,98000,700000,35000.0,665000.0,490000,175000.0
ORD001185,2025-01-12,C0289,P013,R001,3,0.0,30000,18500,90000,0.0,90000.0,55500,34500.0
ORD001701,2025-01-12,C0219,P006,R011,1,0.0,95000,62000,95000,0.0,95000.0,62000,33000.0
ORD003842,2025-01-12,C0164,P016,R011,1,0.1,55000,35000,55000,5500.0,49500.0,35000,14500.0
ORD004999,2025-01-12,C0160,P008,R008,2,0.05,110000,72000,220000,11000.0,209000.0,144000,65000.0
ORD000064,2025-01-12,C0266,P008,R009,4,0.08,110000,72000,440000,35200.0,404800.0,288000,116800.0
ORD002349,2025-01-13,C0104,P011,R003,4,0.08,85000,57000,340000,27200.0,312800.0,228000,84800.0
ORD006039,2025-01-13,C0231,P011,R007,4,0.15,85000,57000,340000,51000.0,289000.0,228000,61000.0
ORD005495,2025-01-13,C0157,P011,R007,1,0.0,85000,57000,85000,0.0,85000.0,57000,28000.0
ORD003321,2025-01-13,C0178,P019,R007,6,0.1,45000,29000,270000,27000.0,243000.0,174000,69000.0
ORD004501,2025-01-13,C0132,P011,R010,2,0.05,85000,57000,170000,8500.0,161500.0,114000,47500.0
ORD000435,2025-01-13,C0176,P002,R001,1,0.08,220000,155000,220000,17600.0,202400.0,155000,47400.0
ORD003706,2025-01-13,C0012,P017,R011,6,0.08,75000,50000,450000,36000.0,414000.0,300000,114000.0
ORD001696,2025-01-13,C0146,P002,R009,3,0.05,220000,155000,660000,33000.0,627000.0,465000,162000.0
ORD007268,2025-01-13,C0277,P016,R012,8,0.08,55000,35000,440000,35200.0,404800.0,280000,124800.0
ORD004679,2025-01-13,C0216,P001,R011,2,0.05,350000,245000,700000,35000.0,665000.0,490000,175000.0
ORD003502,2025-01-13,C0275,P020,R006,5,0.0,22000,13000,110000,0.0,110000.0,65000,45000.0
ORD002437,2025-01-13,C0094,P017,R001,4,0.08,75000,50000,300000,24000.0,276000.0,200000,76000.0
ORD001530,2025-01-13,C0136,P009,R001,3,0.05,130000,85000,390000,19500.0,370500.0,255000,115500.0
ORD007103,2025-01-13,C0031,P009,R006,2,0.05,130000,85000,260000,13000.0,247000.0,170000,77000.0
ORD004826,2025-01-13,C0013,P011,R002,10,0.0,85000,57000,850000,0.0,850000.0,570000,280000.0
ORD007323,2025-01-13,C0270,P014,R003,2,0.08,18000,10500,36000,2880.0,33120.0,21000,12120.0
ORD002419,2025-01-13,C0030,P009,R010,2,0.0,130000,85000,260000,0.0,260000.0,170000,90000.0
ORD005098,2025-01-13,C0209,P009,R002,2,0.0,130000,85000,260000,0.0,260000.0,170000,90000.0
ORD003377,2025-01-13,C0104,P017,R009,4,0.02,75000,50000,300000,6000.0,294000.0,200000,94000.0
ORD002290,2025-01-13,C0240,P003,R006,2,0.0,160000,112000,320000,0.0,320000.0,224000,96000.0
ORD005354,2025-01-14,C0096,P007,R001,3,0.05,180000,118000,540000,27000.0,513000.0,354000,159000.0
ORD006836,2025-01-14,C0287,P014,R002,2,0.05,18000,10500,36000,1800.0,34200.0,21000,13200.0
ORD004983,2025-01-14,C0123,P003,R002,2,0.02,160000,112000,320000,6400.0,313600.0,224000,89600.0
ORD007133,2025-01-14,C0288,P006,R006,2,0.05,95000,62000,190000,9500.0,180500.0,124000,56500.0
ORD007147,2025-01-14,C0275,P005,R011,8,0.2,120000,84000,960000,192000.0,768000.0,672000,96000.0
ORD001136,2025-01-14,C0141,P003,R009,5,0.2,160000,112000,800000,160000.0,640000.0,560000,80000.0
ORD005662,2025-01-14,C0284,P015,R009,1,0.05,35000,21000,35000,1750.0,33250.0,21000,12250.0
ORD004863,2025-01-14,C0134,P002,R008,3,0.05,220000,155000,660000,33000.0,627000.0,465000,162000.0
ORD004620,2025-01-14,C0249,P001,R006,6,0.0,350000,245000,2100000,0.0,2100000.0,1470000,630000.0
ORD001703,2025-01-14,C0081,P007,R013,1,0.05,180000,118000,180000,9000.0,171000.0,118000,53000.0
ORD004341,2025-01-14,C0271,P004,R013,5,0.15,140000,98000,700000,105000.0,595000.0,490000,105000.0
ORD003286,2025-01-14,C0296,P018,R002,4,0.05,90000,62000,360000,18000.0,342000.0,248000,94000.0
ORD002378,2025-01-14,C0122,P007,R006,3,0.08,180000,118000,540000,43200.0,496800.0,354000,142800.0
ORD001080,2025-01-14,C0194,P008,R010,8,0.0,110000,72000,880000,0.0,880000.0,576000,304000.0
ORD007794,2025-01-15,C0194,P006,R006,10,0.0,95000,62000,950000,0.0,950000.0,620000,330000.0
ORD000358,2025-01-15,C0267,P011,R006,4,0.0,85000,57000,340000,0.0,340000.0,228000,112000.0
ORD006194,2025-01-15,C0184,P018,R009,4,0.15,90000,62000,360000,54000.0,306000.0,248000,58000.0
ORD004451,2025-01-15,C0159,P012,R007,4,0.0,125000,83000,500000,0.0,500000.0,332000,168000.0
ORD004515,2025-01-15,C0117,P020,R011,1,0.15,22000,13000,22000,3300.0,18700.0,13000,5700.0
ORD004280,2025-01-15,C0016,P004,R009,3,0.1,140000,98000,420000,42000.0,378000.0,294000,84000.0
ORD000480,2025-01-15,C0168,P016,R003,5,0.02,55000,35000,275000,5500.0,269500.0,175000,94500.0
ORD000498,2025-01-15,C0195,P003,R013,4,0.05,160000,112000,640000,32000.0,608000.0,448000,160000.0
ORD002564,2025-01-15,C0272,P013,R009,3,0.0,30000,18500,90000,0.0,90000.0,55500,34500.0
ORD007184,2025-01-15,C0077,P003,R012,5,0.08,160000,112000,800000,64000.0,736000.0,560000,176000.0
ORD006113,2025-01-16,C0050,P002,R011,3,0.05,220000,155000,660000,33000.0,627000.0,465000,162000.0
ORD000049,2025-01-16,C0111,P006,R001,3,0.0,95000,62000,285000,0.0,285000.0,186000,99000.0
ORD003913,2025-01-16,C0156,P003,R001,2,0.2,160000,112000,320000,64000.0,256000.0,224000,32000.0
ORD002015,2025-01-16,C0074,P015,R013,10,0.08,35000,21000,350000,28000.0,322000.0,210000,112000.0
ORD000788,2025-01-16,C0196,P006,R005,4,0.0,95000,62000,380000,0.0,380000.0,248000,132000.0
ORD001904,2025-01-16,C0054,P015,R012,5,0.05,35000,21000,175000,8750.0,166250.0,105000,61250.0
ORD005711,2025-01-16,C0145,P017,R007,4,0.15,75000,50000,300000,45000.0,255000.0,200000,55000.0
ORD004760,2025-01-16,C0042,P019,R003,1,0.05,45000,29000,45000,2250.0,42750.0,29000,13750.0
ORD005110,2025-01-16,C0281,P002,R001,3,0.1,220000,155000,660000,66000.0,594000.0,465000,129000.0
ORD004272,2025-01-16,C0247,P020,R005,4,0.1,22000,13000,88000,8800.0,79200.0,52000,27200.0
ORD007036,2025-01-16,C0143,P002,R008,6,0.02,220000,155000,1320000,26400.0,1293600.0,930000,363600.0
ORD006056,2025-01-16,C0074,P007,R003,3,0.02,180000,118000,540000,10800.0,529200.0,354000,175200.0
ORD006590,2025-01-16,C0063,P003,R008,6,0.0,160000,112000,960000,0.0,960000.0,672000,288000.0
ORD000756,2025-01-16,C0143,P004,R008,8,0.08,140000,98000,1120000,89600.0,1030400.0,784000,246400.0
ORD005544,2025-01-16,C0094,P003,R011,4,0.05,160000,112000,640000,32000.0,608000.0,448000,160000.0
ORD000720,2025-01-17,C0068,P006,R008,1,0.2,95000,62000,95000,19000.0,76000.0,62000,14000.0
ORD001552,2025-01-17,C0134,P007,R007,1,0.02,180000,118000,180000,3600.0,176400.0,118000,58400.0
ORD005998,2025-01-17,C0180,P011,R006,5,0.0,85000,57000,425000,0.0,425000.0,285000,140000.0
ORD007736,2025-01-17,C0030,P020,R010,4,0.02,22000,13000,88000,1760.0,86240.0,52000,34240.0
ORD000926,2025-01-17,C0271,P016,R006,1,0.1,55000,35000,55000,5500.0,49500.0,35000,14500.0
ORD003844,2025-01-17,C0271,P018,R010,3,0.02,90000,62000,270000,5400.0,264600.0,186000,78600.0
ORD006099,2025-01-17,C0287,P014,R008,2,0.0,18000,10500,36000,0.0,36000.0,21000,15000.0
ORD001581,2025-01-17,C0147,P003,R006,3,0.0,160000,112000,480000,0.0,480000.0,336000,144000.0
ORD007445,2025-01-17,C0147,P016,R012,2,0.05,55000,35000,110000,5500.0,104500.0,70000,34500.0
ORD000677,2025-01-17,C0185,P001,R013,2,0.1,350000,245000,700000,70000.0,630000.0,490000,140000.0
ORD000737,2025-01-17,C0039,P019,R001,6,0.15,45000,29000,270000,40500.0,229500.0,174000,55500.0
ORD005427,2025-01-17,C0078,P006,R013,3,0.08,95000,62000,285000,22800.0,262200.0,186000,76200.0
ORD002643,2025-01-17,C0041,P009,R003,3,0.15,130000,85000,390000,58500.0,331500.0,255000,76500.0
ORD003088,2025-01-17,C0167,P008,R005,3,0.05,110000,72000,330000,16500.0,313500.0,216000,97500.0
ORD002856,2025-01-17,C0040,P012,R001,2,0.08,125000,83000,250000,20000.0,230000.0,166000,64000.0
ORD005337,2025-01-17,C0066,P014,R013,2,0.05,18000,10500,36000,1800.0,34200.0,21000,13200.0
ORD000947,2025-01-17,C0269,P006,R007,6,0.05,95000,62000,570000,28500.0,541500.0,372000,169500.0
ORD007189,2025-01-17,C0192,P020,R006,1,0.05,22000,13000,22000,1100.0,20900.0,13000,7900.0
ORD002477,2025-01-17,C0145,P002,R003,1,0.0,220000,155000,220000,0.0,220000.0,155000,65000.0
ORD005047,2025-01-18,C0033,P014,R008,4,0.05,18000,10500,72000,3600.0,68400.0,42000,26400.0
ORD003436,2025-01-18,C0243,P016,R011,5,0.0,55000,35000,275000,0.0,275000.0,175000,100000.0
ORD007876,2025-01-18,C0134,P014,R004,3,0.0,18000,10500,54000,0.0,54000.0,31500,22500.0
ORD000589,2025-01-18,C0238,P003,R005,2,0.1,160000,112000,320000,32000.0,288000.0,224000,64000.0
ORD004948,2025-01-18,C0298,P005,R011,1,0.08,120000,84000,120000,9600.0,110400.0,84000,26400.0
ORD003049,2025-01-18,C0007,P014,R005,6,0.0,18000,10500,108000,0.0,108000.0,63000,45000.0
ORD005910,2025-01-18,C0138,P007,R006,1,0.15,180000,118000,180000,27000.0,153000.0,118000,35000.0
ORD007928,2025-01-18,C0039,P008,R005,8,0.02,110000,72000,880000,17600.0,862400.0,576000,286400.0
ORD004681,2025-01-18,C0285,P020,R011,5,0.08,22000,13000,110000,8800.0,101200.0,65000,36200.0
ORD003072,2025-01-19,C0059,P011,R010,6,0.05,85000,57000,510000,25500.0,484500.0,342000,142500.0
ORD005307,2025-01-19,C0097,P005,R008,8,0.0,120000,84000,960000,0.0,960000.0,672000,288000.0
ORD002094,2025-01-19,C0295,P007,R011,1,0.05,180000,118000,180000,9000.0,171000.0,118000,53000.0
ORD004200,2025-01-19,C0270,P008,R005,6,0.08,110000,72000,660000,52800.0,607200.0,432000,175200.0
ORD002835,2025-01-19,C0099,P004,R012,2,0.05,140000,98000,280000,14000.0,266000.0,196000,70000.0
ORD003709,2025-01-19,C0172,P017,R002,1,0.1,75000,50000,75000,7500.0,67500.0,50000,17500.0
ORD000588,2025-01-19,C0179,P018,R002,8,0.05,90000,62000,720000,36000.0,684000.0,496000,188000.0
ORD001668,2025-01-19,C0230,P014,R012,2,0.0,18000,10500,36000,0.0,36000.0,21000,15000.0
ORD004998,2025-01-19,C0017,P018,R012,2,0.08,90000,62000,180000,14400.0,165600.0,124000,41600.0
ORD001747,2025-01-19,C0211,P016,R011,1,0.08,55000,35000,55000,4400.0,50600.0,35000,15600.0
ORD007837,2025-01-19,C0004,P012,R002,10,0.1,125000,83000,1250000,125000.0,1125000.0,830000,295000.0
ORD006983,2025-01-19,C0187,P019,R011,1,0.08,45000,29000,45000,3600.0,41400.0,29000,12400.0
ORD000095,2025-01-19,C0211,P010,R008,1,0.0,320000,215000,320000,0.0,320000.0,215000,105000.0
ORD002595,2025-01-19,C0039,P015,R005,4,0.05,35000,21000,140000,7000.0,133000.0,84000,49000.0
ORD004957,2025-01-19,C0121,P002,R006,1,0.05,220000,155000,220000,11000.0,209000.0,155000,54000.0
ORD005251,2025-01-19,C0015,P020,R002,1,0.02,22000,13000,22000,440.0,21560.0,13000,8560.0
ORD002306,2025-01-19,C0186,P012,R002,3,0.0,125000,83000,375000,0.0,375000.0,249000,126000.0
ORD005340,2025-01-19,C0209,P019,R004,5,0.2,45000,29000,225000,45000.0,180000.0,145000,35000.0
ORD007674,2025-01-19,C0238,P010,R009,1,0.15,320000,215000,320000,48000.0,272000.0,215000,57000.0
ORD001244,2025-01-19,C0126,P017,R011,8,0.0,75000,50000,600000,0.0,600000.0,400000,200000.0
ORD003274,2025-01-19,C0023,P020,R007,5,0.05,22000,13000,110000,5500.0,104500.0,65000,39500.0
ORD004073,2025-01-20,C0192,P013,R002,4,0.15,30000,18500,120000,18000.0,102000.0,74000,28000.0
ORD002266,2025-01-20,C0210,P008,R005,10,0.05,110000,72000,1100000,55000.0,1045000.0,720000,325000.0
ORD001175,2025-01-20,C0114,P004,R009,2,0.05,140000,98000,280000,14000.0,266000.0,196000,70000.0
ORD001724,2025-01-20,C0137,P001,R001,2,0.05,350000,245000,700000,35000.0,665000.0,490000,175000.0
ORD001707,2025-01-20,C0142,P004,R003,6,0.1,140000,98000,840000,84000.0,756000.0,588000,168000.0
ORD002880,2025-01-20,C0134,P019,R001,1,0.0,45000,29000,45000,0.0,45000.0,29000,16000.0
ORD005023,2025-01-20,C0208,P017,R013,3,0.05,75000,50000,225000,11250.0,213750.0,150000,63750.0
ORD006970,2025-01-20,C0287,P006,R010,1,0.0,95000,62000,95000,0.0,95000.0,62000,33000.0
ORD001714,2025-01-20,C0185,P011,R003,2,0.1,85000,57000,170000,17000.0,153000.0,114000,39000.0
ORD006463,2025-01-20,C0018,P017,R012,2,0.02,75000,50000,150000,3000.0,147000.0,100000,47000.0
ORD006029,2025-01-20,C0181,P016,R006,5,0.02,55000,35000,275000,5500.0,269500.0,175000,94500.0
ORD000851,2025-01-20,C0047,P015,R001,3,0.08,35000,21000,105000,8400.0,96600.0,63000,33600.0
ORD006883,2025-01-20,C0194,P001,R009,4,0.15,350000,245000,1400000,210000.0,1190000.0,980000,210000.0
ORD007642,2025-01-20,C0011,P005,R001,1,0.1,120000,84000,120000,12000.0,108000.0,84000,24000.0
ORD007060,2025-01-20,C0270,P009,R003,5,0.15,130000,85000,650000,97500.0,552500.0,425000,127500.0
ORD006192,2025-01-21,C0015,P004,R009,1,0.05,140000,98000,140000,7000.0,133000.0,98000,35000.0
ORD000984,2025-01-21,C0033,P006,R003,2,0.2,95000,62000,190000,38000.0,152000.0,124000,28000.0
ORD005763,2025-01-21,C0027,P004,R008,5,0.1,140000,98000,700000,70000.0,630000.0,490000,140000.0
ORD004552,2025-01-21,C0201,P004,R003,8,0.05,140000,98000,1120000,56000.0,1064000.0,784000,280000.0
ORD003864,2025-01-21,C0144,P006,R003,1,0.0,95000,62000,95000,0.0,95000.0,62000,33000.0
ORD007627,2025-01-21,C0166,P015,R005,2,0.05,35000,21000,70000,3500.0,66500.0,42000,24500.0
ORD003002,2025-01-21,C0267,P003,R002,1,0.2,160000,112000,160000,32000.0,128000.0,112000,16000.0
ORD001123,2025-01-21,C0288,P006,R005,1,0.0,95000,62000,95000,0.0,95000.0,62000,33000.0
ORD005580,2025-01-21,C0196,P016,R004,2,0.0,55000,35000,110000,0.0,110000.0,70000,40000.0
ORD001817,2025-01-21,C0133,P010,R002,5,0.0,320000,215000,1600000,0.0,1600000.0,1075000,525000.0
ORD001281,2025-01-21,C0252,P016,R005,6,0.05,55000,35000,330000,16500.0,313500.0,210000,103500.0
ORD006116,2025-01-21,C0020,P020,R010,2,0.05,22000,13000,44000,2200.0,41800.0,26000,15800.0
ORD004440,2025-01-21,C0173,P012,R013,6,0.0,125000,83000,750000,0.0,750000.0,498000,252000.0
ORD001548,2025-01-21,C0180,P006,R008,3,0.05,95000,62000,285000,14250.0,270750.0,186000,84750.0
ORD004631,2025-01-22,C0269,P013,R011,2,0.05,30000,18500,60000,3000.0,57000.0,37000,20000.0
ORD003675,2025-01-22,C0266,P016,R003,4,0.05,55000,35000,220000,11000.0,209000.0,140000,69000.0
ORD006398,2025-01-22,C0228,P008,R001,3,0.15,110000,72000,330000,49500.0,280500.0,216000,64500.0
ORD000979,2025-01-22,C0060,P017,R013,2,0.02,75000,50000,150000,3000.0,147000.0,100000,47000.0
ORD001840,2025-01-22,C0154,P004,R003,2,0.05,140000,98000,280000,14000.0,266000.0,196000,70000.0
ORD002808,2025-01-22,C0094,P016,R012,1,0.0,55000,35000,55000,0.0,55000.0,35000,20000.0
ORD002873,2025-01-22,C0141,P003,R009,2,0.02,160000,112000,320000,6400.0,313600.0,224000,89600.0
ORD002730,2025-01-22,C0139,P002,R006,5,0.05,220000,155000,1100000,55000.0,1045000.0,775000,270000.0
ORD001076,2025-01-22,C0180,P009,R012,10,0.05,130000,85000,1300000,65000.0,1235000.0,850000,385000.0
ORD004228,2025-01-22,C0102,P004,R001,2,0.05,140000,98000,280000,14000.0,266000.0,196000,70000.0
ORD002295,2025-01-22,C0193,P006,R009,3,0.2,95000,62000,285000,57000.0,228000.0,186000,42000.0
ORD007892,2025-01-22,C0059,P014,R004,5,0.2,18000,10500,90000,18000.0,72000.0,52500,19500.0
ORD002383,2025-01-22,C0144,P002,R007,4,0.05,220000,155000,880000,44000.0,836000.0,620000,216000.0
ORD006310,2025-01-22,C0112,P017,R005,4,0.05,75000,50000,300000,15000.0,285000.0,200000,85000.0
ORD003992,2025-01-22,C0154,P014,R001,4,0.0,18000,10500,72000,0.0,72000.0,42000,30000.0
ORD006683,2025-01-22,C0148,P004,R003,4,0.0,140000,98000,560000,0.0,560000.0,392000,168000.0
ORD000950,2025-01-22,C0260,P016,R007,1,0.02,55000,35000,55000,1100.0,53900.0,35000,18900.0
ORD007840,2025-01-22,C0290,P019,R013,10,0.05,45000,29000,450000,22500.0,427500.0,290000,137500.0
ORD000513,2025-01-23,C0152,P006,R001,1,0.0,95000,62000,95000,0.0,95000.0,62000,33000.0
ORD007523,2025-01-23,C0041,P018,R001,1,0.02,90000,62000,90000,1800.0,88200.0,62000,26200.0
ORD000468,2025-01-23,C0255,P001,R002,3,0.1,350000,245000,1050000,105000.0,945000.0,735000,210000.0
ORD002164,2025-01-23,C0088,P004,R001,1,0.15,140000,98000,140000,21000.0,119000.0,98000,21000.0
ORD002417,2025-01-23,C0255,P016,R011,3,0.1,55000,35000,165000,16500.0,148500.0,105000,43500.0
ORD007500,2025-01-23,C0115,P010,R013,3,0.05,320000,215000,960000,48000.0,912000.0,645000,267000.0
ORD006940,2025-01-23,C0089,P002,R008,8,0.15,220000,155000,1760000,264000.0,1496000.0,1240000,256000.0
ORD000041,2025-01-23,C0244,P009,R012,4,0.0,130000,85000,520000,0.0,520000.0,340000,180000.0
ORD007314,2025-01-23,C0078,P004,R002,6,0.02,140000,98000,840000,16800.0,823200.0,588000,235200.0
ORD006430,2025-01-23,C0059,P002,R001,4,0.0,220000,155000,880000,0.0,880000.0,620000,260000.0
ORD000243,2025-01-23,C0221,P016,R012,4,0.05,55000,35000,220000,11000.0,209000.0,140000,69000.0
ORD007741,2025-01-23,C0133,P017,R001,4,0.08,75000,50000,300000,24000.0,276000.0,200000,76000.0
ORD002370,2025-01-23,C0282,P011,R012,4,0.08,85000,57000,340000,27200.0,312800.0,228000,84800.0
ORD006517,2025-01-23,C0077,P019,R004,4,0.15,45000,29000,180000,27000.0,153000.0,116000,37000.0
ORD006675,2025-01-23,C0156,P010,R007,2,0.1,320000,215000,640000,64000.0,576000.0,430000,146000.0
ORD001669,2025-01-23,C0067,P001,R006,3,0.02,350000,245000,1050000,21000.0,1029000.0,735000,294000.0
ORD007098,2025-01-23,C0150,P012,R010,4,0.0,125000,83000,500000,0.0,500000.0,332000,168000.0
ORD004594,2025-01-24,C0071,P012,R011,3,0.05,125000,83000,375000,18750.0,356250.0,249000,107250.0
ORD001103,2025-01-24,C0155,P004,R008,2,0.02,140000,98000,280000,5600.0,274400.0,196000,78400.0
ORD006142,2025-01-24,C0269,P009,R009,4,0.08,130000,85000,520000,41600.0,478400.0,340000,138400.0
ORD007855,2025-01-24,C0226,P006,R007,3,0.2,95000,62000,285000,57000.0,228000.0,186000,42000.0
ORD006742,2025-01-24,C0021,P015,R004,2,0.0,35000,21000,70000,0.0,70000.0,42000,28000.0
ORD005963,2025-01-24,C0177,P019,R009,4,0.05,45000,29000,180000,9000.0,171000.0,116000,55000.0
ORD006236,2025-01-24,C0172,P016,R005,2,0.02,55000,35000,110000,2200.0,107800.0,70000,37800.0
ORD007923,2025-01-24,C0141,P004,R007,2,0.0,140000,98000,280000,0.0,280000.0,196000,84000.0
ORD001467,2025-01-25,C0205,P007,R003,4,0.05,180000,118000,720000,36000.0,684000.0,472000,212000.0
ORD007379,2025-01-25,C0019,P001,R009,4,0.0,350000,245000,1400000,0.0,1400000.0,980000,420000.0
ORD003631,2025-01-25,C0122,P019,R013,2,0.02,45000,29000,90000,1800.0,88200.0,58000,30200.0
ORD000110,2025-01-25,C0197,P008,R011,2,0.15,110000,72000,220000,33000.0,187000.0,144000,43000.0
ORD000372,2025-01-25,C0263,P004,R007,5,0.05,140000,98000,700000,35000.0,665000.0,490000,175000.0
ORD002908,2025-01-25,C0120,P016,R013,6,0.0,55000,35000,330000,0.0,330000.0,210000,120000.0
ORD007948,2025-01-25,C0272,P001,R007,2,0.1,350000,245000,700000,70000.0,630000.0,490000,140000.0
ORD002315,2025-01-25,C0185,P003,R003,3,0.0,160000,112000,480000,0.0,480000.0,336000,144000.0
ORD000724,2025-01-25,C0095,P009,R005,10,0.0,130000,85000,1300000,0.0,1300000.0,850000,450000.0
ORD005302,2025-01-25,C0063,P007,R003,1,0.05,180000,118000,180000,9000.0,171000.0,118000,53000.0
ORD006145,2025-01-25,C0142,P005,R011,5,0.0,120000,84000,600000,0.0,600000.0,420000,180000.0
ORD002540,2025-01-25,C0200,P011,R003,5,0.0,85000,57000,425000,0.0,425000.0,285000,140000.0
ORD007705,2025-01-25,C0204,P013,R010,1,0.2,30000,18500,30000,6000.0,24000.0,18500,5500.0
ORD004234,2025-01-25,C0238,P007,R001,1,0.15,180000,118000,180000,27000.0,153000.0,118000,35000.0
ORD000558,2025-01-25,C0071,P015,R012,4,0.0,35000,21000,140000,0.0,140000.0,84000,56000.0
ORD005054,2025-01-25,C0177,P003,R013,6,0.08,160000,112000,960000,76800.0,883200.0,672000,211200.0
ORD003804,2025-01-25,C0065,P007,R013,5,0.15,180000,118000,900000,135000.0,765000.0,590000,175000.0
ORD004429,2025-01-25,C0191,P012,R001,2,0.1,125000,83000,250000,25000.0,225000.0,166000,59000.0
ORD004301,2025-01-25,C0024,P012,R001,3,0.0,125000,83000,375000,0.0,375000.0,249000,126000.0
ORD003809,2025-01-25,C0006,P010,R012,3,0.08,320000,215000,960000,76800.0,883200.0,645000,238200.0
ORD003108,2025-01-25,C0012,P014,R009,1,0.02,18000,10500,18000,360.0,17640.0,10500,7140.0
ORD005892,2025-01-26,C0207,P009,R009,3,0.02,130000,85000,390000,7800.0,382200.0,255000,127200.0
ORD001325,2025-01-26,C0079,P015,R012,3,0.08,35000,21000,105000,8400.0,96600.0,63000,33600.0
ORD006131,2025-01-26,C0129,P008,R011,2,0.15,110000,72000,220000,33000.0,187000.0,144000,43000.0
ORD005130,2025-01-26,C0227,P015,R001,5,0.02,35000,21000,175000,3500.0,171500.0,105000,66500.0
ORD000415,2025-01-26,C0054,P004,R011,4,0.0,140000,98000,560000,0.0,560000.0,392000,168000.0
ORD002539,2025-01-26,C0187,P016,R013,2,0.1,55000,35000,110000,11000.0,99000.0,70000,29000.0
ORD006035,2025-01-26,C0277,P015,R005,3,0.02,35000,21000,105000,2100.0,102900.0,63000,39900.0
ORD003696,2025-01-26,C0135,P018,R008,2,0.05,90000,62000,180000,9000.0,171000.0,124000,47000.0
ORD001864,2025-01-26,C0132,P009,R010,2,0.15,130000,85000,260000,39000.0,221000.0,170000,51000.0
ORD005867,2025-01-26,C0076,P014,R013,8,0.05,18000,10500,144000,7200.0,136800.0,84000,52800.0
ORD005618,2025-01-26,C0245,P014,R008,10,0.0,18000,10500,180000,0.0,180000.0,105000,75000.0
ORD006765,2025-01-26,C0093,P019,R003,3,0.0,45000,29000,135000,0.0,135000.0,87000,48000.0
ORD000337,2025-01-26,C0235,P002,R002,1,0.15,220000,155000,220000,33000.0,187000.0,155000,32000.0
ORD004069,2025-01-26,C0009,P020,R005,8,0.05,22000,13000,176000,8800.0,167200.0,104000,63200.0
ORD002042,2025-01-26,C0107,P016,R002,3,0.1,55000,35000,165000,16500.0,148500.0,105000,43500.0
ORD003867,2025-01-27,C0246,P006,R007,2,0.02,95000,62000,190000,3800.0,186200.0,124000,62200.0
ORD005893,2025-01-27,C0021,P008,R008,1,0.05,110000,72000,110000,5500.0,104500.0,72000,32500.0
ORD004784,2025-01-27,C0287,P019,R006,3,0.05,45000,29000,135000,6750.0,128250.0,87000,41250.0
ORD000681,2025-01-27,C0008,P007,R002,1,0.2,180000,118000,180000,36000.0,144000.0,118000,26000.0
ORD001003,2025-01-27,C0256,P008,R005,6,0.05,110000,72000,660000,33000.0,627000.0,432000,195000.0
ORD005380,2025-01-27,C0274,P014,R013,6,0.05,18000,10500,108000,5400.0,102600.0,63000,39600.0
ORD004600,2025-01-27,C0196,P017,R007,2,0.08,75000,50000,150000,12000.0,138000.0,100000,38000.0
ORD007831,2025-01-27,C0101,P014,R013,10,0.05,18000,10500,180000,9000.0,171000.0,105000,66000.0
ORD002357,2025-01-27,C0141,P008,R009,1,0.08,110000,72000,110000,8800.0,101200.0,72000,29200.0
ORD003239,2025-01-27,C0028,P018,R012,3,0.05,90000,62000,270000,13500.0,256500.0,186000,70500.0
ORD001142,2025-01-28,C0019,P019,R003,4,0.1,45000,29000,180000,18000.0,162000.0,116000,46000.0
ORD007188,2025-01-28,C0195,P014,R011,5,0.2,18000,10500,90000,18000.0,72000.0,52500,19500.0
ORD005738,2025-01-28,C0234,P012,R004,1,0.08,125000,83000,125000,10000.0,115000.0,83000,32000.0
ORD004402,2025-01-28,C0216,P004,R003,4,0.1,140000,98000,560000,56000.0,504000.0,392000,112000.0
ORD000345,2025-01-28,C0122,P004,R002,2,0.02,140000,98000,280000,5600.0,274400.0,196000,78400.0
ORD003558,2025-01-28,C0188,P014,R008,1,0.15,18000,10500,18000,2700.0,15300.0,10500,4800.0
ORD007519,2025-01-28,C0297,P006,R013,3,0.1,95000,62000,285000,28500.0,256500.0,186000,70500.0
ORD005192,2025-01-28,C0005,P011,R010,2,0.08,85000,57000,170000,13600.0,156400.0,114000,42400.0
ORD002452,2025-01-28,C0114,P012,R013,1,0.0,125000,83000,125000,0.0,125000.0,83000,42000.0
ORD001831,2025-01-28,C0252,P011,R005,6,0.05,85000,57000,510000,25500.0,484500.0,342000,142500.0
ORD000361,2025-01-28,C0018,P001,R012,4,0.05,350000,245000,1400000,70000.0,1330000.0,980000,350000.0
ORD006840,2025-01-28,C0225,P019,R013,2,0.15,45000,29000,90000,13500.0,76500.0,58000,18500.0
ORD005573,2025-01-29,C0281,P001,R009,4,0.1,350000,245000,1400000,140000.0,1260000.0,980000,280000.0
ORD000137,2025-01-29,C0154,P010,R009,2,0.15,320000,215000,640000,96000.0,544000.0,430000,114000.0
ORD003326,2025-01-29,C0281,P002,R008,3,0.05,220000,155000,660000,33000.0,627000.0,465000,162000.0
ORD005838,2025-01-29,C0092,P009,R009,1,0.1,130000,85000,130000,13000.0,117000.0,85000,32000.0
ORD005970,2025-01-29,C0096,P010,R013,3,0.15,320000,215000,960000,144000.0,816000.0,645000,171000.0
ORD000802,2025-01-29,C0220,P015,R008,1,0.05,35000,21000,35000,1750.0,33250.0,21000,12250.0
ORD000692,2025-01-29,C0175,P013,R003,1,0.0,30000,18500,30000,0.0,30000.0,18500,11500.0
ORD000668,2025-01-29,C0082,P009,R009,2,0.02,130000,85000,260000,5200.0,254800.0,170000,84800.0
ORD004258,2025-01-29,C0214,P011,R013,3,0.02,85000,57000,255000,5100.0,249900.0,171000,78900.0
ORD000961,2025-01-29,C0090,P006,R002,1,0.15,95000,62000,95000,14250.0,80750.0,62000,18750.0
ORD001558,2025-01-29,C0074,P019,R012,4,0.1,45000,29000,180000,18000.0,162000.0,116000,46000.0
ORD005956,2025-01-29,C0021,P018,R005,2,0.15,90000,62000,180000,27000.0,153000.0,124000,29000.0
ORD005802,2025-01-29,C0172,P009,R004,2,0.05,130000,85000,260000,13000.0,247000.0,170000,77000.0
ORD000529,2025-01-29,C0219,P011,R007,2,0.0,85000,57000,170000,0.0,170000.0,114000,56000.0
ORD006589,2025-01-29,C0229,P008,R002,5,0.05,110000,72000,550000,27500.0,522500.0,360000,162500.0
ORD007733,2025-01-29,C0082,P001,R005,3,0.0,350000,245000,1050000,0.0,1050000.0,735000,315000.0
ORD004047,2025-01-29,C0206,P020,R008,1,0.15,22000,13000,22000,3300.0,18700.0,13000,5700.0
ORD002850,2025-01-29,C0013,P008,R006,1,0.0,110000,72000,110000,0.0,110000.0,72000,38000.0
ORD002155,2025-01-30,C0300,P018,R010,3,0.08,90000,62000,270000,21600.0,248400.0,186000,62400.0
ORD003657,2025-01-30,C0295,P012,R006,3,0.15,125000,83000,375000,56250.0,318750.0,249000,69750.0
ORD001671,2025-01-30,C0159,P017,R013,2,0.05,75000,50000,150000,7500.0,142500.0,100000,42500.0
ORD007233,2025-01-30,C0113,P012,R013,4,0.02,125000,83000,500000,10000.0,490000.0,332000,158000.0
ORD005275,2025-01-30,C0199,P004,R012,3,0.05,140000,98000,420000,21000.0,399000.0,294000,105000.0
ORD003874,2025-01-30,C0055,P017,R004,2,0.05,75000,50000,150000,7500.0,142500.0,100000,42500.0
ORD002384,2025-01-30,C0084,P014,R005,4,0.05,18000,10500,72000,3600.0,68400.0,42000,26400.0
ORD003943,2025-01-30,C0038,P015,R008,10,0.05,35000,21000,350000,17500.0,332500.0,210000,122500.0
ORD003798,2025-01-30,C0021,P015,R013,3,0.05,35000,21000,105000,5250.0,99750.0,63000,36750.0
ORD002367,2025-01-31,C0272,P009,R009,1,0.08,130000,85000,130000,10400.0,119600.0,85000,34600.0
ORD007665,2025-01-31,C0258,P016,R012,2,0.1,55000,35000,110000,11000.0,99000.0,70000,29000.0
ORD007203,2025-01-31,C0127,P008,R012,5,0.0,110000,72000,550000,0.0,550000.0,360000,190000.0
ORD006017,2025-01-31,C0208,P003,R007,2,0.05,160000,112000,320000,16000.0,304000.0,224000,80000.0
ORD006975,2025-01-31,C0179,P017,R009,4,0.05,75000,50000,300000,15000.0,285000.0,200000,85000.0
ORD007574,2025-01-31,C0222,P006,R010,4,0.08,95000,62000,380000,30400.0,349600.0,248000,101600.0
ORD003388,2025-01-31,C0249,P002,R006,2,0.1,220000,155000,440000,44000.0,396000.0,310000,86000.0
ORD007935,2025-01-31,C0245,P009,R005,8,0.0,130000,85000,1040000,0.0,1040000.0,680000,360000.0
ORD002441,2025-01-31,C0092,P020,R010,2,0.15,22000,13000,44000,6600.0,37400.0,26000,11400.0
ORD005647,2025-01-31,C0275,P018,R005,3,0.02,90000,62000,270000,5400.0,264600.0,186000,78600.0
ORD004175,2025-01-31,C0113,P020,R006,3,0.0,22000,13000,66000,0.0,66000.0,39000,27000.0
ORD006434,2025-01-31,C0254,P003,R011,6,0.05,160000,112000,960000,48000.0,912000.0,672000,240000.0
ORD002189,2025-01-31,C0245,P007,R013,3,0.15,180000,118000,540000,81000.0,459000.0,354000,105000.0
ORD005853,2025-01-31,C0136,P007,R006,2,0.02,180000,118000,360000,7200.0,352800.0,236000,116800.0
ORD000910,2025-01-31,C0162,P016,R006,2,0.0,55000,35000,110000,0.0,110000.0,70000,40000.0
ORD004815,2025-02-01,C0264,P017,R008,4,0.08,75000,50000,300000,24000.0,276000.0,200000,76000.0
ORD005833,2025-02-01,C0268,P015,R004,6,0.05,35000,21000,210000,10500.0,199500.0,126000,73500.0
ORD001851,2025-02-01,C0091,P012,R011,8,0.08,125000,83000,1000000,80000.0,920000.0,664000,256000.0
ORD003422,2025-02-01,C0122,P017,R012,1,0.0,75000,50000,75000,0.0,75000.0,50000,25000.0
ORD002735,2025-02-01,C0072,P017,R012,2,0.05,75000,50000,150000,7500.0,142500.0,100000,42500.0
ORD000580,2025-02-01,C0222,P017,R013,3,0.05,75000,50000,225000,11250.0,213750.0,150000,63750.0
ORD007434,2025-02-01,C0017,P011,R004,4,0.1,85000,57000,340000,34000.0,306000.0,228000,78000.0
ORD004798,2025-02-01,C0053,P018,R004,2,0.05,90000,62000,180000,9000.0,171000.0,124000,47000.0
ORD005794,2025-02-01,C0006,P001,R009,5,0.08,350000,245000,1750000,140000.0,1610000.0,1225000,385000.0
ORD007061,2025-02-02,C0154,P014,R008,2,0.0,18000,10500,36000,0.0,36000.0,21000,15000.0
ORD002496,2025-02-02,C0057,P007,R012,2,0.0,180000,118000,360000,0.0,360000.0,236000,124000.0
ORD002831,2025-02-02,C0134,P002,R013,2,0.02,220000,155000,440000,8800.0,431200.0,310000,121200.0
ORD007726,2025-02-02,C0198,P010,R001,4,0.1,320000,215000,1280000,128000.0,1152000.0,860000,292000.0
ORD000962,2025-02-02,C0067,P007,R012,1,0.02,180000,118000,180000,3600.0,176400.0,118000,58400.0
ORD007694,2025-02-02,C0061,P004,R012,1,0.05,140000,98000,140000,7000.0,133000.0,98000,35000.0
ORD007912,2025-02-02,C0031,P015,R009,1,0.0,35000,21000,35000,0.0,35000.0,21000,14000.0
ORD004204,2025-02-02,C0167,P009,R009,3,0.05,130000,85000,390000,19500.0,370500.0,255000,115500.0
ORD003877,2025-02-03,C0108,P012,R003,1,0.08,125000,83000,125000,10000.0,115000.0,83000,32000.0
ORD000676,2025-02-03,C0015,P006,R008,2,0.0,95000,62000,190000,0.0,190000.0,124000,66000.0
ORD006513,2025-02-03,C0015,P018,R010,1,0.05,90000,62000,90000,4500.0,85500.0,62000,23500.0
ORD000382,2025-02-03,C0268,P019,R012,10,0.08,45000,29000,450000,36000.0,414000.0,290000,124000.0
ORD000255,2025-02-03,C0115,P002,R009,5,0.0,220000,155000,1100000,0.0,1100000.0,775000,325000.0
ORD005940,2025-02-03,C0220,P017,R009,2,0.02,75000,50000,150000,3000.0,147000.0,100000,47000.0
ORD002210,2025-02-04,C0140,P011,R001,8,0.0,85000,57000,680000,0.0,680000.0,456000,224000.0
ORD004419,2025-02-04,C0248,P001,R004,3,0.0,350000,245000,1050000,0.0,1050000.0,735000,315000.0
ORD001179,2025-02-04,C0239,P003,R006,4,0.0,160000,112000,640000,0.0,640000.0,448000,192000.0
ORD002020,2025-02-04,C0237,P004,R013,3,0.05,140000,98000,420000,21000.0,399000.0,294000,105000.0
ORD000068,2025-02-04,C0173,P017,R008,2,0.0,75000,50000,150000,0.0,150000.0,100000,50000.0
ORD002029,2025-02-04,C0295,P019,R012,6,0.15,45000,29000,270000,40500.0,229500.0,174000,55500.0
ORD004563,2025-02-04,C0051,P020,R008,1,0.08,22000,13000,22000,1760.0,20240.0,13000,7240.0
ORD004259,2025-02-04,C0032,P004,R006,1,0.1,140000,98000,140000,14000.0,126000.0,98000,28000.0
ORD006568,2025-02-04,C0280,P002,R007,1,0.15,220000,155000,220000,33000.0,187000.0,155000,32000.0
ORD001096,2025-02-04,C0133,P005,R004,8,0.15,120000,84000,960000,144000.0,816000.0,672000,144000.0
ORD004338,2025-02-04,C0299,P012,R010,3,0.05,125000,83000,375000,18750.0,356250.0,249000,107250.0
ORD005745,2025-02-05,C0151,P005,R011,2,0.1,120000,84000,240000,24000.0,216000.0,168000,48000.0
ORD003378,2025-02-05,C0192,P005,R013,4,0.15,120000,84000,480000,72000.0,408000.0,336000,72000.0
ORD003990,2025-02-05,C0189,P008,R008,1,0.02,110000,72000,110000,2200.0,107800.0,72000,35800.0
ORD001365,2025-02-05,C0246,P011,R013,4,0.1,85000,57000,340000,34000.0,306000.0,228000,78000.0
ORD001314,2025-02-05,C0096,P003,R003,1,0.0,160000,112000,160000,0.0,160000.0,112000,48000.0
ORD007664,2025-02-06,C0062,P020,R002,5,0.05,22000,13000,110000,5500.0,104500.0,65000,39500.0
ORD005241,2025-02-06,C0288,P014,R007,8,0.15,18000,10500,144000,21600.0,122400.0,84000,38400.0
ORD000940,2025-02-06,C0074,P016,R006,3,0.02,55000,35000,165000,3300.0,161700.0,105000,56700.0
ORD006149,2025-02-06,C0099,P012,R011,5,0.05,125000,83000,625000,31250.0,593750.0,415000,178750.0
ORD006809,2025-02-06,C0154,P002,R010,3,0.1,220000,155000,660000,66000.0,594000.0,465000,129000.0
ORD004355,2025-02-06,C0052,P008,R005,1,0.05,110000,72000,110000,5500.0,104500.0,72000,32500.0
ORD000086,2025-02-06,C0024,P016,R007,2,0.02,55000,35000,110000,2200.0,107800.0,70000,37800.0
ORD000882,2025-02-06,C0291,P009,R013,2,0.02,130000,85000,260000,5200.0,254800.0,170000,84800.0
ORD000877,2025-02-07,C0234,P018,R007,1,0.1,90000,62000,90000,9000.0,81000.0,62000,19000.0
ORD001721,2025-02-07,C0132,P018,R001,2,0.15,90000,62000,180000,27000.0,153000.0,124000,29000.0
ORD003430,2025-02-07,C0011,P018,R007,10,0.0,90000,62000,900000,0.0,900000.0,620000,280000.0
ORD003000,2025-02-07,C0173,P007,R009,4,0.0,180000,118000,720000,0.0,720000.0,472000,248000.0
ORD005388,2025-02-07,C0182,P004,R008,3,0.05,140000,98000,420000,21000.0,399000.0,294000,105000.0
ORD006032,2025-02-07,C0286,P008,R005,5,0.05,110000,72000,550000,27500.0,522500.0,360000,162500.0
ORD007714,2025-02-07,C0235,P006,R007,2,0.0,95000,62000,190000,0.0,190000.0,124000,66000.0
ORD002712,2025-02-07,C0242,P012,R009,3,0.0,125000,83000,375000,0.0,375000.0,249000,126000.0
ORD007378,2025-02-07,C0234,P019,R001,3,0.05,45000,29000,135000,6750.0,128250.0,87000,41250.0
ORD006353,2025-02-07,C0079,P006,R013,4,0.05,95000,62000,380000,19000.0,361000.0,248000,113000.0
ORD001195,2025-02-08,C0056,P012,R005,6,0.0,125000,83000,750000,0.0,750000.0,498000,252000.0
ORD000474,2025-02-08,C0088,P010,R008,2,0.1,320000,215000,640000,64000.0,576000.0,430000,146000.0
ORD007734,2025-02-08,C0098,P015,R006,5,0.15,35000,21000,175000,26250.0,148750.0,105000,43750.0
ORD000725,2025-02-08,C0246,P010,R011,1,0.08,320000,215000,320000,25600.0,294400.0,215000,79400.0
ORD003373,2025-02-08,C0053,P006,R013,2,0.0,95000,62000,190000,0.0,190000.0,124000,66000.0
ORD002614,2025-02-08,C0163,P013,R013,2,0.0,30000,18500,60000,0.0,60000.0,37000,23000.0
ORD000781,2025-02-08,C0277,P017,R011,3,0.08,75000,50000,225000,18000.0,207000.0,150000,57000.0
ORD000973,2025-02-08,C0091,P012,R005,1,0.0,125000,83000,125000,0.0,125000.0,83000,42000.0
ORD000115,2025-02-08,C0269,P013,R007,5,0.15,30000,18500,150000,22500.0,127500.0,92500,35000.0
ORD003970,2025-02-08,C0030,P009,R003,4,0.1,130000,85000,520000,52000.0,468000.0,340000,128000.0
ORD001308,2025-02-08,C0011,P011,R006,2,0.0,85000,57000,170000,0.0,170000.0,114000,56000.0
ORD004180,2025-02-08,C0219,P001,R013,3,0.02,350000,245000,1050000,21000.0,1029000.0,735000,294000.0
ORD001638,2025-02-08,C0050,P006,R006,10,0.0,95000,62000,950000,0.0,950000.0,620000,330000.0
ORD005727,2025-02-08,C0145,P003,R012,2,0.02,160000,112000,320000,6400.0,313600.0,224000,89600.0
ORD003030,2025-02-08,C0167,P018,R002,8,0.05,90000,62000,720000,36000.0,684000.0,496000,188000.0
ORD005045,2025-02-08,C0129,P019,R009,1,0.1,45000,29000,45000,4500.0,40500.0,29000,11500.0
ORD005765,2025-02-08,C0097,P002,R012,5,0.0,220000,155000,1100000,0.0,1100000.0,775000,325000.0
ORD000801,2025-02-08,C0255,P016,R005,4,0.0,55000,35000,220000,0.0,220000.0,140000,80000.0
ORD000362,2025-02-08,C0165,P006,R010,1,0.05,95000,62000,95000,4750.0,90250.0,62000,28250.0
ORD000158,2025-02-08,C0202,P017,R010,4,0.08,75000,50000,300000,24000.0,276000.0,200000,76000.0
ORD007600,2025-02-08,C0018,P010,R003,3,0.15,320000,215000,960000,144000.0,816000.0,645000,171000.0
ORD005570,2025-02-08,C0293,P018,R002,1,0.02,90000,62000,90000,1800.0,88200.0,62000,26200.0
ORD006297,2025-02-08,C0145,P012,R008,4,0.05,125000,83000,500000,25000.0,475000.0,332000,143000.0
ORD002942,2025-02-08,C0015,P002,R003,2,0.02,220000,155000,440000,8800.0,431200.0,310000,121200.0
ORD006506,2025-02-08,C0066,P018,R007,1,0.0,90000,62000,90000,0.0,90000.0,62000,28000.0
ORD001895,2025-02-09,C0220,P001,R013,2,0.05,350000,245000,700000,35000.0,665000.0,490000,175000.0
ORD002688,2025-02-09,C0243,P012,R008,4,0.05,125000,83000,500000,25000.0,475000.0,332000,143000.0
ORD003424,2025-02-09,C0103,P017,R005,6,0.0,75000,50000,450000,0.0,450000.0,300000,150000.0
ORD005124,2025-02-09,C0182,P012,R005,5,0.0,125000,83000,625000,0.0,625000.0,415000,210000.0
ORD000885,2025-02-09,C0195,P003,R002,8,0.08,160000,112000,1280000,102400.0,1177600.0,896000,281600.0
ORD005502,2025-02-09,C0179,P004,R007,6,0.1,140000,98000,840000,84000.0,756000.0,588000,168000.0
ORD000893,2025-02-09,C0132,P007,R012,6,0.1,180000,118000,1080000,108000.0,972000.0,708000,264000.0
ORD000871,2025-02-09,C0096,P016,R008,2,0.05,55000,35000,110000,5500.0,104500.0,70000,34500.0
ORD000402,2025-02-09,C0093,P020,R008,5,0.15,22000,13000,110000,16500.0,93500.0,65000,28500.0
ORD007902,2025-02-09,C0232,P012,R005,3,0.02,125000,83000,375000,7500.0,367500.0,249000,118500.0
ORD003142,2025-02-09,C0186,P020,R002,5,0.05,22000,13000,110000,5500.0,104500.0,65000,39500.0
ORD003189,2025-02-09,C0050,P006,R010,2,0.15,95000,62000,190000,28500.0,161500.0,124000,37500.0
ORD000892,2025-02-09,C0101,P001,R013,1,0.1,350000,245000,350000,35000.0,315000.0,245000,70000.0
ORD002938,2025-02-10,C0214,P004,R001,2,0.08,140000,98000,280000,22400.0,257600.0,196000,61600.0
ORD000675,2025-02-10,C0056,P002,R002,4,0.08,220000,155000,880000,70400.0,809600.0,620000,189600.0
ORD002118,2025-02-10,C0276,P002,R001,3,0.1,220000,155000,660000,66000.0,594000.0,465000,129000.0
ORD007990,2025-02-10,C0275,P003,R007,1,0.0,160000,112000,160000,0.0,160000.0,112000,48000.0
ORD007760,2025-02-10,C0107,P013,R009,8,0.1,30000,18500,240000,24000.0,216000.0,148000,68000.0
ORD002010,2025-02-10,C0027,P004,R001,2,0.1,140000,98000,280000,28000.0,252000.0,196000,56000.0
ORD002655,2025-02-10,C0178,P009,R005,2,0.08,130000,85000,260000,20800.0,239200.0,170000,69200.0
ORD002087,2025-02-10,C0010,P012,R004,2,0.05,125000,83000,250000,12500.0,237500.0,166000,71500.0
ORD001941,2025-02-10,C0180,P017,R013,1,0.0,75000,50000,75000,0.0,75000.0,50000,25000.0
ORD006293,2025-02-10,C0009,P015,R007,3,0.05,35000,21000,105000,5250.0,99750.0,63000,36750.0
ORD007096,2025-02-10,C0159,P016,R013,1,0.05,55000,35000,55000,2750.0,52250.0,35000,17250.0
ORD004839,2025-02-10,C0239,P020,R005,4,0.05,22000,13000,88000,4400.0,83600.0,52000,31600.0
ORD002162,2025-02-10,C0197,P001,R002,2,0.05,350000,245000,700000,35000.0,665000.0,490000,175000.0
ORD007550,2025-02-10,C0299,P008,R002,3,0.05,110000,72000,330000,16500.0,313500.0,216000,97500.0
ORD000211,2025-02-10,C0049,P012,R003,2,0.08,125000,83000,250000,20000.0,230000.0,166000,64000.0
ORD006244,2025-02-11,C0131,P019,R005,6,0.05,45000,29000,270000,13500.0,256500.0,174000,82500.0
ORD006756,2025-02-11,C0265,P008,R001,2,0.1,110000,72000,220000,22000.0,198000.0,144000,54000.0
ORD000117,2025-02-11,C0163,P017,R002,3,0.05,75000,50000,225000,11250.0,213750.0,150000,63750.0
ORD005160,2025-02-11,C0110,P015,R011,3,0.05,35000,21000,105000,5250.0,99750.0,63000,36750.0
ORD005334,2025-02-11,C0242,P007,R010,1,0.0,180000,118000,180000,0.0,180000.0,118000,62000.0
ORD005261,2025-02-11,C0039,P005,R004,5,0.0,120000,84000,600000,0.0,600000.0,420000,180000.0
ORD000673,2025-02-11,C0055,P013,R006,5,0.05,30000,18500,150000,7500.0,142500.0,92500,50000.0
ORD006817,2025-02-11,C0050,P001,R007,6,0.15,350000,245000,2100000,315000.0,1785000.0,1470000,315000.0
ORD005083,2025-02-11,C0073,P010,R002,4,0.08,320000,215000,1280000,102400.0,1177600.0,860000,317600.0
ORD007615,2025-02-11,C0234,P020,R012,3,0.0,22000,13000,66000,0.0,66000.0,39000,27000.0
ORD004079,2025-02-11,C0103,P007,R004,5,0.15,180000,118000,900000,135000.0,765000.0,590000,175000.0
ORD000723,2025-02-11,C0259,P004,R003,2,0.05,140000,98000,280000,14000.0,266000.0,196000,70000.0
ORD004433,2025-02-11,C0074,P001,R002,8,0.02,350000,245000,2800000,56000.0,2744000.0,1960000,784000.0
ORD001440,2025-02-11,C0070,P010,R007,8,0.15,320000,215000,2560000,384000.0,2176000.0,1720000,456000.0
ORD003532,2025-02-11,C0066,P003,R010,1,0.02,160000,112000,160000,3200.0,156800.0,112000,44800.0
ORD000461,2025-02-11,C0139,P018,R010,4,0.0,90000,62000,360000,0.0,360000.0,248000,112000.0
ORD005674,2025-02-11,C0204,P017,R004,3,0.1,75000,50000,225000,22500.0,202500.0,150000,52500.0
ORD000301,2025-02-12,C0123,P016,R008,1,0.05,55000,35000,55000,2750.0,52250.0,35000,17250.0
ORD004019,2025-02-12,C0136,P014,R013,2,0.05,18000,10500,36000,1800.0,34200.0,21000,13200.0
ORD006721,2025-02-12,C0294,P006,R009,2,0.02,95000,62000,190000,3800.0,186200.0,124000,62200.0
ORD004800,2025-02-12,C0114,P004,R008,2,0.05,140000,98000,280000,14000.0,266000.0,196000,70000.0
ORD002784,2025-02-12,C0013,P002,R006,3,0.0,220000,155000,660000,0.0,660000.0,465000,195000.0
ORD001576,2025-02-12,C0190,P020,R010,5,0.05,22000,13000,110000,5500.0,104500.0,65000,39500.0
ORD004066,2025-02-12,C0195,P002,R008,1,0.05,220000,155000,220000,11000.0,209000.0,155000,54000.0
ORD005592,2025-02-12,C0089,P018,R012,1,0.0,90000,62000,90000,0.0,90000.0,62000,28000.0
ORD007032,2025-02-12,C0187,P006,R012,3,0.0,95000,62000,285000,0.0,285000.0,186000,99000.0
ORD001275,2025-02-12,C0068,P016,R012,4,0.05,55000,35000,220000,11000.0,209000.0,140000,69000.0
ORD003310,2025-02-12,C0178,P006,R008,10,0.05,95000,62000,950000,47500.0,902500.0,620000,282500.0
ORD000061,2025-02-12,C0280,P015,R001,1,0.0,35000,21000,35000,0.0,35000.0,21000,14000.0
ORD002936,2025-02-12,C0291,P006,R009,2,0.1,95000,62000,190000,19000.0,171000.0,124000,47000.0
ORD001832,2025-02-12,C0112,P002,R008,3,0.02,220000,155000,660000,13200.0,646800.0,465000,181800.0
ORD006894,2025-02-12,C0107,P003,R005,4,0.02,160000,112000,640000,12800.0,627200.0,448000,179200.0
ORD001481,2025-02-12,C0154,P012,R008,2,0.05,125000,83000,250000,12500.0,237500.0,166000,71500.0
ORD004199,2025-02-13,C0028,P001,R001,5,0.02,350000,245000,1750000,35000.0,1715000.0,1225000,490000.0
ORD007929,2025-02-13,C0023,P019,R005,2,0.05,45000,29000,90000,4500.0,85500.0,58000,27500.0
ORD003716,2025-02-13,C0120,P016,R001,8,0.1,55000,35000,440000,44000.0,396000.0,280000,116000.0
ORD005232,2025-02-13,C0097,P001,R002,5,0.0,350000,245000,1750000,0.0,1750000.0,1225000,525000.0
ORD000736,2025-02-13,C0170,P001,R006,8,0.02,350000,245000,2800000,56000.0,2744000.0,1960000,784000.0
ORD004783,2025-02-13,C0138,P004,R006,2,0.05,140000,98000,280000,14000.0,266000.0,196000,70000.0
ORD001868,2025-02-13,C0115,P004,R010,5,0.1,140000,98000,700000,70000.0,630000.0,490000,140000.0
ORD003171,2025-02-13,C0293,P005,R006,2,0.05,120000,84000,240000,12000.0,228000.0,168000,60000.0
ORD003520,2025-02-13,C0109,P002,R009,5,0.05,220000,155000,1100000,55000.0,1045000.0,775000,270000.0
ORD002618,2025-02-13,C0046,P018,R001,2,0.08,90000,62000,180000,14400.0,165600.0,124000,41600.0
ORD006522,2025-02-13,C0073,P007,R012,4,0.02,180000,118000,720000,14400.0,705600.0,472000,233600.0
ORD007563,2025-02-13,C0074,P004,R011,10,0.08,140000,98000,1400000,112000.0,1288000.0,980000,308000.0
ORD001662,2025-02-13,C0114,P011,R004,5,0.05,85000,57000,425000,21250.0,403750.0,285000,118750.0
ORD002469,2025-02-13,C0176,P003,R003,2,0.08,160000,112000,320000,25600.0,294400.0,224000,70400.0
ORD007284,2025-02-13,C0300,P008,R002,5,0.05,110000,72000,550000,27500.0,522500.0,360000,162500.0
ORD005245,2025-02-14,C0222,P017,R007,1,0.05,75000,50000,75000,3750.0,71250.0,50000,21250.0
ORD004439,2025-02-14,C0238,P019,R003,6,0.0,45000,29000,270000,0.0,270000.0,174000,96000.0
ORD002511,2025-02-14,C0231,P017,R012,5,0.0,75000,50000,375000,0.0,375000.0,250000,125000.0
ORD004776,2025-02-14,C0144,P002,R005,3,0.08,220000,155000,660000,52800.0,607200.0,465000,142200.0
ORD006527,2025-02-14,C0133,P005,R003,6,0.05,120000,84000,720000,36000.0,684000.0,504000,180000.0
ORD002335,2025-02-14,C0008,P007,R002,3,0.05,180000,118000,540000,27000.0,513000.0,354000,159000.0
ORD003875,2025-02-14,C0201,P008,R001,2,0.1,110000,72000,220000,22000.0,198000.0,144000,54000.0
ORD003044,2025-02-14,C0156,P016,R004,3,0.05,55000,35000,165000,8250.0,156750.0,105000,51750.0
ORD003332,2025-02-14,C0193,P001,R011,2,0.02,350000,245000,700000,14000.0,686000.0,490000,196000.0
ORD005437,2025-02-14,C0172,P015,R013,5,0.15,35000,21000,175000,26250.0,148750.0,105000,43750.0
ORD007410,2025-02-15,C0230,P009,R001,2,0.08,130000,85000,260000,20800.0,239200.0,170000,69200.0
ORD001038,2025-02-15,C0150,P004,R001,5,0.2,140000,98000,700000,140000.0,560000.0,490000,70000.0
ORD004098,2025-02-15,C0154,P019,R012,2,0.1,45000,29000,90000,9000.0,81000.0,58000,23000.0
ORD005700,2025-02-15,C0145,P011,R002,4,0.0,85000,57000,340000,0.0,340000.0,228000,112000.0
ORD005582,2025-02-15,C0014,P020,R009,6,0.02,22000,13000,132000,2640.0,129360.0,78000,51360.0
ORD004891,2025-02-15,C0296,P020,R012,2,0.05,22000,13000,44000,2200.0,41800.0,26000,15800.0
ORD000323,2025-02-15,C0068,P009,R001,4,0.15,130000,85000,520000,78000.0,442000.0,340000,102000.0
ORD007329,2025-02-15,C0182,P009,R002,1,0.0,130000,85000,130000,0.0,130000.0,85000,45000.0
ORD006636,2025-02-15,C0100,P014,R007,6,0.08,18000,10500,108000,8640.0,99360.0,63000,36360.0
ORD006501,2025-02-15,C0123,P008,R007,2,0.08,110000,72000,220000,17600.0,202400.0,144000,58400.0
ORD002920,2025-02-15,C0255,P010,R009,2,0.1,320000,215000,640000,64000.0,576000.0,430000,146000.0
ORD000923,2025-02-15,C0010,P004,R003,3,0.08,140000,98000,420000,33600.0,386400.0,294000,92400.0
ORD003796,2025-02-16,C0021,P005,R013,8,0.02,120000,84000,960000,19200.0,940800.0,672000,268800.0
ORD002948,2025-02-16,C0005,P004,R009,1,0.0,140000,98000,140000,0.0,140000.0,98000,42000.0
ORD000328,2025-02-16,C0134,P005,R009,8,0.0,120000,84000,960000,0.0,960000.0,672000,288000.0
ORD002727,2025-02-16,C0244,P017,R006,2,0.0,75000,50000,150000,0.0,150000.0,100000,50000.0
ORD001763,2025-02-16,C0204,P016,R002,4,0.08,55000,35000,220000,17600.0,202400.0,140000,62400.0
ORD007778,2025-02-16,C0184,P020,R009,5,0.15,22000,13000,110000,16500.0,93500.0,65000,28500.0
ORD006998,2025-02-16,C0003,P012,R011,3,0.0,125000,83000,375000,0.0,375000.0,249000,126000.0
ORD007494,2025-02-16,C0252,P009,R008,4,0.15,130000,85000,520000,78000.0,442000.0,340000,102000.0
ORD000502,2025-02-16,C0141,P005,R013,3,0.02,120000,84000,360000,7200.0,352800.0,252000,100800.0
ORD001955,2025-02-16,C0254,P005,R008,4,0.0,120000,84000,480000,0.0,480000.0,336000,144000.0
ORD006441,2025-02-16,C0028,P020,R010,1,0.15,22000,13000,22000,3300.0,18700.0,13000,5700.0
ORD000189,2025-02-16,C0083,P015,R003,2,0.05,35000,21000,70000,3500.0,66500.0,42000,24500.0
ORD000754,2025-02-16,C0149,P020,R001,1,0.05,22000,13000,22000,1100.0,20900.0,13000,7900.0
ORD005375,2025-02-16,C0153,P019,R010,2,0.2,45000,29000,90000,18000.0,72000.0,58000,14000.0
ORD007322,2025-02-16,C0147,P002,R013,5,0.08,220000,155000,1100000,88000.0,1012000.0,775000,237000.0
ORD006234,2025-02-16,C0203,P013,R004,2,0.05,30000,18500,60000,3000.0,57000.0,37000,20000.0
ORD006941,2025-02-16,C0241,P008,R001,5,0.2,110000,72000,550000,110000.0,440000.0,360000,80000.0
ORD005625,2025-02-16,C0068,P001,R005,2,0.08,350000,245000,700000,56000.0,644000.0,490000,154000.0
ORD005854,2025-02-16,C0277,P002,R009,3,0.1,220000,155000,660000,66000.0,594000.0,465000,129000.0
ORD000002,2025-02-16,C0017,P012,R003,3,0.05,125000,83000,375000,18750.0,356250.0,249000,107250.0
ORD000030,2025-02-16,C0139,P002,R006,6,0.0,220000,155000,1320000,0.0,1320000.0,930000,390000.0
ORD000848,2025-02-16,C0184,P008,R007,2,0.05,110000,72000,220000,11000.0,209000.0,144000,65000.0
ORD002282,2025-02-17,C0096,P012,R008,4,0.2,125000,83000,500000,100000.0,400000.0,332000,68000.0
ORD003157,2025-02-17,C0043,P006,R006,2,0.05,95000,62000,190000,9500.0,180500.0,124000,56500.0
ORD006787,2025-02-17,C0029,P017,R012,10,0.02,75000,50000,750000,15000.0,735000.0,500000,235000.0
ORD003435,2025-02-17,C0012,P012,R004,1,0.05,125000,83000,125000,6250.0,118750.0,83000,35750.0
ORD007842,2025-02-17,C0265,P005,R009,5,0.02,120000,84000,600000,12000.0,588000.0,420000,168000.0
ORD003813,2025-02-17,C0258,P007,R013,1,0.02,180000,118000,180000,3600.0,176400.0,118000,58400.0
ORD000335,2025-02-17,C0192,P017,R012,4,0.02,75000,50000,300000,6000.0,294000.0,200000,94000.0
ORD003278,2025-02-17,C0081,P008,R013,5,0.0,110000,72000,550000,0.0,550000.0,360000,190000.0
ORD004442,2025-02-17,C0093,P004,R012,4,0.02,140000,98000,560000,11200.0,548800.0,392000,156800.0
ORD007387,2025-02-17,C0146,P008,R002,1,0.0,110000,72000,110000,0.0,110000.0,72000,38000.0
ORD007397,2025-02-18,C0038,P020,R001,3,0.05,22000,13000,66000,3300.0,62700.0,39000,23700.0
ORD005276,2025-02-18,C0192,P011,R007,1,0.0,85000,57000,85000,0.0,85000.0,57000,28000.0
ORD002552,2025-02-18,C0290,P001,R012,4,0.0,350000,245000,1400000,0.0,1400000.0,980000,420000.0
ORD005730,2025-02-18,C0071,P004,R001,10,0.05,140000,98000,1400000,70000.0,1330000.0,980000,350000.0
ORD007080,2025-02-18,C0256,P017,R004,3,0.1,75000,50000,225000,22500.0,202500.0,150000,52500.0
ORD003133,2025-02-18,C0087,P002,R009,3,0.0,220000,155000,660000,0.0,660000.0,465000,195000.0
ORD006555,2025-02-18,C0017,P006,R009,2,0.2,95000,62000,190000,38000.0,152000.0,124000,28000.0
ORD001778,2025-02-18,C0200,P012,R001,3,0.02,125000,83000,375000,7500.0,367500.0,249000,118500.0
ORD003375,2025-02-18,C0273,P016,R012,4,0.1,55000,35000,220000,22000.0,198000.0,140000,58000.0
ORD002141,2025-02-18,C0010,P014,R009,1,0.0,18000,10500,18000,0.0,18000.0,10500,7500.0
ORD000567,2025-02-18,C0158,P018,R001,2,0.0,90000,62000,180000,0.0,180000.0,124000,56000.0
ORD005530,2025-02-18,C0003,P003,R004,8,0.02,160000,112000,1280000,25600.0,1254400.0,896000,358400.0
ORD002466,2025-02-18,C0280,P011,R012,4,0.0,85000,57000,340000,0.0,340000.0,228000,112000.0
ORD005609,2025-02-18,C0255,P008,R005,4,0.05,110000,72000,440000,22000.0,418000.0,288000,130000.0
ORD001330,2025-02-18,C0070,P013,R008,6,0.02,30000,18500,180000,3600.0,176400.0,111000,65400.0
ORD004888,2025-02-18,C0259,P016,R006,2,0.15,55000,35000,110000,16500.0,93500.0,70000,23500.0
ORD002074,2025-02-18,C0202,P017,R010,6,0.05,75000,50000,450000,22500.0,427500.0,300000,127500.0
ORD001773,2025-02-19,C0137,P013,R001,3,0.05,30000,18500,90000,4500.0,85500.0,55500,30000.0
ORD003890,2025-02-19,C0286,P002,R004,1,0.05,220000,155000,220000,11000.0,209000.0,155000,54000.0
ORD003722,2025-02-19,C0160,P005,R007,8,0.05,120000,84000,960000,48000.0,912000.0,672000,240000.0
ORD004595,2025-02-19,C0195,P002,R012,4,0.02,220000,155000,880000,17600.0,862400.0,620000,242400.0
ORD002833,2025-02-19,C0268,P005,R004,2,0.1,120000,84000,240000,24000.0,216000.0,168000,48000.0
ORD003361,2025-02-19,C0169,P001,R002,4,0.05,350000,245000,1400000,70000.0,1330000.0,980000,350000.0
ORD004387,2025-02-19,C0162,P012,R006,5,0.08,125000,83000,625000,50000.0,575000.0,415000,160000.0
ORD002584,2025-02-19,C0024,P010,R004,5,0.1,320000,215000,1600000,160000.0,1440000.0,1075000,365000.0
ORD001333,2025-02-19,C0069,P004,R013,8,0.08,140000,98000,1120000,89600.0,1030400.0,784000,246400.0
ORD005915,2025-02-19,C0147,P005,R013,2,0.1,120000,84000,240000,24000.0,216000.0,168000,48000.0
ORD005215,2025-02-20,C0231,P020,R005,1,0.05,22000,13000,22000,1100.0,20900.0,13000,7900.0
ORD001287,2025-02-20,C0089,P019,R008,3,0.08,45000,29000,135000,10800.0,124200.0,87000,37200.0
ORD005036,2025-02-20,C0055,P019,R006,4,0.05,45000,29000,180000,9000.0,171000.0,116000,55000.0
ORD007520,2025-02-20,C0115,P005,R004,3,0.1,120000,84000,360000,36000.0,324000.0,252000,72000.0
ORD005938,2025-02-20,C0056,P003,R005,3,0.02,160000,112000,480000,9600.0,470400.0,336000,134400.0
ORD004954,2025-02-20,C0039,P011,R009,1,0.0,85000,57000,85000,0.0,85000.0,57000,28000.0
ORD000251,2025-02-20,C0250,P004,R009,4,0.15,140000,98000,560000,84000.0,476000.0,392000,84000.0
ORD000313,2025-02-20,C0019,P015,R007,4,0.05,35000,21000,140000,7000.0,133000.0,84000,49000.0
ORD005594,2025-02-20,C0266,P016,R006,1,0.0,55000,35000,55000,0.0,55000.0,35000,20000.0
ORD007108,2025-02-20,C0014,P019,R009,4,0.05,45000,29000,180000,9000.0,171000.0,116000,55000.0
ORD007271,2025-02-20,C0050,P004,R004,2,0.15,140000,98000,280000,42000.0,238000.0,196000,42000.0
ORD000528,2025-02-20,C0173,P006,R012,2,0.0,95000,62000,190000,0.0,190000.0,124000,66000.0
ORD000615,2025-02-20,C0300,P016,R001,3,0.02,55000,35000,165000,3300.0,161700.0,105000,56700.0
ORD006686,2025-02-20,C0236,P003,R009,6,0.1,160000,112000,960000,96000.0,864000.0,672000,192000.0
ORD007511,2025-02-21,C0268,P019,R012,3,0.1,45000,29000,135000,13500.0,121500.0,87000,34500.0
ORD004700,2025-02-21,C0046,P002,R008,6,0.1,220000,155000,1320000,132000.0,1188000.0,930000,258000.0
ORD005458,2025-02-21,C0133,P010,R013,4,0.05,320000,215000,1280000,64000.0,1216000.0,860000,356000.0
ORD003017,2025-02-21,C0025,P020,R008,4,0.0,22000,13000,88000,0.0,88000.0,52000,36000.0
ORD007187,2025-02-21,C0100,P008,R011,1,0.0,110000,72000,110000,0.0,110000.0,72000,38000.0
ORD005531,2025-02-21,C0004,P010,R008,2,0.05,320000,215000,640000,32000.0,608000.0,430000,178000.0
ORD006449,2025-02-21,C0176,P012,R009,5,0.05,125000,83000,625000,31250.0,593750.0,415000,178750.0
ORD005827,2025-02-21,C0048,P004,R010,2,0.08,140000,98000,280000,22400.0,257600.0,196000,61600.0
ORD004064,2025-02-21,C0129,P001,R001,4,0.1,350000,245000,1400000,140000.0,1260000.0,980000,280000.0
ORD006617,2025-02-21,C0019,P001,R002,2,0.0,350000,245000,700000,0.0,700000.0,490000,210000.0
ORD005936,2025-02-21,C0156,P014,R013,1,0.05,18000,10500,18000,900.0,17100.0,10500,6600.0
ORD004090,2025-02-21,C0117,P020,R013,1,0.0,22000,13000,22000,0.0,22000.0,13000,9000.0
ORD007104,2025-02-21,C0293,P014,R002,1,0.02,18000,10500,18000,360.0,17640.0,10500,7140.0
ORD002470,2025-02-22,C0163,P011,R007,3,0.0,85000,57000,255000,0.0,255000.0,171000,84000.0
ORD007198,2025-02-22,C0059,P012,R011,1,0.1,125000,83000,125000,12500.0,112500.0,83000,29500.0
ORD006904,2025-02-22,C0167,P002,R005,2,0.15,220000,155000,440000,66000.0,374000.0,310000,64000.0
ORD002364,2025-02-22,C0284,P014,R008,2,0.0,18000,10500,36000,0.0,36000.0,21000,15000.0
ORD003455,2025-02-22,C0122,P008,R004,1,0.02,110000,72000,110000,2200.0,107800.0,72000,35800.0
ORD006387,2025-02-22,C0120,P013,R012,1,0.08,30000,18500,30000,2400.0,27600.0,18500,9100.0
ORD007825,2025-02-22,C0254,P015,R010,1,0.08,35000,21000,35000,2800.0,32200.0,21000,11200.0
ORD006157,2025-02-22,C0279,P018,R004,3,0.1,90000,62000,270000,27000.0,243000.0,186000,57000.0
ORD004249,2025-02-22,C0138,P016,R003,3,0.05,55000,35000,165000,8250.0,156750.0,105000,51750.0
ORD006271,2025-02-22,C0006,P012,R008,4,0.0,125000,83000,500000,0.0,500000.0,332000,168000.0
ORD000647,2025-02-22,C0206,P020,R013,2,0.0,22000,13000,44000,0.0,44000.0,26000,18000.0
ORD000297,2025-02-22,C0187,P015,R007,8,0.0,35000,21000,280000,0.0,280000.0,168000,112000.0
ORD002381,2025-02-22,C0250,P017,R002,6,0.0,75000,50000,450000,0.0,450000.0,300000,150000.0
ORD006995,2025-02-22,C0283,P007,R004,10,0.15,180000,118000,1800000,270000.0,1530000.0,1180000,350000.0
ORD001231,2025-02-22,C0147,P018,R003,4,0.2,90000,62000,360000,72000.0,288000.0,248000,40000.0
ORD002468,2025-02-23,C0147,P004,R005,1,0.02,140000,98000,140000,2800.0,137200.0,98000,39200.0
ORD007200,2025-02-23,C0050,P010,R013,2,0.05,320000,215000,640000,32000.0,608000.0,430000,178000.0
ORD003185,2025-02-23,C0258,P003,R012,3,0.02,160000,112000,480000,9600.0,470400.0,336000,134400.0
ORD004748,2025-02-23,C0222,P008,R013,10,0.02,110000,72000,1100000,22000.0,1078000.0,720000,358000.0
ORD004119,2025-02-23,C0216,P010,R002,2,0.2,320000,215000,640000,128000.0,512000.0,430000,82000.0
ORD006512,2025-02-23,C0218,P015,R006,1,0.02,35000,21000,35000,700.0,34300.0,21000,13300.0
ORD006888,2025-02-23,C0263,P020,R011,5,0.08,22000,13000,110000,8800.0,101200.0,65000,36200.0
ORD004037,2025-02-23,C0031,P007,R004,2,0.0,180000,118000,360000,0.0,360000.0,236000,124000.0
ORD000847,2025-02-23,C0105,P018,R010,2,0.05,90000,62000,180000,9000.0,171000.0,124000,47000.0
ORD003823,2025-02-23,C0078,P003,R005,5,0.0,160000,112000,800000,0.0,800000.0,560000,240000.0
ORD000612,2025-02-23,C0187,P009,R013,4,0.05,130000,85000,520000,26000.0,494000.0,340000,154000.0
ORD000265,2025-02-23,C0167,P007,R011,2,0.02,180000,118000,360000,7200.0,352800.0,236000,116800.0
ORD002925,2025-02-23,C0108,P011,R013,2,0.05,85000,57000,170000,8500.0,161500.0,114000,47500.0
ORD000702,2025-02-24,C0278,P015,R001,3,0.02,35000,21000,105000,2100.0,102900.0,63000,39900.0
ORD000598,2025-02-24,C0164,P019,R003,2,0.05,45000,29000,90000,4500.0,85500.0,58000,27500.0
ORD001397,2025-02-24,C0046,P002,R009,4,0.0,220000,155000,880000,0.0,880000.0,620000,260000.0
ORD007065,2025-02-24,C0003,P002,R005,2,0.0,220000,155000,440000,0.0,440000.0,310000,130000.0
ORD005260,2025-02-24,C0277,P011,R010,3,0.08,85000,57000,255000,20400.0,234600.0,171000,63600.0
ORD000603,2025-02-24,C0045,P016,R012,1,0.0,55000,35000,55000,0.0,55000.0,35000,20000.0
ORD001732,2025-02-24,C0181,P008,R009,2,0.05,110000,72000,220000,11000.0,209000.0,144000,65000.0
ORD005318,2025-02-24,C0010,P002,R013,4,0.1,220000,155000,880000,88000.0,792000.0,620000,172000.0
ORD007568,2025-02-24,C0174,P004,R008,5,0.02,140000,98000,700000,14000.0,686000.0,490000,196000.0
ORD002497,2025-02-24,C0075,P001,R006,8,0.1,350000,245000,2800000,280000.0,2520000.0,1960000,560000.0
ORD007737,2025-02-25,C0125,P018,R007,3,0.0,90000,62000,270000,0.0,270000.0,186000,84000.0
ORD006768,2025-02-25,C0157,P020,R011,10,0.02,22000,13000,220000,4400.0,215600.0,130000,85600.0
ORD004311,2025-02-25,C0133,P008,R013,1,0.15,110000,72000,110000,16500.0,93500.0,72000,21500.0
ORD006633,2025-02-25,C0176,P006,R003,4,0.05,95000,62000,380000,19000.0,361000.0,248000,113000.0
ORD004814,2025-02-25,C0283,P009,R002,2,0.08,130000,85000,260000,20800.0,239200.0,170000,69200.0
ORD007391,2025-02-25,C0176,P007,R007,2,0.05,180000,118000,360000,18000.0,342000.0,236000,106000.0
ORD007857,2025-02-25,C0071,P014,R012,3,0.0,18000,10500,54000,0.0,54000.0,31500,22500.0
ORD006712,2025-02-25,C0193,P020,R011,1,0.08,22000,13000,22000,1760.0,20240.0,13000,7240.0
ORD003228,2025-02-25,C0105,P003,R009,2,0.08,160000,112000,320000,25600.0,294400.0,224000,70400.0
ORD001492,2025-02-25,C0102,P005,R001,10,0.08,120000,84000,1200000,96000.0,1104000.0,840000,264000.0
ORD004678,2025-02-25,C0260,P016,R002,3,0.1,55000,35000,165000,16500.0,148500.0,105000,43500.0
ORD007217,2025-02-25,C0011,P004,R002,10,0.02,140000,98000,1400000,28000.0,1372000.0,980000,392000.0
ORD006391,2025-02-25,C0045,P017,R003,2,0.02,75000,50000,150000,3000.0,147000.0,100000,47000.0
ORD005742,2025-02-25,C0218,P008,R012,10,0.1,110000,72000,1100000,110000.0,990000.0,720000,270000.0
ORD003650,2025-02-25,C0249,P009,R001,2,0.08,130000,85000,260000,20800.0,239200.0,170000,69200.0
ORD000342,2025-02-25,C0071,P006,R002,1,0.15,95000,62000,95000,14250.0,80750.0,62000,18750.0
ORD000332,2025-02-25,C0281,P001,R008,5,0.05,350000,245000,1750000,87500.0,1662500.0,1225000,437500.0
ORD005471,2025-02-25,C0115,P005,R011,3,0.02,120000,84000,360000,7200.0,352800.0,252000,100800.0
ORD003367,2025-02-25,C0244,P005,R003,4,0.05,120000,84000,480000,24000.0,456000.0,336000,120000.0
ORD007085,2025-02-26,C0173,P015,R002,10,0.05,35000,21000,350000,17500.0,332500.0,210000,122500.0
ORD006088,2025-02-26,C0292,P005,R002,10,0.05,120000,84000,1200000,60000.0,1140000.0,840000,300000.0
ORD006716,2025-02-26,C0132,P017,R002,3,0.02,75000,50000,225000,4500.0,220500.0,150000,70500.0
ORD005092,2025-02-26,C0079,P002,R011,3,0.0,220000,155000,660000,0.0,660000.0,465000,195000.0
ORD005043,2025-02-26,C0067,P001,R003,2,0.15,350000,245000,700000,105000.0,595000.0,490000,105000.0
ORD005356,2025-02-26,C0164,P010,R010,5,0.15,320000,215000,1600000,240000.0,1360000.0,1075000,285000.0
ORD005501,2025-02-26,C0053,P020,R008,6,0.02,22000,13000,132000,2640.0,129360.0,78000,51360.0
ORD006666,2025-02-26,C0145,P017,R012,5,0.02,75000,50000,375000,7500.0,367500.0,250000,117500.0
ORD005306,2025-02-26,C0240,P018,R012,3,0.08,90000,62000,270000,21600.0,248400.0,186000,62400.0
ORD001842,2025-02-26,C0181,P011,R002,1,0.08,85000,57000,85000,6800.0,78200.0,57000,21200.0
ORD007407,2025-02-26,C0004,P019,R006,4,0.15,45000,29000,180000,27000.0,153000.0,116000,37000.0
ORD002303,2025-02-26,C0032,P007,R009,8,0.15,180000,118000,1440000,216000.0,1224000.0,944000,280000.0
ORD003122,2025-02-26,C0146,P007,R001,4,0.0,180000,118000,720000,0.0,720000.0,472000,248000.0
ORD005055,2025-02-26,C0022,P020,R003,4,0.08,22000,13000,88000,7040.0,80960.0,52000,28960.0
ORD001723,2025-02-26,C0089,P008,R013,4,0.02,110000,72000,440000,8800.0,431200.0,288000,143200.0
ORD003486,2025-02-27,C0135,P007,R013,1,0.0,180000,118000,180000,0.0,180000.0,118000,62000.0
ORD004773,2025-02-27,C0104,P009,R001,3,0.08,130000,85000,390000,31200.0,358800.0,255000,103800.0
ORD000163,2025-02-27,C0162,P017,R011,6,0.02,75000,50000,450000,9000.0,441000.0,300000,141000.0
ORD005857,2025-02-27,C0031,P009,R003,1,0.0,130000,85000,130000,0.0,130000.0,85000,45000.0
ORD007205,2025-02-27,C0087,P008,R005,6,0.0,110000,72000,660000,0.0,660000.0,432000,228000.0
ORD000007,2025-02-27,C0207,P005,R008,4,0.0,120000,84000,480000,0.0,480000.0,336000,144000.0
ORD006288,2025-02-27,C0151,P002,R002,2,0.0,220000,155000,440000,0.0,440000.0,310000,130000.0
ORD005645,2025-02-27,C0058,P006,R010,3,0.02,95000,62000,285000,5700.0,279300.0,186000,93300.0
ORD002650,2025-02-27,C0183,P010,R004,8,0.1,320000,215000,2560000,256000.0,2304000.0,1720000,584000.0
ORD004041,2025-02-27,C0034,P006,R010,4,0.05,95000,62000,380000,19000.0,361000.0,248000,113000.0
ORD000013,2025-02-27,C0163,P012,R008,3,0.1,125000,83000,375000,37500.0,337500.0,249000,88500.0
ORD004404,2025-02-27,C0087,P008,R005,1,0.08,110000,72000,110000,8800.0,101200.0,72000,29200.0
ORD005279,2025-02-27,C0239,P019,R013,10,0.08,45000,29000,450000,36000.0,414000.0,290000,124000.0
ORD001863,2025-02-27,C0036,P013,R001,5,0.1,30000,18500,150000,15000.0,135000.0,92500,42500.0
ORD003566,2025-02-27,C0142,P014,R013,1,0.05,18000,10500,18000,900.0,17100.0,10500,6600.0
ORD001379,2025-02-27,C0274,P016,R005,1,0.15,55000,35000,55000,8250.0,46750.0,35000,11750.0
ORD006026,2025-02-27,C0176,P001,R002,8,0.05,350000,245000,2800000,140000.0,2660000.0,1960000,700000.0
ORD000178,2025-02-27,C0114,P016,R002,8,0.1,55000,35000,440000,44000.0,396000.0,280000,116000.0
ORD005676,2025-02-27,C0041,P011,R008,2,0.05,85000,57000,170000,8500.0,161500.0,114000,47500.0
ORD005776,2025-02-28,C0123,P012,R003,1,0.0,125000,83000,125000,0.0,125000.0,83000,42000.0
ORD002896,2025-02-28,C0066,P017,R005,4,0.05,75000,50000,300000,15000.0,285000.0,200000,85000.0
ORD001095,2025-02-28,C0014,P013,R009,4,0.08,30000,18500,120000,9600.0,110400.0,74000,36400.0
ORD002387,2025-02-28,C0273,P006,R013,2,0.02,95000,62000,190000,3800.0,186200.0,124000,62200.0
ORD007039,2025-02-28,C0246,P010,R008,5,0.1,320000,215000,1600000,160000.0,1440000.0,1075000,365000.0
ORD002513,2025-02-28,C0290,P018,R003,3,0.15,90000,62000,270000,40500.0,229500.0,186000,43500.0
ORD001182,2025-02-28,C0141,P020,R009,2,0.0,22000,13000,44000,0.0,44000.0,26000,18000.0
ORD002830,2025-02-28,C0267,P011,R006,5,0.02,85000,57000,425000,8500.0,416500.0,285000,131500.0
ORD002215,2025-02-28,C0183,P010,R003,5,0.02,320000,215000,1600000,32000.0,1568000.0,1075000,493000.0
ORD000653,2025-02-28,C0207,P012,R007,2,0.15,125000,83000,250000,37500.0,212500.0,166000,46500.0
ORD003188,2025-02-28,C0193,P017,R005,2,0.2,75000,50000,150000,30000.0,120000.0,100000,20000.0
ORD003143,2025-02-28,C0294,P015,R006,2,0.0,35000,21000,70000,0.0,70000.0,42000,28000.0
ORD004558,2025-02-28,C0066,P017,R002,2,0.08,75000,50000,150000,12000.0,138000.0,100000,38000.0
ORD004667,2025-02-28,C0270,P010,R012,6,0.0,320000,215000,1920000,0.0,1920000.0,1290000,630000.0
ORD006176,2025-02-28,C0134,P002,R001,6,0.0,220000,155000,1320000,0.0,1320000.0,930000,390000.0
ORD005206,2025-02-28,C0221,P011,R009,2,0.0,85000,57000,170000,0.0,170000.0,114000,56000.0
ORD007754,2025-02-28,C0143,P018,R005,3,0.0,90000,62000,270000,0.0,270000.0,186000,84000.0
ORD003309,2025-02-28,C0036,P001,R013,4,0.0,350000,245000,1400000,0.0,1400000.0,980000,420000.0
ORD007936,2025-02-28,C0191,P015,R007,8,0.1,35000,21000,280000,28000.0,252000.0,168000,84000.0
ORD007682,2025-02-28,C0112,P011,R011,1,0.1,85000,57000,85000,8500.0,76500.0,57000,19500.0
ORD007502,2025-02-28,C0007,P020,R004,4,0.0,22000,13000,88000,0.0,88000.0,52000,36000.0
ORD001484,2025-03-01,C0285,P016,R005,4,0.08,55000,35000,220000,17600.0,202400.0,140000,62400.0
ORD003372,2025-03-01,C0019,P013,R013,3,0.1,30000,18500,90000,9000.0,81000.0,55500,25500.0
ORD003692,2025-03-01,C0079,P006,R010,4,0.02,95000,62000,380000,7600.0,372400.0,248000,124400.0
ORD007374,2025-03-01,C0215,P012,R007,6,0.1,125000,83000,750000,75000.0,675000.0,498000,177000.0
ORD007971,2025-03-01,C0252,P008,R005,8,0.0,110000,72000,880000,0.0,880000.0,576000,304000.0
ORD001738,2025-03-01,C0055,P003,R003,6,0.1,160000,112000,960000,96000.0,864000.0,672000,192000.0
ORD006077,2025-03-01,C0061,P011,R001,3,0.0,85000,57000,255000,0.0,255000.0,171000,84000.0
ORD001335,2025-03-01,C0161,P008,R007,3,0.08,110000,72000,330000,26400.0,303600.0,216000,87600.0
ORD000999,2025-03-01,C0013,P008,R006,5,0.05,110000,72000,550000,27500.0,522500.0,360000,162500.0
ORD003971,2025-03-01,C0039,P017,R011,3,0.15,75000,50000,225000,33750.0,191250.0,150000,41250.0
ORD006829,2025-03-01,C0238,P004,R006,8,0.05,140000,98000,1120000,56000.0,1064000.0,784000,280000.0
ORD007338,2025-03-01,C0033,P019,R010,3,0.08,45000,29000,135000,10800.0,124200.0,87000,37200.0
ORD004747,2025-03-02,C0025,P005,R006,5,0.08,120000,84000,600000,48000.0,552000.0,420000,132000.0
ORD000722,2025-03-02,C0161,P018,R002,4,0.08,90000,62000,360000,28800.0,331200.0,248000,83200.0
ORD000312,2025-03-02,C0181,P006,R004,2,0.0,95000,62000,190000,0.0,190000.0,124000,66000.0
ORD000826,2025-03-02,C0015,P006,R001,5,0.02,95000,62000,475000,9500.0,465500.0,310000,155500.0
ORD003208,2025-03-02,C0167,P001,R013,2,0.1,350000,245000,700000,70000.0,630000.0,490000,140000.0
ORD007558,2025-03-02,C0018,P004,R003,3,0.02,140000,98000,420000,8400.0,411600.0,294000,117600.0
ORD007429,2025-03-02,C0289,P015,R012,2,0.05,35000,21000,70000,3500.0,66500.0,42000,24500.0
ORD007066,2025-03-02,C0215,P020,R005,6,0.15,22000,13000,132000,19800.0,112200.0,78000,34200.0
ORD002954,2025-03-02,C0074,P007,R002,10,0.0,180000,118000,1800000,0.0,1800000.0,1180000,620000.0
ORD003015,2025-03-02,C0283,P013,R007,4,0.08,30000,18500,120000,9600.0,110400.0,74000,36400.0
ORD006833,2025-03-03,C0198,P004,R012,3,0.05,140000,98000,420000,21000.0,399000.0,294000,105000.0
ORD005842,2025-03-03,C0063,P015,R011,2,0.0,35000,21000,70000,0.0,70000.0,42000,28000.0
ORD006444,2025-03-03,C0068,P020,R003,8,0.08,22000,13000,176000,14080.0,161920.0,104000,57920.0
ORD005248,2025-03-03,C0265,P013,R006,4,0.1,30000,18500,120000,12000.0,108000.0,74000,34000.0
ORD007613,2025-03-03,C0128,P010,R003,1,0.02,320000,215000,320000,6400.0,313600.0,215000,98600.0
ORD003203,2025-03-03,C0028,P008,R012,3,0.08,110000,72000,330000,26400.0,303600.0,216000,87600.0
ORD000833,2025-03-03,C0159,P001,R011,2,0.05,350000,245000,700000,35000.0,665000.0,490000,175000.0
ORD002017,2025-03-03,C0168,P012,R013,5,0.15,125000,83000,625000,93750.0,531250.0,415000,116250.0
ORD003150,2025-03-03,C0032,P019,R004,3,0.05,45000,29000,135000,6750.0,128250.0,87000,41250.0
ORD000092,2025-03-03,C0055,P005,R011,2,0.1,120000,84000,240000,24000.0,216000.0,168000,48000.0
ORD005816,2025-03-03,C0206,P011,R003,2,0.08,85000,57000,170000,13600.0,156400.0,114000,42400.0
ORD000854,2025-03-03,C0258,P010,R005,2,0.0,320000,215000,640000,0.0,640000.0,430000,210000.0
ORD000232,2025-03-04,C0292,P015,R002,3,0.15,35000,21000,105000,15750.0,89250.0,63000,26250.0
ORD002986,2025-03-04,C0038,P008,R008,4,0.02,110000,72000,440000,8800.0,431200.0,288000,143200.0
ORD003845,2025-03-04,C0110,P007,R003,2,0.02,180000,118000,360000,7200.0,352800.0,236000,116800.0
ORD001514,2025-03-04,C0040,P014,R001,5,0.08,18000,10500,90000,7200.0,82800.0,52500,30300.0
ORD006261,2025-03-04,C0027,P015,R010,10,0.15,35000,21000,350000,52500.0,297500.0,210000,87500.0
ORD007458,2025-03-04,C0185,P003,R012,2,0.1,160000,112000,320000,32000.0,288000.0,224000,64000.0
ORD000564,2025-03-04,C0207,P005,R005,4,0.0,120000,84000,480000,0.0,480000.0,336000,144000.0
ORD003552,2025-03-04,C0005,P013,R011,4,0.02,30000,18500,120000,2400.0,117600.0,74000,43600.0
ORD007041,2025-03-04,C0109,P004,R008,2,0.02,140000,98000,280000,5600.0,274400.0,196000,78400.0
ORD000573,2025-03-04,C0072,P017,R006,2,0.0,75000,50000,150000,0.0,150000.0,100000,50000.0
ORD005184,2025-03-04,C0007,P018,R003,1,0.15,90000,62000,90000,13500.0,76500.0,62000,14500.0
ORD001994,2025-03-04,C0150,P011,R007,4,0.0,85000,57000,340000,0.0,340000.0,228000,112000.0
ORD002163,2025-03-04,C0252,P007,R010,4,0.08,180000,118000,720000,57600.0,662400.0,472000,190400.0
ORD003298,2025-03-05,C0258,P013,R004,4,0.0,30000,18500,120000,0.0,120000.0,74000,46000.0
ORD001021,2025-03-05,C0067,P010,R007,3,0.05,320000,215000,960000,48000.0,912000.0,645000,267000.0
ORD007988,2025-03-05,C0228,P006,R006,1,0.15,95000,62000,95000,14250.0,80750.0,62000,18750.0
ORD005975,2025-03-05,C0094,P012,R007,1,0.02,125000,83000,125000,2500.0,122500.0,83000,39500.0
ORD007052,2025-03-05,C0008,P015,R001,4,0.0,35000,21000,140000,0.0,140000.0,84000,56000.0
ORD007372,2025-03-05,C0058,P001,R003,1,0.1,350000,245000,350000,35000.0,315000.0,245000,70000.0
ORD005572,2025-03-05,C0223,P004,R010,4,0.0,140000,98000,560000,0.0,560000.0,392000,168000.0
ORD003353,2025-03-05,C0165,P018,R004,3,0.1,90000,62000,270000,27000.0,243000.0,186000,57000.0
ORD002255,2025-03-05,C0217,P018,R003,6,0.02,90000,62000,540000,10800.0,529200.0,372000,157200.0
ORD003865,2025-03-05,C0201,P001,R012,2,0.05,350000,245000,700000,35000.0,665000.0,490000,175000.0
ORD004374,2025-03-05,C0116,P016,R002,3,0.08,55000,35000,165000,13200.0,151800.0,105000,46800.0
ORD000226,2025-03-06,C0093,P012,R005,6,0.15,125000,83000,750000,112500.0,637500.0,498000,139500.0
ORD002458,2025-03-06,C0105,P013,R009,4,0.15,30000,18500,120000,18000.0,102000.0,74000,28000.0
ORD002032,2025-03-06,C0290,P007,R009,5,0.1,180000,118000,900000,90000.0,810000.0,590000,220000.0
ORD001253,2025-03-06,C0264,P010,R002,2,0.15,320000,215000,640000,96000.0,544000.0,430000,114000.0
ORD001529,2025-03-06,C0218,P018,R004,1,0.2,90000,62000,90000,18000.0,72000.0,62000,10000.0
ORD002777,2025-03-06,C0036,P010,R001,5,0.15,320000,215000,1600000,240000.0,1360000.0,1075000,285000.0
ORD004711,2025-03-06,C0149,P013,R001,5,0.05,30000,18500,150000,7500.0,142500.0,92500,50000.0
ORD006372,2025-03-06,C0112,P018,R006,2,0.08,90000,62000,180000,14400.0,165600.0,124000,41600.0
ORD004750,2025-03-06,C0175,P003,R012,2,0.08,160000,112000,320000,25600.0,294400.0,224000,70400.0
ORD003406,2025-03-06,C0009,P007,R012,4,0.15,180000,118000,720000,108000.0,612000.0,472000,140000.0
ORD002901,2025-03-06,C0025,P020,R001,1,0.05,22000,13000,22000,1100.0,20900.0,13000,7900.0
ORD006724,2025-03-06,C0102,P004,R003,1,0.05,140000,98000,140000,7000.0,133000.0,98000,35000.0
ORD003723,2025-03-06,C0264,P006,R007,3,0.08,95000,62000,285000,22800.0,262200.0,186000,76200.0
ORD004373,2025-03-06,C0069,P009,R013,2,0.08,130000,85000,260000,20800.0,239200.0,170000,69200.0
ORD007349,2025-03-06,C0237,P013,R007,1,0.0,30000,18500,30000,0.0,30000.0,18500,11500.0
ORD006851,2025-03-06,C0272,P002,R012,3,0.05,220000,155000,660000,33000.0,627000.0,465000,162000.0
ORD006864,2025-03-06,C0245,P008,R003,3,0.0,110000,72000,330000,0.0,330000.0,216000,114000.0
ORD007420,2025-03-06,C0231,P004,R008,3,0.15,140000,98000,420000,63000.0,357000.0,294000,63000.0
ORD002313,2025-03-06,C0183,P005,R010,3,0.1,120000,84000,360000,36000.0,324000.0,252000,72000.0
ORD004185,2025-03-07,C0152,P003,R001,5,0.05,160000,112000,800000,40000.0,760000.0,560000,200000.0
ORD007059,2025-03-07,C0078,P001,R004,3,0.05,350000,245000,1050000,52500.0,997500.0,735000,262500.0
ORD001866,2025-03-07,C0009,P015,R013,1,0.05,35000,21000,35000,1750.0,33250.0,21000,12250.0
ORD005762,2025-03-07,C0171,P001,R002,2,0.1,350000,245000,700000,70000.0,630000.0,490000,140000.0
ORD001951,2025-03-07,C0221,P010,R006,10,0.0,320000,215000,3200000,0.0,3200000.0,2150000,1050000.0
ORD004330,2025-03-07,C0111,P002,R012,3,0.02,220000,155000,660000,13200.0,646800.0,465000,181800.0
ORD005583,2025-03-07,C0113,P012,R009,4,0.2,125000,83000,500000,100000.0,400000.0,332000,68000.0
ORD001143,2025-03-07,C0170,P016,R004,5,0.05,55000,35000,275000,13750.0,261250.0,175000,86250.0
ORD001843,2025-03-07,C0014,P019,R007,3,0.05,45000,29000,135000,6750.0,128250.0,87000,41250.0
ORD006122,2025-03-07,C0168,P004,R013,2,0.08,140000,98000,280000,22400.0,257600.0,196000,61600.0
ORD002340,2025-03-07,C0083,P015,R013,2,0.1,35000,21000,70000,7000.0,63000.0,42000,21000.0
ORD006646,2025-03-07,C0295,P016,R003,6,0.1,55000,35000,330000,33000.0,297000.0,210000,87000.0
ORD005482,2025-03-07,C0156,P018,R009,2,0.0,90000,62000,180000,0.0,180000.0,124000,56000.0
ORD005514,2025-03-07,C0120,P016,R003,3,0.08,55000,35000,165000,13200.0,151800.0,105000,46800.0
ORD001694,2025-03-07,C0008,P016,R011,2,0.0,55000,35000,110000,0.0,110000.0,70000,40000.0
ORD001446,2025-03-08,C0152,P003,R001,3,0.05,160000,112000,480000,24000.0,456000.0,336000,120000.0
ORD007514,2025-03-08,C0244,P014,R010,3,0.08,18000,10500,54000,4320.0,49680.0,31500,18180.0
ORD004265,2025-03-08,C0251,P016,R005,2,0.15,55000,35000,110000,16500.0,93500.0,70000,23500.0
ORD004471,2025-03-08,C0089,P013,R008,3,0.08,30000,18500,90000,7200.0,82800.0,55500,27300.0
ORD007739,2025-03-08,C0272,P009,R012,5,0.15,130000,85000,650000,97500.0,552500.0,425000,127500.0
ORD007531,2025-03-08,C0137,P003,R003,3,0.0,160000,112000,480000,0.0,480000.0,336000,144000.0
ORD005682,2025-03-08,C0195,P019,R002,4,0.08,45000,29000,180000,14400.0,165600.0,116000,49600.0
ORD001377,2025-03-08,C0149,P007,R013,1,0.15,180000,118000,180000,27000.0,153000.0,118000,35000.0
ORD000374,2025-03-08,C0165,P011,R003,4,0.02,85000,57000,340000,6800.0,333200.0,228000,105200.0
ORD007585,2025-03-08,C0038,P015,R012,3,0.02,35000,21000,105000,2100.0,102900.0,63000,39900.0
ORD006214,2025-03-08,C0275,P015,R002,2,0.0,35000,21000,70000,0.0,70000.0,42000,28000.0
ORD007213,2025-03-08,C0166,P003,R001,5,0.05,160000,112000,800000,40000.0,760000.0,560000,200000.0
ORD007517,2025-03-09,C0299,P009,R012,8,0.0,130000,85000,1040000,0.0,1040000.0,680000,360000.0
ORD001857,2025-03-09,C0021,P002,R005,3,0.08,220000,155000,660000,52800.0,607200.0,465000,142200.0
ORD002220,2025-03-09,C0107,P003,R001,6,0.05,160000,112000,960000,48000.0,912000.0,672000,240000.0
ORD002912,2025-03-09,C0161,P011,R001,10,0.0,85000,57000,850000,0.0,850000.0,570000,280000.0
ORD005411,2025-03-09,C0055,P005,R004,3,0.0,120000,84000,360000,0.0,360000.0,252000,108000.0
ORD002011,2025-03-09,C0068,P011,R004,8,0.2,85000,57000,680000,136000.0,544000.0,456000,88000.0
ORD004318,2025-03-09,C0009,P018,R010,3,0.08,90000,62000,270000,21600.0,248400.0,186000,62400.0
ORD004698,2025-03-09,C0205,P016,R011,1,0.08,55000,35000,55000,4400.0,50600.0,35000,15600.0
ORD005142,2025-03-09,C0014,P018,R002,1,0.02,90000,62000,90000,1800.0,88200.0,62000,26200.0
ORD003271,2025-03-09,C0118,P006,R011,3,0.0,95000,62000,285000,0.0,285000.0,186000,99000.0
ORD004919,2025-03-09,C0119,P018,R002,5,0.08,90000,62000,450000,36000.0,414000.0,310000,104000.0
ORD005755,2025-03-09,C0262,P006,R006,2,0.0,95000,62000,190000,0.0,190000.0,124000,66000.0
ORD006920,2025-03-09,C0178,P019,R003,3,0.0,45000,29000,135000,0.0,135000.0,87000,48000.0
ORD002549,2025-03-09,C0276,P004,R010,10,0.05,140000,98000,1400000,70000.0,1330000.0,980000,350000.0
ORD006011,2025-03-10,C0019,P009,R005,3,0.2,130000,85000,390000,78000.0,312000.0,255000,57000.0
ORD006202,2025-03-10,C0106,P009,R013,4,0.15,130000,85000,520000,78000.0,442000.0,340000,102000.0
ORD000107,2025-03-10,C0297,P005,R011,5,0.1,120000,84000,600000,60000.0,540000.0,420000,120000.0
ORD007393,2025-03-10,C0056,P012,R004,4,0.15,125000,83000,500000,75000.0,425000.0,332000,93000.0
ORD000509,2025-03-10,C0280,P003,R007,2,0.1,160000,112000,320000,32000.0,288000.0,224000,64000.0
ORD005278,2025-03-10,C0012,P008,R012,6,0.05,110000,72000,660000,33000.0,627000.0,432000,195000.0
ORD006007,2025-03-10,C0099,P020,R010,10,0.0,22000,13000,220000,0.0,220000.0,130000,90000.0
ORD005797,2025-03-10,C0145,P015,R007,5,0.0,35000,21000,175000,0.0,175000.0,105000,70000.0
ORD002221,2025-03-10,C0290,P008,R010,2,0.1,110000,72000,220000,22000.0,198000.0,144000,54000.0
ORD004788,2025-03-10,C0033,P003,R005,2,0.05,160000,112000,320000,16000.0,304000.0,224000,80000.0
ORD003795,2025-03-10,C0204,P013,R011,2,0.0,30000,18500,60000,0.0,60000.0,37000,23000.0
ORD004462,2025-03-10,C0257,P019,R002,1,0.1,45000,29000,45000,4500.0,40500.0,29000,11500.0
ORD000704,2025-03-10,C0077,P020,R005,4,0.05,22000,13000,88000,4400.0,83600.0,52000,31600.0
ORD002828,2025-03-10,C0206,P009,R006,4,0.08,130000,85000,520000,41600.0,478400.0,340000,138400.0
ORD006048,2025-03-10,C0276,P001,R004,2,0.0,350000,245000,700000,0.0,700000.0,490000,210000.0
ORD004644,2025-03-10,C0197,P014,R005,1,0.0,18000,10500,18000,0.0,18000.0,10500,7500.0
ORD002950,2025-03-10,C0201,P005,R005,4,0.05,120000,84000,480000,24000.0,456000.0,336000,120000.0
ORD001233,2025-03-10,C0089,P020,R011,3,0.1,22000,13000,66000,6600.0,59400.0,39000,20400.0
ORD003006,2025-03-10,C0026,P012,R003,4,0.08,125000,83000,500000,40000.0,460000.0,332000,128000.0
ORD000029,2025-03-10,C0038,P016,R009,1,0.05,55000,35000,55000,2750.0,52250.0,35000,17250.0
ORD007765,2025-03-10,C0110,P016,R009,5,0.05,55000,35000,275000,13750.0,261250.0,175000,86250.0
ORD004962,2025-03-10,C0123,P004,R011,10,0.08,140000,98000,1400000,112000.0,1288000.0,980000,308000.0
ORD000295,2025-03-10,C0113,P004,R007,3,0.02,140000,98000,420000,8400.0,411600.0,294000,117600.0
ORD005194,2025-03-10,C0025,P015,R006,3,0.0,35000,21000,105000,0.0,105000.0,63000,42000.0
ORD005525,2025-03-11,C0112,P018,R008,2,0.15,90000,62000,180000,27000.0,153000.0,124000,29000.0
ORD005922,2025-03-11,C0062,P015,R012,2,0.15,35000,21000,70000,10500.0,59500.0,42000,17500.0
ORD005515,2025-03-11,C0269,P005,R009,2,0.02,120000,84000,240000,4800.0,235200.0,168000,67200.0
ORD003223,2025-03-11,C0016,P003,R011,3,0.1,160000,112000,480000,48000.0,432000.0,336000,96000.0
ORD007363,2025-03-11,C0075,P008,R004,1,0.08,110000,72000,110000,8800.0,101200.0,72000,29200.0
ORD007832,2025-03-11,C0046,P007,R005,4,0.0,180000,118000,720000,0.0,720000.0,472000,248000.0
ORD000150,2025-03-11,C0163,P012,R006,2,0.0,125000,83000,250000,0.0,250000.0,166000,84000.0
ORD004441,2025-03-11,C0079,P019,R012,10,0.02,45000,29000,450000,9000.0,441000.0,290000,151000.0
ORD001369,2025-03-11,C0106,P005,R010,4,0.02,120000,84000,480000,9600.0,470400.0,336000,134400.0
ORD003632,2025-03-11,C0250,P020,R005,2,0.05,22000,13000,44000,2200.0,41800.0,26000,15800.0
ORD005042,2025-03-11,C0049,P013,R004,2,0.15,30000,18500,60000,9000.0,51000.0,37000,14000.0
ORD001708,2025-03-11,C0207,P014,R010,5,0.02,18000,10500,90000,1800.0,88200.0,52500,35700.0
ORD007877,2025-03-11,C0114,P016,R003,4,0.05,55000,35000,220000,11000.0,209000.0,140000,69000.0
ORD007917,2025-03-11,C0296,P010,R012,2,0.1,320000,215000,640000,64000.0,576000.0,430000,146000.0
ORD001805,2025-03-11,C0230,P008,R010,2,0.05,110000,72000,220000,11000.0,209000.0,144000,65000.0
ORD006717,2025-03-12,C0093,P003,R007,4,0.08,160000,112000,640000,51200.0,588800.0,448000,140800.0
ORD004955,2025-03-12,C0263,P019,R001,2,0.0,45000,29000,90000,0.0,90000.0,58000,32000.0
ORD004908,2025-03-12,C0265,P003,R008,3,0.15,160000,112000,480000,72000.0,408000.0,336000,72000.0
ORD004691,2025-03-12,C0236,P019,R009,4,0.2,45000,29000,180000,36000.0,144000.0,116000,28000.0
ORD003358,2025-03-12,C0104,P020,R002,6,0.2,22000,13000,132000,26400.0,105600.0,78000,27600.0
ORD003854,2025-03-12,C0112,P015,R006,2,0.08,35000,21000,70000,5600.0,64400.0,42000,22400.0
ORD005293,2025-03-12,C0069,P016,R001,5,0.15,55000,35000,275000,41250.0,233750.0,175000,58750.0
ORD004158,2025-03-12,C0085,P019,R011,3,0.15,45000,29000,135000,20250.0,114750.0,87000,27750.0
ORD005863,2025-03-12,C0300,P011,R011,4,0.15,85000,57000,340000,51000.0,289000.0,228000,61000.0
ORD003089,2025-03-12,C0225,P006,R003,4,0.05,95000,62000,380000,19000.0,361000.0,248000,113000.0
ORD005164,2025-03-12,C0122,P009,R008,5,0.08,130000,85000,650000,52000.0,598000.0,425000,173000.0
ORD006823,2025-03-12,C0154,P008,R013,3,0.1,110000,72000,330000,33000.0,297000.0,216000,81000.0
ORD004034,2025-03-13,C0081,P010,R006,3,0.08,320000,215000,960000,76800.0,883200.0,645000,238200.0
ORD001022,2025-03-13,C0249,P017,R008,3,0.08,75000,50000,225000,18000.0,207000.0,150000,57000.0
ORD003686,2025-03-13,C0132,P001,R012,4,0.1,350000,245000,1400000,140000.0,1260000.0,980000,280000.0
ORD007637,2025-03-13,C0168,P019,R005,4,0.1,45000,29000,180000,18000.0,162000.0,116000,46000.0
ORD001884,2025-03-13,C0152,P015,R005,4,0.08,35000,21000,140000,11200.0,128800.0,84000,44800.0
ORD000258,2025-03-13,C0014,P001,R011,2,0.0,350000,245000,700000,0.0,700000.0,490000,210000.0
ORD007473,2025-03-13,C0040,P013,R001,2,0.1,30000,18500,60000,6000.0,54000.0,37000,17000.0
ORD005919,2025-03-13,C0221,P017,R013,2,0.02,75000,50000,150000,3000.0,147000.0,100000,47000.0
ORD005903,2025-03-13,C0234,P001,R010,1,0.1,350000,245000,350000,35000.0,315000.0,245000,70000.0
ORD003448,2025-03-13,C0117,P014,R005,5,0.0,18000,10500,90000,0.0,90000.0,52500,37500.0
ORD003462,2025-03-13,C0041,P012,R001,3,0.02,125000,83000,375000,7500.0,367500.0,249000,118500.0
ORD003526,2025-03-13,C0148,P015,R009,3,0.02,35000,21000,105000,2100.0,102900.0,63000,39900.0
ORD003840,2025-03-13,C0242,P008,R001,1,0.0,110000,72000,110000,0.0,110000.0,72000,38000.0
ORD007160,2025-03-13,C0160,P006,R013,1,0.02,95000,62000,95000,1900.0,93100.0,62000,31100.0
ORD007854,2025-03-13,C0222,P005,R010,3,0.1,120000,84000,360000,36000.0,324000.0,252000,72000.0
ORD004486,2025-03-14,C0282,P007,R013,5,0.1,180000,118000,900000,90000.0,810000.0,590000,220000.0
ORD005770,2025-03-14,C0184,P002,R010,4,0.1,220000,155000,880000,88000.0,792000.0,620000,172000.0
ORD002764,2025-03-14,C0175,P011,R013,5,0.02,85000,57000,425000,8500.0,416500.0,285000,131500.0
ORD007062,2025-03-14,C0221,P020,R004,2,0.02,22000,13000,44000,880.0,43120.0,26000,17120.0
ORD001058,2025-03-14,C0052,P009,R008,5,0.05,130000,85000,650000,32500.0,617500.0,425000,192500.0
ORD003966,2025-03-14,C0155,P017,R010,6,0.0,75000,50000,450000,0.0,450000.0,300000,150000.0
ORD007005,2025-03-14,C0211,P010,R011,3,0.1,320000,215000,960000,96000.0,864000.0,645000,219000.0
ORD001995,2025-03-14,C0146,P011,R012,1,0.0,85000,57000,85000,0.0,85000.0,57000,28000.0
ORD005666,2025-03-14,C0202,P016,R002,3,0.05,55000,35000,165000,8250.0,156750.0,105000,51750.0
ORD000326,2025-03-14,C0282,P006,R005,3,0.02,95000,62000,285000,5700.0,279300.0,186000,93300.0
ORD005678,2025-03-14,C0004,P008,R003,2,0.1,110000,72000,220000,22000.0,198000.0,144000,54000.0
ORD004056,2025-03-14,C0155,P016,R002,1,0.15,55000,35000,55000,8250.0,46750.0,35000,11750.0
ORD003109,2025-03-14,C0091,P007,R008,2,0.05,180000,118000,360000,18000.0,342000.0,236000,106000.0
ORD003340,2025-03-14,C0290,P005,R006,1,0.05,120000,84000,120000,6000.0,114000.0,84000,30000.0
ORD007264,2025-03-14,C0278,P014,R004,1,0.08,18000,10500,18000,1440.0,16560.0,10500,6060.0
ORD002918,2025-03-14,C0124,P020,R007,4,0.02,22000,13000,88000,1760.0,86240.0,52000,34240.0
ORD007328,2025-03-14,C0280,P017,R003,1,0.1,75000,50000,75000,7500.0,67500.0,50000,17500.0
ORD000718,2025-03-14,C0244,P011,R008,10,0.1,85000,57000,850000,85000.0,765000.0,570000,195000.0
ORD006098,2025-03-14,C0228,P015,R010,6,0.08,35000,21000,210000,16800.0,193200.0,126000,67200.0
ORD002154,2025-03-14,C0281,P013,R001,3,0.02,30000,18500,90000,1800.0,88200.0,55500,32700.0
ORD002890,2025-03-14,C0098,P018,R007,1,0.02,90000,62000,90000,1800.0,88200.0,62000,26200.0
ORD001367,2025-03-14,C0265,P014,R012,3,0.15,18000,10500,54000,8100.0,45900.0,31500,14400.0
ORD002934,2025-03-14,C0258,P015,R003,3,0.05,35000,21000,105000,5250.0,99750.0,63000,36750.0
ORD004862,2025-03-14,C0203,P001,R007,1,0.05,350000,245000,350000,17500.0,332500.0,245000,87500.0
ORD002971,2025-03-14,C0169,P001,R009,1,0.0,350000,245000,350000,0.0,350000.0,245000,105000.0
ORD003594,2025-03-14,C0106,P009,R004,5,0.1,130000,85000,650000,65000.0,585000.0,425000,160000.0
ORD001449,2025-03-14,C0121,P013,R012,4,0.05,30000,18500,120000,6000.0,114000.0,74000,40000.0
ORD003276,2025-03-15,C0073,P020,R006,6,0.08,22000,13000,132000,10560.0,121440.0,78000,43440.0
ORD005447,2025-03-15,C0208,P002,R005,6,0.15,220000,155000,1320000,198000.0,1122000.0,930000,192000.0
ORD007577,2025-03-15,C0176,P007,R013,4,0.08,180000,118000,720000,57600.0,662400.0,472000,190400.0
ORD002373,2025-03-15,C0164,P009,R007,8,0.0,130000,85000,1040000,0.0,1040000.0,680000,360000.0
ORD007428,2025-03-15,C0204,P009,R005,2,0.1,130000,85000,260000,26000.0,234000.0,170000,64000.0
ORD002621,2025-03-15,C0222,P004,R011,2,0.08,140000,98000,280000,22400.0,257600.0,196000,61600.0
ORD006302,2025-03-15,C0189,P016,R002,4,0.05,55000,35000,220000,11000.0,209000.0,140000,69000.0
ORD007163,2025-03-15,C0091,P018,R005,1,0.1,90000,62000,90000,9000.0,81000.0,62000,19000.0
ORD004812,2025-03-15,C0223,P007,R006,4,0.15,180000,118000,720000,108000.0,612000.0,472000,140000.0
ORD000126,2025-03-15,C0002,P009,R010,8,0.05,130000,85000,1040000,52000.0,988000.0,680000,308000.0
ORD007354,2025-03-15,C0098,P002,R009,3,0.2,220000,155000,660000,132000.0,528000.0,465000,63000.0
ORD004832,2025-03-15,C0030,P008,R012,2,0.0,110000,72000,220000,0.0,220000.0,144000,76000.0
ORD004484,2025-03-15,C0293,P002,R008,6,0.0,220000,155000,1320000,0.0,1320000.0,930000,390000.0
ORD005795,2025-03-15,C0224,P010,R003,3,0.0,320000,215000,960000,0.0,960000.0,645000,315000.0
ORD001779,2025-03-15,C0067,P015,R005,5,0.05,35000,21000,175000,8750.0,166250.0,105000,61250.0
ORD006933,2025-03-16,C0291,P014,R010,6,0.1,18000,10500,108000,10800.0,97200.0,63000,34200.0
ORD004410,2025-03-16,C0095,P006,R012,1,0.05,95000,62000,95000,4750.0,90250.0,62000,28250.0
ORD000272,2025-03-16,C0105,P017,R005,4,0.0,75000,50000,300000,0.0,300000.0,200000,100000.0
ORD005720,2025-03-16,C0069,P007,R001,1,0.2,180000,118000,180000,36000.0,144000.0,118000,26000.0
ORD000075,2025-03-16,C0154,P005,R008,4,0.02,120000,84000,480000,9600.0,470400.0,336000,134400.0
ORD000670,2025-03-16,C0207,P015,R005,2,0.15,35000,21000,70000,10500.0,59500.0,42000,17500.0
ORD002393,2025-03-16,C0022,P003,R007,5,0.15,160000,112000,800000,120000.0,680000.0,560000,120000.0
ORD003291,2025-03-16,C0098,P005,R010,1,0.0,120000,84000,120000,0.0,120000.0,84000,36000.0
ORD002195,2025-03-16,C0165,P010,R003,4,0.08,320000,215000,1280000,102400.0,1177600.0,860000,317600.0
ORD002331,2025-03-16,C0103,P005,R004,2,0.0,120000,84000,240000,0.0,240000.0,168000,72000.0
ORD004104,2025-03-16,C0163,P010,R009,3,0.05,320000,215000,960000,48000.0,912000.0,645000,267000.0
ORD005814,2025-03-16,C0067,P016,R009,3,0.08,55000,35000,165000,13200.0,151800.0,105000,46800.0
ORD004548,2025-03-16,C0050,P003,R010,3,0.08,160000,112000,480000,38400.0,441600.0,336000,105600.0
ORD006586,2025-03-16,C0246,P012,R005,2,0.15,125000,83000,250000,37500.0,212500.0,166000,46500.0
ORD005159,2025-03-16,C0246,P020,R001,2,0.15,22000,13000,44000,6600.0,37400.0,26000,11400.0
ORD000549,2025-03-16,C0157,P007,R006,3,0.0,180000,118000,540000,0.0,540000.0,354000,186000.0
ORD001945,2025-03-16,C0289,P006,R013,2,0.05,95000,62000,190000,9500.0,180500.0,124000,56500.0
ORD000408,2025-03-16,C0086,P010,R012,3,0.02,320000,215000,960000,19200.0,940800.0,645000,295800.0
ORD006190,2025-03-16,C0248,P005,R001,4,0.2,120000,84000,480000,96000.0,384000.0,336000,48000.0
ORD001767,2025-03-16,C0110,P006,R002,4,0.2,95000,62000,380000,76000.0,304000.0,248000,56000.0
ORD000976,2025-03-16,C0222,P016,R009,6,0.0,55000,35000,330000,0.0,330000.0,210000,120000.0
ORD002166,2025-03-16,C0262,P015,R002,6,0.02,35000,21000,210000,4200.0,205800.0,126000,79800.0
ORD003785,2025-03-17,C0207,P020,R001,3,0.05,22000,13000,66000,3300.0,62700.0,39000,23700.0
ORD005370,2025-03-17,C0001,P007,R007,5,0.15,180000,118000,900000,135000.0,765000.0,590000,175000.0
ORD001254,2025-03-17,C0189,P016,R006,1,0.02,55000,35000,55000,1100.0,53900.0,35000,18900.0
ORD003852,2025-03-17,C0213,P012,R010,6,0.2,125000,83000,750000,150000.0,600000.0,498000,102000.0
ORD007270,2025-03-17,C0017,P002,R013,10,0.2,220000,155000,2200000,440000.0,1760000.0,1550000,210000.0
ORD007944,2025-03-17,C0013,P017,R005,3,0.1,75000,50000,225000,22500.0,202500.0,150000,52500.0
ORD000023,2025-03-17,C0243,P016,R008,8,0.08,55000,35000,440000,35200.0,404800.0,280000,124800.0
ORD003836,2025-03-17,C0047,P004,R001,3,0.05,140000,98000,420000,21000.0,399000.0,294000,105000.0
ORD007007,2025-03-17,C0197,P011,R003,10,0.02,85000,57000,850000,17000.0,833000.0,570000,263000.0
ORD002053,2025-03-17,C0115,P006,R011,8,0.1,95000,62000,760000,76000.0,684000.0,496000,188000.0
ORD000100,2025-03-17,C0158,P017,R013,1,0.02,75000,50000,75000,1500.0,73500.0,50000,23500.0
ORD007091,2025-03-17,C0069,P001,R007,2,0.02,350000,245000,700000,14000.0,686000.0,490000,196000.0
ORD002772,2025-03-17,C0281,P007,R007,8,0.2,180000,118000,1440000,288000.0,1152000.0,944000,208000.0
ORD006001,2025-03-17,C0180,P020,R002,1,0.1,22000,13000,22000,2200.0,19800.0,13000,6800.0
ORD004348,2025-03-17,C0248,P008,R002,3,0.05,110000,72000,330000,16500.0,313500.0,216000,97500.0
ORD003468,2025-03-17,C0003,P010,R012,2,0.02,320000,215000,640000,12800.0,627200.0,430000,197200.0
ORD003036,2025-03-17,C0161,P002,R002,3,0.08,220000,155000,660000,52800.0,607200.0,465000,142200.0
ORD005606,2025-03-17,C0181,P007,R008,4,0.05,180000,118000,720000,36000.0,684000.0,472000,212000.0
ORD001743,2025-03-17,C0150,P015,R004,1,0.0,35000,21000,35000,0.0,35000.0,21000,14000.0
ORD007789,2025-03-18,C0177,P014,R010,3,0.08,18000,10500,54000,4320.0,49680.0,31500,18180.0
ORD007815,2025-03-18,C0273,P004,R008,8,0.05,140000,98000,1120000,56000.0,1064000.0,784000,280000.0
ORD004071,2025-03-18,C0193,P010,R008,2,0.1,320000,215000,640000,64000.0,576000.0,430000,146000.0
ORD007826,2025-03-18,C0048,P012,R003,3,0.1,125000,83000,375000,37500.0,337500.0,249000,88500.0
ORD006594,2025-03-18,C0260,P018,R003,4,0.0,90000,62000,360000,0.0,360000.0,248000,112000.0
ORD003233,2025-03-18,C0047,P002,R003,5,0.02,220000,155000,1100000,22000.0,1078000.0,775000,303000.0
ORD007014,2025-03-18,C0121,P007,R003,3,0.0,180000,118000,540000,0.0,540000.0,354000,186000.0
ORD007776,2025-03-18,C0256,P013,R001,4,0.02,30000,18500,120000,2400.0,117600.0,74000,43600.0
ORD001349,2025-03-18,C0068,P014,R002,2,0.08,18000,10500,36000,2880.0,33120.0,21000,12120.0
ORD007008,2025-03-18,C0058,P020,R011,2,0.2,22000,13000,44000,8800.0,35200.0,26000,9200.0
ORD007015,2025-03-18,C0213,P002,R008,4,0.08,220000,155000,880000,70400.0,809600.0,620000,189600.0
ORD002214,2025-03-18,C0008,P020,R012,1,0.0,22000,13000,22000,0.0,22000.0,13000,9000.0
ORD005441,2025-03-19,C0030,P017,R005,5,0.1,75000,50000,375000,37500.0,337500.0,250000,87500.0
ORD002787,2025-03-19,C0280,P013,R009,1,0.05,30000,18500,30000,1500.0,28500.0,18500,10000.0
ORD004551,2025-03-19,C0245,P011,R007,6,0.0,85000,57000,510000,0.0,510000.0,342000,168000.0
ORD000346,2025-03-19,C0010,P001,R005,2,0.02,350000,245000,700000,14000.0,686000.0,490000,196000.0
ORD003976,2025-03-19,C0172,P004,R002,2,0.08,140000,98000,280000,22400.0,257600.0,196000,61600.0
ORD005273,2025-03-19,C0051,P008,R002,2,0.05,110000,72000,220000,11000.0,209000.0,144000,65000.0
ORD004940,2025-03-19,C0188,P012,R003,3,0.05,125000,83000,375000,18750.0,356250.0,249000,107250.0
ORD000458,2025-03-19,C0231,P019,R013,2,0.08,45000,29000,90000,7200.0,82800.0,58000,24800.0
ORD006188,2025-03-19,C0219,P002,R001,3,0.0,220000,155000,660000,0.0,660000.0,465000,195000.0
ORD000248,2025-03-19,C0188,P013,R013,1,0.02,30000,18500,30000,600.0,29400.0,18500,10900.0
ORD000325,2025-03-19,C0274,P005,R013,4,0.0,120000,84000,480000,0.0,480000.0,336000,144000.0
ORD001765,2025-03-19,C0282,P005,R002,8,0.0,120000,84000,960000,0.0,960000.0,672000,288000.0
ORD000620,2025-03-19,C0252,P003,R013,2,0.02,160000,112000,320000,6400.0,313600.0,224000,89600.0
ORD001472,2025-03-20,C0209,P005,R001,4,0.15,120000,84000,480000,72000.0,408000.0,336000,72000.0
ORD001861,2025-03-20,C0031,P001,R013,2,0.0,350000,245000,700000,0.0,700000.0,490000,210000.0
ORD006685,2025-03-20,C0075,P018,R013,1,0.0,90000,62000,90000,0.0,90000.0,62000,28000.0
ORD000963,2025-03-20,C0236,P015,R003,3,0.05,35000,21000,105000,5250.0,99750.0,63000,36750.0
ORD004599,2025-03-20,C0258,P003,R004,4,0.02,160000,112000,640000,12800.0,627200.0,448000,179200.0
ORD002904,2025-03-20,C0282,P017,R002,3,0.1,75000,50000,225000,22500.0,202500.0,150000,52500.0
ORD004612,2025-03-20,C0279,P011,R009,1,0.1,85000,57000,85000,8500.0,76500.0,57000,19500.0
ORD004792,2025-03-20,C0213,P005,R007,5,0.2,120000,84000,600000,120000.0,480000.0,420000,60000.0
ORD002520,2025-03-20,C0109,P002,R013,2,0.02,220000,155000,440000,8800.0,431200.0,310000,121200.0
ORD006359,2025-03-20,C0259,P020,R003,3,0.15,22000,13000,66000,9900.0,56100.0,39000,17100.0
ORD006647,2025-03-20,C0081,P003,R012,10,0.0,160000,112000,1600000,0.0,1600000.0,1120000,480000.0
ORD004465,2025-03-20,C0178,P007,R002,1,0.2,180000,118000,180000,36000.0,144000.0,118000,26000.0
ORD004928,2025-03-20,C0265,P012,R001,1,0.0,125000,83000,125000,0.0,125000.0,83000,42000.0
ORD001565,2025-03-20,C0067,P003,R007,5,0.08,160000,112000,800000,64000.0,736000.0,560000,176000.0
ORD006475,2025-03-20,C0019,P019,R002,5,0.05,45000,29000,225000,11250.0,213750.0,145000,68750.0
ORD006083,2025-03-20,C0123,P020,R005,6,0.1,22000,13000,132000,13200.0,118800.0,78000,40800.0
ORD005935,2025-03-20,C0223,P013,R010,3,0.15,30000,18500,90000,13500.0,76500.0,55500,21000.0
ORD004129,2025-03-20,C0244,P017,R003,2,0.0,75000,50000,150000,0.0,150000.0,100000,50000.0
ORD004688,2025-03-20,C0058,P016,R013,5,0.0,55000,35000,275000,0.0,275000.0,175000,100000.0
ORD004873,2025-03-20,C0037,P015,R003,1,0.05,35000,21000,35000,1750.0,33250.0,21000,12250.0
ORD006576,2025-03-21,C0067,P018,R004,5,0.02,90000,62000,450000,9000.0,441000.0,310000,131000.0
ORD000181,2025-03-21,C0033,P016,R008,5,0.05,55000,35000,275000,13750.0,261250.0,175000,86250.0
ORD007487,2025-03-21,C0281,P009,R007,8,0.08,130000,85000,1040000,83200.0,956800.0,680000,276800.0
ORD006397,2025-03-21,C0218,P008,R013,1,0.05,110000,72000,110000,5500.0,104500.0,72000,32500.0
ORD005298,2025-03-21,C0012,P011,R008,1,0.15,85000,57000,85000,12750.0,72250.0,57000,15250.0
ORD005218,2025-03-21,C0031,P014,R007,1,0.02,18000,10500,18000,360.0,17640.0,10500,7140.0
ORD007573,2025-03-21,C0071,P013,R011,3,0.02,30000,18500,90000,1800.0,88200.0,55500,32700.0
ORD007419,2025-03-21,C0059,P009,R003,6,0.0,130000,85000,780000,0.0,780000.0,510000,270000.0
ORD001503,2025-03-21,C0125,P020,R006,8,0.15,22000,13000,176000,26400.0,149600.0,104000,45600.0
ORD007440,2025-03-21,C0114,P019,R002,3,0.08,45000,29000,135000,10800.0,124200.0,87000,37200.0
ORD000744,2025-03-22,C0015,P005,R008,1,0.08,120000,84000,120000,9600.0,110400.0,84000,26400.0
ORD002748,2025-03-22,C0023,P016,R007,3,0.05,55000,35000,165000,8250.0,156750.0,105000,51750.0
ORD004766,2025-03-22,C0125,P002,R001,5,0.08,220000,155000,1100000,88000.0,1012000.0,775000,237000.0
ORD002134,2025-03-22,C0257,P006,R006,3,0.0,95000,62000,285000,0.0,285000.0,186000,99000.0
ORD007766,2025-03-22,C0037,P001,R012,5,0.02,350000,245000,1750000,35000.0,1715000.0,1225000,490000.0
ORD000288,2025-03-22,C0138,P002,R005,1,0.15,220000,155000,220000,33000.0,187000.0,155000,32000.0
ORD007456,2025-03-22,C0187,P011,R011,3,0.02,85000,57000,255000,5100.0,249900.0,171000,78900.0
ORD005000,2025-03-22,C0070,P003,R013,3,0.15,160000,112000,480000,72000.0,408000.0,336000,72000.0
ORD005345,2025-03-22,C0268,P014,R009,1,0.05,18000,10500,18000,900.0,17100.0,10500,6600.0
ORD005382,2025-03-23,C0147,P017,R003,2,0.08,75000,50000,150000,12000.0,138000.0,100000,38000.0
ORD001818,2025-03-23,C0032,P007,R006,3,0.0,180000,118000,540000,0.0,540000.0,354000,186000.0
ORD005810,2025-03-23,C0118,P017,R005,3,0.15,75000,50000,225000,33750.0,191250.0,150000,41250.0
ORD005687,2025-03-23,C0203,P014,R001,2,0.02,18000,10500,36000,720.0,35280.0,21000,14280.0
ORD006736,2025-03-23,C0243,P019,R004,3,0.02,45000,29000,135000,2700.0,132300.0,87000,45300.0
ORD003426,2025-03-23,C0113,P008,R013,1,0.0,110000,72000,110000,0.0,110000.0,72000,38000.0
ORD006804,2025-03-23,C0046,P008,R011,1,0.0,110000,72000,110000,0.0,110000.0,72000,38000.0
ORD005541,2025-03-23,C0043,P002,R011,2,0.0,220000,155000,440000,0.0,440000.0,310000,130000.0
ORD000636,2025-03-23,C0005,P003,R009,2,0.0,160000,112000,320000,0.0,320000.0,224000,96000.0
ORD004860,2025-03-23,C0016,P014,R007,6,0.02,18000,10500,108000,2160.0,105840.0,63000,42840.0
ORD002279,2025-03-23,C0260,P011,R012,1,0.0,85000,57000,85000,0.0,85000.0,57000,28000.0
ORD003134,2025-03-23,C0219,P019,R013,1,0.0,45000,29000,45000,0.0,45000.0,29000,16000.0
ORD000916,2025-03-23,C0109,P013,R008,2,0.15,30000,18500,60000,9000.0,51000.0,37000,14000.0
ORD007280,2025-03-23,C0203,P014,R009,4,0.05,18000,10500,72000,3600.0,68400.0,42000,26400.0
ORD004617,2025-03-23,C0264,P011,R013,3,0.05,85000,57000,255000,12750.0,242250.0,171000,71250.0
ORD002862,2025-03-23,C0033,P004,R007,1,0.05,140000,98000,140000,7000.0,133000.0,98000,35000.0
ORD007612,2025-03-23,C0112,P007,R010,6,0.1,180000,118000,1080000,108000.0,972000.0,708000,264000.0
ORD002647,2025-03-23,C0159,P004,R010,2,0.15,140000,98000,280000,42000.0,238000.0,196000,42000.0
ORD004665,2025-03-23,C0024,P006,R002,3,0.05,95000,62000,285000,14250.0,270750.0,186000,84750.0
ORD001495,2025-03-24,C0125,P014,R006,10,0.02,18000,10500,180000,3600.0,176400.0,105000,71400.0
ORD005894,2025-03-24,C0293,P016,R010,10,0.0,55000,35000,550000,0.0,550000.0,350000,200000.0
ORD001988,2025-03-24,C0011,P019,R005,5,0.08,45000,29000,225000,18000.0,207000.0,145000,62000.0
ORD002336,2025-03-24,C0231,P010,R005,3,0.1,320000,215000,960000,96000.0,864000.0,645000,219000.0
ORD002409,2025-03-24,C0041,P007,R008,10,0.02,180000,118000,1800000,36000.0,1764000.0,1180000,584000.0
ORD006545,2025-03-24,C0119,P005,R008,2,0.08,120000,84000,240000,19200.0,220800.0,168000,52800.0
ORD004024,2025-03-24,C0223,P018,R005,2,0.05,90000,62000,180000,9000.0,171000.0,124000,47000.0
ORD007084,2025-03-24,C0091,P018,R011,3,0.1,90000,62000,270000,27000.0,243000.0,186000,57000.0
ORD004717,2025-03-24,C0026,P017,R006,2,0.0,75000,50000,150000,0.0,150000.0,100000,50000.0
ORD007251,2025-03-24,C0254,P002,R008,4,0.05,220000,155000,880000,44000.0,836000.0,620000,216000.0
ORD003792,2025-03-24,C0152,P003,R012,3,0.02,160000,112000,480000,9600.0,470400.0,336000,134400.0
ORD000245,2025-03-24,C0259,P010,R002,2,0.15,320000,215000,640000,96000.0,544000.0,430000,114000.0
ORD003574,2025-03-24,C0236,P011,R003,6,0.15,85000,57000,510000,76500.0,433500.0,342000,91500.0
ORD002916,2025-03-24,C0100,P007,R009,2,0.05,180000,118000,360000,18000.0,342000.0,236000,106000.0
ORD005494,2025-03-25,C0095,P015,R006,2,0.05,35000,21000,70000,3500.0,66500.0,42000,24500.0
ORD005235,2025-03-25,C0057,P016,R006,2,0.08,55000,35000,110000,8800.0,101200.0,70000,31200.0
ORD001315,2025-03-25,C0273,P015,R012,3,0.02,35000,21000,105000,2100.0,102900.0,63000,39900.0
ORD000568,2025-03-25,C0098,P005,R008,4,0.08,120000,84000,480000,38400.0,441600.0,336000,105600.0
ORD001072,2025-03-25,C0160,P014,R001,8,0.05,18000,10500,144000,7200.0,136800.0,84000,52800.0
ORD006170,2025-03-25,C0068,P003,R005,1,0.15,160000,112000,160000,24000.0,136000.0,112000,24000.0
ORD000978,2025-03-25,C0226,P001,R003,1,0.0,350000,245000,350000,0.0,350000.0,245000,105000.0
ORD001065,2025-03-25,C0117,P005,R001,4,0.2,120000,84000,480000,96000.0,384000.0,336000,48000.0
ORD002127,2025-03-25,C0195,P004,R011,6,0.08,140000,98000,840000,67200.0,772800.0,588000,184800.0
ORD005653,2025-03-25,C0074,P018,R006,1,0.1,90000,62000,90000,9000.0,81000.0,62000,19000.0
ORD007650,2025-03-25,C0252,P009,R003,8,0.0,130000,85000,1040000,0.0,1040000.0,680000,360000.0
ORD002841,2025-03-25,C0263,P019,R010,1,0.05,45000,29000,45000,2250.0,42750.0,29000,13750.0
ORD004958,2025-03-25,C0178,P015,R007,3,0.0,35000,21000,105000,0.0,105000.0,63000,42000.0
ORD000986,2025-03-25,C0165,P010,R006,2,0.08,320000,215000,640000,51200.0,588800.0,430000,158800.0
ORD006720,2025-03-25,C0051,P015,R011,2,0.1,35000,21000,70000,7000.0,63000.0,42000,21000.0
ORD001139,2025-03-25,C0194,P013,R006,1,0.02,30000,18500,30000,600.0,29400.0,18500,10900.0
ORD002114,2025-03-25,C0050,P001,R009,3,0.02,350000,245000,1050000,21000.0,1029000.0,735000,294000.0
ORD002673,2025-03-25,C0249,P020,R008,3,0.05,22000,13000,66000,3300.0,62700.0,39000,23700.0
ORD007814,2025-03-25,C0244,P020,R001,4,0.05,22000,13000,88000,4400.0,83600.0,52000,31600.0
ORD007022,2025-03-25,C0191,P004,R013,5,0.08,140000,98000,700000,56000.0,644000.0,490000,154000.0
ORD001412,2025-03-25,C0152,P018,R005,6,0.08,90000,62000,540000,43200.0,496800.0,372000,124800.0
ORD003364,2025-03-25,C0256,P014,R008,1,0.05,18000,10500,18000,900.0,17100.0,10500,6600.0
ORD006945,2025-03-26,C0153,P002,R007,2,0.08,220000,155000,440000,35200.0,404800.0,310000,94800.0
ORD000632,2025-03-26,C0123,P013,R013,3,0.1,30000,18500,90000,9000.0,81000.0,55500,25500.0
ORD004371,2025-03-26,C0150,P009,R006,1,0.02,130000,85000,130000,2600.0,127400.0,85000,42400.0
ORD006009,2025-03-26,C0257,P016,R003,1,0.05,55000,35000,55000,2750.0,52250.0,35000,17250.0
ORD004993,2025-03-26,C0131,P010,R007,1,0.08,320000,215000,320000,25600.0,294400.0,215000,79400.0
ORD004370,2025-03-26,C0157,P013,R013,10,0.15,30000,18500,300000,45000.0,255000.0,185000,70000.0
ORD004237,2025-03-26,C0132,P001,R006,1,0.05,350000,245000,350000,17500.0,332500.0,245000,87500.0
ORD001264,2025-03-26,C0173,P009,R001,2,0.0,130000,85000,260000,0.0,260000.0,170000,90000.0
ORD006433,2025-03-26,C0121,P010,R005,4,0.15,320000,215000,1280000,192000.0,1088000.0,860000,228000.0
ORD005274,2025-03-26,C0074,P018,R011,5,0.0,90000,62000,450000,0.0,450000.0,310000,140000.0
ORD005608,2025-03-26,C0128,P011,R004,4,0.02,85000,57000,340000,6800.0,333200.0,228000,105200.0
ORD007633,2025-03-26,C0037,P009,R003,2,0.08,130000,85000,260000,20800.0,239200.0,170000,69200.0
ORD000247,2025-03-26,C0125,P018,R008,2,0.05,90000,62000,180000,9000.0,171000.0,124000,47000.0
ORD002706,2025-03-26,C0036,P003,R005,1,0.05,160000,112000,160000,8000.0,152000.0,112000,40000.0
ORD007847,2025-03-27,C0262,P016,R009,1,0.08,55000,35000,55000,4400.0,50600.0,35000,15600.0
ORD007956,2025-03-27,C0248,P011,R006,4,0.05,85000,57000,340000,17000.0,323000.0,228000,95000.0
ORD006196,2025-03-27,C0051,P006,R005,2,0.05,95000,62000,190000,9500.0,180500.0,124000,56500.0
ORD000026,2025-03-27,C0092,P002,R007,1,0.0,220000,155000,220000,0.0,220000.0,155000,65000.0
ORD001215,2025-03-27,C0041,P001,R013,4,0.08,350000,245000,1400000,112000.0,1288000.0,980000,308000.0
ORD001041,2025-03-27,C0077,P009,R009,1,0.08,130000,85000,130000,10400.0,119600.0,85000,34600.0
ORD001847,2025-03-27,C0168,P010,R012,4,0.1,320000,215000,1280000,128000.0,1152000.0,860000,292000.0
ORD006493,2025-03-27,C0097,P003,R011,8,0.05,160000,112000,1280000,64000.0,1216000.0,896000,320000.0
ORD007236,2025-03-27,C0234,P019,R012,1,0.1,45000,29000,45000,4500.0,40500.0,29000,11500.0
ORD000365,2025-03-27,C0229,P010,R006,8,0.05,320000,215000,2560000,128000.0,2432000.0,1720000,712000.0
ORD003380,2025-03-27,C0147,P010,R003,1,0.1,320000,215000,320000,32000.0,288000.0,215000,73000.0
ORD004062,2025-03-27,C0212,P007,R009,4,0.08,180000,118000,720000,57600.0,662400.0,472000,190400.0
ORD000758,2025-03-27,C0043,P002,R005,4,0.05,220000,155000,880000,44000.0,836000.0,620000,216000.0
ORD005031,2025-03-27,C0105,P002,R011,5,0.02,220000,155000,1100000,22000.0,1078000.0,775000,303000.0
ORD002617,2025-03-27,C0289,P001,R012,8,0.08,350000,245000,2800000,224000.0,2576000.0,1960000,616000.0
ORD006155,2025-03-27,C0146,P013,R013,2,0.0,30000,18500,60000,0.0,60000.0,37000,23000.0
ORD007906,2025-03-27,C0060,P001,R006,1,0.02,350000,245000,350000,7000.0,343000.0,245000,98000.0
ORD007889,2025-03-28,C0225,P018,R010,4,0.0,90000,62000,360000,0.0,360000.0,248000,112000.0
ORD004573,2025-03-28,C0138,P002,R004,1,0.0,220000,155000,220000,0.0,220000.0,155000,65000.0
ORD007652,2025-03-28,C0089,P010,R003,2,0.08,320000,215000,640000,51200.0,588800.0,430000,158800.0
ORD006339,2025-03-28,C0088,P003,R006,2,0.15,160000,112000,320000,48000.0,272000.0,224000,48000.0
ORD001570,2025-03-28,C0288,P003,R007,2,0.0,160000,112000,320000,0.0,320000.0,224000,96000.0
ORD000602,2025-03-28,C0170,P007,R007,2,0.0,180000,118000,360000,0.0,360000.0,236000,124000.0
ORD002059,2025-03-28,C0176,P001,R007,3,0.05,350000,245000,1050000,52500.0,997500.0,735000,262500.0
ORD004139,2025-03-28,C0169,P004,R004,4,0.0,140000,98000,560000,0.0,560000.0,392000,168000.0
ORD007611,2025-03-28,C0201,P013,R010,3,0.05,30000,18500,90000,4500.0,85500.0,55500,30000.0
ORD001575,2025-03-28,C0109,P009,R012,3,0.05,130000,85000,390000,19500.0,370500.0,255000,115500.0
ORD001082,2025-03-28,C0210,P013,R004,5,0.0,30000,18500,150000,0.0,150000.0,92500,57500.0
ORD005542,2025-03-28,C0131,P006,R001,1,0.0,95000,62000,95000,0.0,95000.0,62000,33000.0
ORD003034,2025-03-28,C0111,P019,R001,3,0.05,45000,29000,135000,6750.0,128250.0,87000,41250.0
ORD002211,2025-03-28,C0119,P010,R001,3,0.05,320000,215000,960000,48000.0,912000.0,645000,267000.0
ORD004927,2025-03-28,C0045,P003,R006,2,0.05,160000,112000,320000,16000.0,304000.0,224000,80000.0
ORD003616,2025-03-28,C0018,P017,R010,8,0.02,75000,50000,600000,12000.0,588000.0,400000,188000.0
ORD003337,2025-03-29,C0010,P012,R008,3,0.15,125000,83000,375000,56250.0,318750.0,249000,69750.0
ORD000619,2025-03-29,C0090,P001,R007,2,0.02,350000,245000,700000,14000.0,686000.0,490000,196000.0
ORD005070,2025-03-29,C0156,P003,R005,1,0.0,160000,112000,160000,0.0,160000.0,112000,48000.0
ORD004383,2025-03-29,C0016,P017,R007,10,0.0,75000,50000,750000,0.0,750000.0,500000,250000.0
ORD001661,2025-03-29,C0228,P015,R012,6,0.02,35000,21000,210000,4200.0,205800.0,126000,79800.0
ORD003918,2025-03-29,C0200,P017,R011,5,0.02,75000,50000,375000,7500.0,367500.0,250000,117500.0
ORD005413,2025-03-29,C0153,P014,R003,6,0.2,18000,10500,108000,21600.0,86400.0,63000,23400.0
ORD006732,2025-03-29,C0169,P008,R011,8,0.02,110000,72000,880000,17600.0,862400.0,576000,286400.0
ORD005108,2025-03-29,C0016,P009,R010,10,0.08,130000,85000,1300000,104000.0,1196000.0,850000,346000.0
ORD002994,2025-03-29,C0114,P011,R007,2,0.05,85000,57000,170000,8500.0,161500.0,114000,47500.0
ORD002401,2025-03-29,C0168,P003,R009,2,0.15,160000,112000,320000,48000.0,272000.0,224000,48000.0
ORD007422,2025-03-29,C0090,P009,R011,3,0.02,130000,85000,390000,7800.0,382200.0,255000,127200.0
ORD007421,2025-03-29,C0177,P002,R003,6,0.05,220000,155000,1320000,66000.0,1254000.0,930000,324000.0
ORD002750,2025-03-29,C0131,P015,R002,2,0.08,35000,21000,70000,5600.0,64400.0,42000,22400.0
ORD007057,2025-03-29,C0265,P018,R002,6,0.1,90000,62000,540000,54000.0,486000.0,372000,114000.0
ORD007013,2025-03-29,C0215,P010,R005,10,0.05,320000,215000,3200000,160000.0,3040000.0,2150000,890000.0
ORD001036,2025-03-29,C0159,P010,R002,10,0.0,320000,215000,3200000,0.0,3200000.0,2150000,1050000.0
ORD007291,2025-03-30,C0146,P016,R001,1,0.05,55000,35000,55000,2750.0,52250.0,35000,17250.0
ORD000462,2025-03-30,C0125,P013,R005,2,0.0,30000,18500,60000,0.0,60000.0,37000,23000.0
ORD007647,2025-03-30,C0296,P015,R003,1,0.0,35000,21000,35000,0.0,35000.0,21000,14000.0
ORD004495,2025-03-30,C0163,P012,R011,3,0.15,125000,83000,375000,56250.0,318750.0,249000,69750.0
ORD003414,2025-03-30,C0157,P019,R013,3,0.0,45000,29000,135000,0.0,135000.0,87000,48000.0
ORD002801,2025-03-30,C0139,P014,R008,2,0.0,18000,10500,36000,0.0,36000.0,21000,15000.0
ORD007769,2025-03-30,C0188,P020,R013,1,0.05,22000,13000,22000,1100.0,20900.0,13000,7900.0
ORD001237,2025-03-30,C0272,P017,R001,5,0.02,75000,50000,375000,7500.0,367500.0,250000,117500.0
ORD002006,2025-03-30,C0213,P005,R010,2,0.08,120000,84000,240000,19200.0,220800.0,168000,52800.0
ORD007130,2025-03-30,C0274,P019,R004,5,0.15,45000,29000,225000,33750.0,191250.0,145000,46250.0
ORD000750,2025-03-30,C0026,P009,R003,4,0.1,130000,85000,520000,52000.0,468000.0,340000,128000.0
ORD000860,2025-03-30,C0271,P004,R004,3,0.0,140000,98000,420000,0.0,420000.0,294000,126000.0
ORD000069,2025-03-31,C0158,P008,R008,6,0.0,110000,72000,660000,0.0,660000.0,432000,228000.0
ORD006408,2025-03-31,C0106,P001,R006,4,0.05,350000,245000,1400000,70000.0,1330000.0,980000,350000.0
ORD005200,2025-03-31,C0068,P005,R012,1,0.08,120000,84000,120000,9600.0,110400.0,84000,26400.0
ORD004197,2025-03-31,C0068,P008,R006,5,0.02,110000,72000,550000,11000.0,539000.0,360000,179000.0
ORD007811,2025-03-31,C0246,P016,R011,3,0.02,55000,35000,165000,3300.0,161700.0,105000,56700.0
ORD005101,2025-03-31,C0100,P018,R007,2,0.05,90000,62000,180000,9000.0,171000.0,124000,47000.0
ORD004911,2025-03-31,C0268,P009,R010,1,0.02,130000,85000,130000,2600.0,127400.0,85000,42400.0
ORD003850,2025-03-31,C0086,P011,R012,3,0.08,85000,57000,255000,20400.0,234600.0,171000,63600.0
ORD002589,2025-03-31,C0206,P006,R008,2,0.0,95000,62000,190000,0.0,190000.0,124000,66000.0
ORD002534,2025-03-31,C0081,P002,R005,1,0.05,220000,155000,220000,11000.0,209000.0,155000,54000.0
ORD007506,2025-03-31,C0145,P010,R007,2,0.08,320000,215000,640000,51200.0,588800.0,430000,158800.0
ORD004395,2025-03-31,C0287,P004,R011,1,0.08,140000,98000,140000,11200.0,128800.0,98000,30800.0
ORD001301,2025-03-31,C0077,P016,R001,4,0.02,55000,35000,220000,4400.0,215600.0,140000,75600.0
ORD003319,2025-03-31,C0227,P012,R009,4,0.0,125000,83000,500000,0.0,500000.0,332000,168000.0
ORD004190,2025-03-31,C0285,P020,R005,5,0.05,22000,13000,110000,5500.0,104500.0,65000,39500.0
ORD000427,2025-03-31,C0008,P002,R008,4,0.05,220000,155000,880000,44000.0,836000.0,620000,216000.0
ORD001050,2025-03-31,C0006,P018,R004,8,0.0,90000,62000,720000,0.0,720000.0,496000,224000.0
ORD006075,2025-03-31,C0174,P007,R011,6,0.08,180000,118000,1080000,86400.0,993600.0,708000,285600.0
ORD005632,2025-03-31,C0271,P008,R003,2,0.08,110000,72000,220000,17600.0,202400.0,144000,58400.0
ORD000207,2025-03-31,C0021,P016,R012,2,0.0,55000,35000,110000,0.0,110000.0,70000,40000.0
ORD004807,2025-03-31,C0084,P008,R010,4,0.0,110000,72000,440000,0.0,440000.0,288000,152000.0
ORD005524,2025-04-01,C0007,P014,R003,2,0.0,18000,10500,36000,0.0,36000.0,21000,15000.0
ORD007345,2025-04-01,C0218,P012,R006,1,0.0,125000,83000,125000,0.0,125000.0,83000,42000.0
ORD003242,2025-04-01,C0147,P004,R001,3,0.0,140000,98000,420000,0.0,420000.0,294000,126000.0
ORD003637,2025-04-01,C0095,P014,R009,5,0.15,18000,10500,90000,13500.0,76500.0,52500,24000.0
ORD006774,2025-04-01,C0060,P015,R005,1,0.05,35000,21000,35000,1750.0,33250.0,21000,12250.0
ORD002256,2025-04-01,C0196,P014,R009,6,0.02,18000,10500,108000,2160.0,105840.0,63000,42840.0
ORD005955,2025-04-01,C0230,P004,R002,5,0.0,140000,98000,700000,0.0,700000.0,490000,210000.0
ORD006650,2025-04-01,C0277,P020,R012,5,0.05,22000,13000,110000,5500.0,104500.0,65000,39500.0
ORD000156,2025-04-01,C0021,P012,R003,2,0.0,125000,83000,250000,0.0,250000.0,166000,84000.0
ORD002646,2025-04-01,C0046,P012,R005,4,0.05,125000,83000,500000,25000.0,475000.0,332000,143000.0
ORD001476,2025-04-02,C0188,P019,R006,2,0.05,45000,29000,90000,4500.0,85500.0,58000,27500.0
ORD005826,2025-04-02,C0179,P011,R013,6,0.1,85000,57000,510000,51000.0,459000.0,342000,117000.0
ORD005296,2025-04-02,C0069,P006,R011,6,0.1,95000,62000,570000,57000.0,513000.0,372000,141000.0
ORD003173,2025-04-02,C0038,P004,R003,4,0.08,140000,98000,560000,44800.0,515200.0,392000,123200.0
ORD004309,2025-04-02,C0129,P019,R013,2,0.05,45000,29000,90000,4500.0,85500.0,58000,27500.0
ORD006611,2025-04-02,C0283,P004,R012,2,0.02,140000,98000,280000,5600.0,274400.0,196000,78400.0
ORD006266,2025-04-02,C0006,P006,R003,2,0.08,95000,62000,190000,15200.0,174800.0,124000,50800.0
ORD002984,2025-04-02,C0207,P013,R001,5,0.15,30000,18500,150000,22500.0,127500.0,92500,35000.0
ORD001042,2025-04-02,C0085,P009,R001,1,0.05,130000,85000,130000,6500.0,123500.0,85000,38500.0
ORD000900,2025-04-02,C0060,P010,R002,1,0.0,320000,215000,320000,0.0,320000.0,215000,105000.0
ORD005551,2025-04-02,C0148,P016,R001,5,0.02,55000,35000,275000,5500.0,269500.0,175000,94500.0
ORD004880,2025-04-02,C0215,P001,R001,1,0.05,350000,245000,350000,17500.0,332500.0,245000,87500.0
ORD001519,2025-04-02,C0107,P001,R007,4,0.1,350000,245000,1400000,140000.0,1260000.0,980000,280000.0
ORD007221,2025-04-02,C0026,P008,R004,10,0.05,110000,72000,1100000,55000.0,1045000.0,720000,325000.0
ORD007171,2025-04-03,C0214,P012,R001,1,0.05,125000,83000,125000,6250.0,118750.0,83000,35750.0
ORD003080,2025-04-03,C0208,P005,R013,3,0.15,120000,84000,360000,54000.0,306000.0,252000,54000.0
ORD003302,2025-04-03,C0245,P010,R008,4,0.05,320000,215000,1280000,64000.0,1216000.0,860000,356000.0
ORD005658,2025-04-03,C0003,P011,R007,3,0.08,85000,57000,255000,20400.0,234600.0,171000,63600.0
ORD003110,2025-04-03,C0030,P017,R011,2,0.15,75000,50000,150000,22500.0,127500.0,100000,27500.0
ORD002616,2025-04-03,C0290,P010,R013,5,0.05,320000,215000,1600000,80000.0,1520000.0,1075000,445000.0
ORD000311,2025-04-03,C0059,P004,R011,2,0.02,140000,98000,280000,5600.0,274400.0,196000,78400.0
ORD001098,2025-04-03,C0034,P002,R013,3,0.02,220000,155000,660000,13200.0,646800.0,465000,181800.0
ORD002576,2025-04-03,C0228,P011,R011,6,0.02,85000,57000,510000,10200.0,499800.0,342000,157800.0
ORD006401,2025-04-03,C0067,P005,R005,1,0.1,120000,84000,120000,12000.0,108000.0,84000,24000.0
ORD003759,2025-04-03,C0184,P006,R002,2,0.02,95000,62000,190000,3800.0,186200.0,124000,62200.0
ORD002069,2025-04-03,C0205,P011,R012,1,0.05,85000,57000,85000,4250.0,80750.0,57000,23750.0
ORD006422,2025-04-03,C0008,P010,R013,3,0.05,320000,215000,960000,48000.0,912000.0,645000,267000.0
ORD004128,2025-04-03,C0023,P017,R009,1,0.02,75000,50000,75000,1500.0,73500.0,50000,23500.0
ORD004973,2025-04-03,C0152,P008,R010,1,0.0,110000,72000,110000,0.0,110000.0,72000,38000.0
ORD003371,2025-04-03,C0238,P017,R012,2,0.02,75000,50000,150000,3000.0,147000.0,100000,47000.0
ORD004628,2025-04-03,C0087,P006,R001,6,0.0,95000,62000,570000,0.0,570000.0,372000,198000.0
ORD005450,2025-04-03,C0085,P006,R001,2,0.08,95000,62000,190000,15200.0,174800.0,124000,50800.0
ORD000031,2025-04-04,C0195,P016,R006,3,0.02,55000,35000,165000,3300.0,161700.0,105000,56700.0
ORD003320,2025-04-04,C0230,P007,R011,3,0.15,180000,118000,540000,81000.0,459000.0,354000,105000.0
ORD006999,2025-04-04,C0227,P012,R001,2,0.02,125000,83000,250000,5000.0,245000.0,166000,79000.0
ORD003505,2025-04-04,C0017,P011,R011,5,0.1,85000,57000,425000,42500.0,382500.0,285000,97500.0
ORD006562,2025-04-04,C0092,P019,R013,3,0.1,45000,29000,135000,13500.0,121500.0,87000,34500.0
ORD004627,2025-04-04,C0112,P003,R008,3,0.0,160000,112000,480000,0.0,480000.0,336000,144000.0
ORD004853,2025-04-04,C0235,P015,R002,1,0.02,35000,21000,35000,700.0,34300.0,21000,13300.0
ORD004469,2025-04-05,C0259,P019,R010,3,0.15,45000,29000,135000,20250.0,114750.0,87000,27750.0
ORD006210,2025-04-05,C0057,P011,R010,6,0.08,85000,57000,510000,40800.0,469200.0,342000,127200.0
ORD001460,2025-04-05,C0108,P001,R001,5,0.0,350000,245000,1750000,0.0,1750000.0,1225000,525000.0
ORD005291,2025-04-05,C0243,P003,R004,1,0.0,160000,112000,160000,0.0,160000.0,112000,48000.0
ORD002802,2025-04-05,C0148,P018,R001,3,0.0,90000,62000,270000,0.0,270000.0,186000,84000.0
ORD000506,2025-04-05,C0089,P013,R008,2,0.0,30000,18500,60000,0.0,60000.0,37000,23000.0
ORD007709,2025-04-05,C0242,P004,R002,1,0.08,140000,98000,140000,11200.0,128800.0,98000,30800.0
ORD004593,2025-04-05,C0275,P006,R011,5,0.15,95000,62000,475000,71250.0,403750.0,310000,93750.0
ORD000257,2025-04-05,C0245,P016,R002,1,0.1,55000,35000,55000,5500.0,49500.0,35000,14500.0
ORD000304,2025-04-05,C0179,P017,R008,1,0.05,75000,50000,75000,3750.0,71250.0,50000,21250.0
ORD007758,2025-04-05,C0023,P006,R005,5,0.1,95000,62000,475000,47500.0,427500.0,310000,117500.0
ORD000441,2025-04-05,C0182,P004,R003,1,0.02,140000,98000,140000,2800.0,137200.0,98000,39200.0
ORD003944,2025-04-06,C0043,P010,R001,2,0.05,320000,215000,640000,32000.0,608000.0,430000,178000.0
ORD003392,2025-04-06,C0204,P001,R003,10,0.0,350000,245000,3500000,0.0,3500000.0,2450000,1050000.0
ORD000084,2025-04-06,C0199,P013,R010,1,0.05,30000,18500,30000,1500.0,28500.0,18500,10000.0
ORD002397,2025-04-06,C0015,P019,R013,4,0.02,45000,29000,180000,3600.0,176400.0,116000,60400.0
ORD006952,2025-04-06,C0142,P009,R005,1,0.2,130000,85000,130000,26000.0,104000.0,85000,19000.0
ORD000015,2025-04-06,C0035,P006,R010,4,0.0,95000,62000,380000,0.0,380000.0,248000,132000.0
ORD006492,2025-04-06,C0164,P006,R012,4,0.05,95000,62000,380000,19000.0,361000.0,248000,113000.0
ORD005377,2025-04-06,C0061,P019,R012,3,0.0,45000,29000,135000,0.0,135000.0,87000,48000.0
ORD003996,2025-04-06,C0052,P015,R008,2,0.08,35000,21000,70000,5600.0,64400.0,42000,22400.0
ORD003772,2025-04-06,C0271,P008,R010,2,0.05,110000,72000,220000,11000.0,209000.0,144000,65000.0
ORD007246,2025-04-06,C0097,P003,R007,4,0.1,160000,112000,640000,64000.0,576000.0,448000,128000.0
ORD000618,2025-04-06,C0219,P007,R012,6,0.0,180000,118000,1080000,0.0,1080000.0,708000,372000.0
ORD002753,2025-04-06,C0285,P002,R002,1,0.08,220000,155000,220000,17600.0,202400.0,155000,47400.0
ORD003147,2025-04-06,C0205,P008,R012,6,0.08,110000,72000,660000,52800.0,607200.0,432000,175200.0
ORD002826,2025-04-07,C0244,P004,R011,4,0.08,140000,98000,560000,44800.0,515200.0,392000,123200.0
ORD001559,2025-04-07,C0143,P004,R011,4,0.0,140000,98000,560000,0.0,560000.0,392000,168000.0
ORD007592,2025-04-07,C0055,P007,R013,5,0.2,180000,118000,900000,180000.0,720000.0,590000,130000.0
ORD007684,2025-04-07,C0229,P003,R010,2,0.15,160000,112000,320000,48000.0,272000.0,224000,48000.0
ORD001869,2025-04-07,C0004,P017,R012,4,0.2,75000,50000,300000,60000.0,240000.0,200000,40000.0
ORD004777,2025-04-07,C0110,P007,R010,4,0.2,180000,118000,720000,144000.0,576000.0,472000,104000.0
ORD004785,2025-04-07,C0066,P007,R009,10,0.0,180000,118000,1800000,0.0,1800000.0,1180000,620000.0
ORD000487,2025-04-07,C0128,P020,R005,2,0.0,22000,13000,44000,0.0,44000.0,26000,18000.0
ORD004811,2025-04-07,C0072,P004,R008,2,0.05,140000,98000,280000,14000.0,266000.0,196000,70000.0
ORD005576,2025-04-07,C0231,P003,R010,8,0.08,160000,112000,1280000,102400.0,1177600.0,896000,281600.0
ORD004659,2025-04-07,C0121,P015,R012,4,0.05,35000,21000,140000,7000.0,133000.0,84000,49000.0
ORD003025,2025-04-07,C0102,P016,R008,3,0.08,55000,35000,165000,13200.0,151800.0,105000,46800.0
ORD000701,2025-04-08,C0218,P004,R002,8,0.05,140000,98000,1120000,56000.0,1064000.0,784000,280000.0
ORD003357,2025-04-08,C0221,P012,R008,2,0.02,125000,83000,250000,5000.0,245000.0,166000,79000.0
ORD005829,2025-04-08,C0113,P007,R011,4,0.08,180000,118000,720000,57600.0,662400.0,472000,190400.0
ORD004616,2025-04-08,C0180,P013,R002,2,0.15,30000,18500,60000,9000.0,51000.0,37000,14000.0
ORD001844,2025-04-08,C0180,P005,R009,1,0.1,120000,84000,120000,12000.0,108000.0,84000,24000.0
ORD000277,2025-04-08,C0100,P005,R004,4,0.15,120000,84000,480000,72000.0,408000.0,336000,72000.0
ORD000776,2025-04-08,C0143,P011,R002,1,0.2,85000,57000,85000,17000.0,68000.0,57000,11000.0
ORD004227,2025-04-08,C0156,P014,R005,2,0.05,18000,10500,36000,1800.0,34200.0,21000,13200.0
ORD003521,2025-04-08,C0044,P014,R001,2,0.02,18000,10500,36000,720.0,35280.0,21000,14280.0
ORD002868,2025-04-08,C0090,P002,R012,2,0.05,220000,155000,440000,22000.0,418000.0,310000,108000.0
ORD004504,2025-04-09,C0290,P012,R013,4,0.05,125000,83000,500000,25000.0,475000.0,332000,143000.0
ORD005964,2025-04-09,C0298,P004,R002,2,0.08,140000,98000,280000,22400.0,257600.0,196000,61600.0
ORD006440,2025-04-09,C0114,P017,R003,4,0.0,75000,50000,300000,0.0,300000.0,200000,100000.0
ORD005153,2025-04-09,C0260,P016,R008,4,0.08,55000,35000,220000,17600.0,202400.0,140000,62400.0
ORD000970,2025-04-09,C0214,P008,R009,5,0.02,110000,72000,550000,11000.0,539000.0,360000,179000.0
ORD005777,2025-04-09,C0054,P005,R004,5,0.15,120000,84000,600000,90000.0,510000.0,420000,90000.0
ORD005926,2025-04-09,C0147,P005,R008,5,0.02,120000,84000,600000,12000.0,588000.0,420000,168000.0
ORD002247,2025-04-09,C0261,P012,R010,2,0.15,125000,83000,250000,37500.0,212500.0,166000,46500.0
ORD000850,2025-04-09,C0105,P015,R007,1,0.05,35000,21000,35000,1750.0,33250.0,21000,12250.0
ORD000236,2025-04-09,C0095,P020,R009,5,0.0,22000,13000,110000,0.0,110000.0,65000,45000.0
ORD001496,2025-04-09,C0258,P006,R006,2,0.1,95000,62000,190000,19000.0,171000.0,124000,47000.0
ORD000108,2025-04-09,C0077,P001,R003,4,0.05,350000,245000,1400000,70000.0,1330000.0,980000,350000.0
ORD003814,2025-04-09,C0218,P006,R001,1,0.0,95000,62000,95000,0.0,95000.0,62000,33000.0
ORD000083,2025-04-09,C0190,P003,R011,2,0.0,160000,112000,320000,0.0,320000.0,224000,96000.0
ORD006872,2025-04-09,C0217,P015,R009,1,0.0,35000,21000,35000,0.0,35000.0,21000,14000.0
ORD002662,2025-04-09,C0295,P004,R003,3,0.15,140000,98000,420000,63000.0,357000.0,294000,63000.0
ORD007293,2025-04-09,C0030,P017,R003,5,0.02,75000,50000,375000,7500.0,367500.0,250000,117500.0
ORD006254,2025-04-10,C0275,P009,R004,4,0.0,130000,85000,520000,0.0,520000.0,340000,180000.0
ORD007535,2025-04-10,C0167,P004,R010,6,0.0,140000,98000,840000,0.0,840000.0,588000,252000.0
ORD006161,2025-04-10,C0254,P010,R011,3,0.0,320000,215000,960000,0.0,960000.0,645000,315000.0
ORD005800,2025-04-10,C0300,P013,R010,1,0.08,30000,18500,30000,2400.0,27600.0,18500,9100.0
ORD002440,2025-04-10,C0282,P003,R011,1,0.02,160000,112000,160000,3200.0,156800.0,112000,44800.0
ORD002779,2025-04-10,C0262,P020,R002,6,0.15,22000,13000,132000,19800.0,112200.0,78000,34200.0
ORD002446,2025-04-10,C0211,P004,R007,5,0.02,140000,98000,700000,14000.0,686000.0,490000,196000.0
ORD001125,2025-04-10,C0198,P005,R008,5,0.0,120000,84000,600000,0.0,600000.0,420000,180000.0
ORD005877,2025-04-10,C0202,P014,R013,2,0.1,18000,10500,36000,3600.0,32400.0,21000,11400.0
ORD000043,2025-04-10,C0081,P007,R006,4,0.05,180000,118000,720000,36000.0,684000.0,472000,212000.0
ORD002895,2025-04-10,C0287,P015,R011,1,0.02,35000,21000,35000,700.0,34300.0,21000,13300.0
ORD004201,2025-04-11,C0226,P010,R008,5,0.02,320000,215000,1600000,32000.0,1568000.0,1075000,493000.0
ORD002427,2025-04-11,C0280,P008,R009,1,0.08,110000,72000,110000,8800.0,101200.0,72000,29200.0
ORD001571,2025-04-11,C0112,P017,R004,3,0.08,75000,50000,225000,18000.0,207000.0,150000,57000.0
ORD007896,2025-04-11,C0048,P010,R006,1,0.02,320000,215000,320000,6400.0,313600.0,215000,98600.0
ORD001435,2025-04-11,C0057,P006,R011,4,0.0,95000,62000,380000,0.0,380000.0,248000,132000.0
ORD002420,2025-04-11,C0045,P011,R008,3,0.0,85000,57000,255000,0.0,255000.0,171000,84000.0
ORD005772,2025-04-11,C0251,P006,R011,5,0.15,95000,62000,475000,71250.0,403750.0,310000,93750.0
ORD006126,2025-04-11,C0084,P020,R006,3,0.08,22000,13000,66000,5280.0,60720.0,39000,21720.0
ORD004834,2025-04-11,C0156,P009,R013,1,0.02,130000,85000,130000,2600.0,127400.0,85000,42400.0
ORD006024,2025-04-11,C0112,P010,R002,1,0.1,320000,215000,320000,32000.0,288000.0,215000,73000.0
ORD005180,2025-04-11,C0261,P010,R006,3,0.15,320000,215000,960000,144000.0,816000.0,645000,171000.0
ORD004859,2025-04-11,C0040,P008,R007,2,0.0,110000,72000,220000,0.0,220000.0,144000,76000.0
ORD006207,2025-04-11,C0141,P014,R008,1,0.02,18000,10500,18000,360.0,17640.0,10500,7140.0
ORD001710,2025-04-11,C0112,P007,R010,2,0.1,180000,118000,360000,36000.0,324000.0,236000,88000.0
ORD003379,2025-04-11,C0177,P006,R006,10,0.0,95000,62000,950000,0.0,950000.0,620000,330000.0
ORD005167,2025-04-11,C0234,P014,R006,3,0.08,18000,10500,54000,4320.0,49680.0,31500,18180.0
ORD004400,2025-04-11,C0217,P004,R013,3,0.0,140000,98000,420000,0.0,420000.0,294000,126000.0
ORD001506,2025-04-11,C0261,P013,R006,1,0.05,30000,18500,30000,1500.0,28500.0,18500,10000.0
ORD007216,2025-04-11,C0279,P004,R013,4,0.15,140000,98000,560000,84000.0,476000.0,392000,84000.0
ORD006846,2025-04-11,C0255,P018,R001,2,0.15,90000,62000,180000,27000.0,153000.0,124000,29000.0
ORD004058,2025-04-12,C0266,P011,R013,2,0.0,85000,57000,170000,0.0,170000.0,114000,56000.0
ORD001242,2025-04-12,C0134,P020,R006,2,0.02,22000,13000,44000,880.0,43120.0,26000,17120.0
ORD000733,2025-04-12,C0051,P009,R001,1,0.1,130000,85000,130000,13000.0,117000.0,85000,32000.0
ORD007073,2025-04-12,C0197,P020,R006,3,0.1,22000,13000,66000,6600.0,59400.0,39000,20400.0
ORD002746,2025-04-12,C0114,P007,R012,1,0.02,180000,118000,180000,3600.0,176400.0,118000,58400.0
ORD001362,2025-04-12,C0199,P006,R005,2,0.02,95000,62000,190000,3800.0,186200.0,124000,62200.0
ORD001261,2025-04-12,C0188,P016,R012,1,0.1,55000,35000,55000,5500.0,49500.0,35000,14500.0
ORD005818,2025-04-12,C0155,P019,R009,1,0.15,45000,29000,45000,6750.0,38250.0,29000,9250.0
ORD002553,2025-04-12,C0109,P016,R010,5,0.05,55000,35000,275000,13750.0,261250.0,175000,86250.0
ORD001911,2025-04-12,C0078,P003,R013,5,0.2,160000,112000,800000,160000.0,640000.0,560000,80000.0
ORD005581,2025-04-12,C0096,P013,R012,3,0.02,30000,18500,90000,1800.0,88200.0,55500,32700.0
ORD002272,2025-04-12,C0165,P006,R007,4,0.0,95000,62000,380000,0.0,380000.0,248000,132000.0
ORD002472,2025-04-12,C0047,P018,R008,6,0.15,90000,62000,540000,81000.0,459000.0,372000,87000.0
ORD001032,2025-04-12,C0047,P011,R009,4,0.1,85000,57000,340000,34000.0,306000.0,228000,78000.0
ORD001047,2025-04-13,C0054,P003,R004,2,0.15,160000,112000,320000,48000.0,272000.0,224000,48000.0
ORD005378,2025-04-13,C0285,P002,R004,4,0.0,220000,155000,880000,0.0,880000.0,620000,260000.0
ORD006260,2025-04-13,C0090,P003,R012,10,0.15,160000,112000,1600000,240000.0,1360000.0,1120000,240000.0
ORD006477,2025-04-13,C0232,P018,R013,1,0.2,90000,62000,90000,18000.0,72000.0,62000,10000.0
ORD005722,2025-04-13,C0124,P011,R002,2,0.05,85000,57000,170000,8500.0,161500.0,114000,47500.0
ORD006125,2025-04-13,C0194,P015,R013,1,0.0,35000,21000,35000,0.0,35000.0,21000,14000.0
ORD007176,2025-04-13,C0213,P010,R010,3,0.0,320000,215000,960000,0.0,960000.0,645000,315000.0
ORD003096,2025-04-13,C0282,P019,R013,4,0.05,45000,29000,180000,9000.0,171000.0,116000,55000.0
ORD004805,2025-04-13,C0145,P014,R002,3,0.08,18000,10500,54000,4320.0,49680.0,31500,18180.0
ORD005691,2025-04-13,C0060,P007,R007,1,0.0,180000,118000,180000,0.0,180000.0,118000,62000.0
ORD006403,2025-04-13,C0041,P019,R010,6,0.02,45000,29000,270000,5400.0,264600.0,174000,90600.0
ORD002102,2025-04-13,C0044,P001,R004,3,0.05,350000,245000,1050000,52500.0,997500.0,735000,262500.0
ORD000274,2025-04-13,C0123,P013,R003,1,0.1,30000,18500,30000,3000.0,27000.0,18500,8500.0
ORD003745,2025-04-13,C0113,P006,R005,4,0.1,95000,62000,380000,38000.0,342000.0,248000,94000.0
ORD007196,2025-04-14,C0118,P019,R011,2,0.15,45000,29000,90000,13500.0,76500.0,58000,18500.0
ORD006328,2025-04-14,C0031,P001,R013,2,0.1,350000,245000,700000,70000.0,630000.0,490000,140000.0
ORD002752,2025-04-14,C0264,P011,R005,6,0.05,85000,57000,510000,25500.0,484500.0,342000,142500.0
ORD006976,2025-04-14,C0237,P015,R002,2,0.08,35000,21000,70000,5600.0,64400.0,42000,22400.0
ORD000473,2025-04-14,C0092,P014,R010,2,0.05,18000,10500,36000,1800.0,34200.0,21000,13200.0
ORD002525,2025-04-14,C0107,P009,R013,6,0.02,130000,85000,780000,15600.0,764400.0,510000,254400.0
ORD002489,2025-04-14,C0083,P016,R013,2,0.1,55000,35000,110000,11000.0,99000.0,70000,29000.0
ORD005929,2025-04-14,C0024,P009,R008,2,0.0,130000,85000,260000,0.0,260000.0,170000,90000.0
ORD006932,2025-04-14,C0290,P001,R004,2,0.02,350000,245000,700000,14000.0,686000.0,490000,196000.0
ORD001685,2025-04-14,C0128,P003,R005,8,0.08,160000,112000,1280000,102400.0,1177600.0,896000,281600.0
ORD006844,2025-04-14,C0063,P018,R010,5,0.1,90000,62000,450000,45000.0,405000.0,310000,95000.0
ORD006050,2025-04-14,C0139,P013,R012,4,0.08,30000,18500,120000,9600.0,110400.0,74000,36400.0
ORD002324,2025-04-14,C0079,P015,R009,5,0.02,35000,21000,175000,3500.0,171500.0,105000,66500.0
ORD001405,2025-04-14,C0194,P006,R010,2,0.0,95000,62000,190000,0.0,190000.0,124000,66000.0
ORD004006,2025-04-14,C0137,P008,R002,1,0.05,110000,72000,110000,5500.0,104500.0,72000,32500.0
ORD003232,2025-04-14,C0169,P007,R006,2,0.02,180000,118000,360000,7200.0,352800.0,236000,116800.0
ORD007818,2025-04-14,C0205,P014,R001,4,0.1,18000,10500,72000,7200.0,64800.0,42000,22800.0
ORD006510,2025-04-14,C0141,P004,R012,2,0.0,140000,98000,280000,0.0,280000.0,196000,84000.0
ORD001886,2025-04-14,C0163,P010,R008,1,0.1,320000,215000,320000,32000.0,288000.0,215000,73000.0
ORD003553,2025-04-14,C0297,P017,R012,2,0.05,75000,50000,150000,7500.0,142500.0,100000,42500.0
ORD002248,2025-04-14,C0063,P019,R006,1,0.15,45000,29000,45000,6750.0,38250.0,29000,9250.0
ORD005186,2025-04-15,C0126,P002,R011,3,0.02,220000,155000,660000,13200.0,646800.0,465000,181800.0
ORD007206,2025-04-15,C0077,P010,R009,3,0.02,320000,215000,960000,19200.0,940800.0,645000,295800.0
ORD002656,2025-04-15,C0027,P018,R004,1,0.15,90000,62000,90000,13500.0,76500.0,62000,14500.0
ORD000235,2025-04-15,C0097,P003,R001,8,0.1,160000,112000,1280000,128000.0,1152000.0,896000,256000.0
ORD006856,2025-04-15,C0059,P005,R012,2,0.15,120000,84000,240000,36000.0,204000.0,168000,36000.0
ORD006956,2025-04-15,C0255,P005,R006,6,0.02,120000,84000,720000,14400.0,705600.0,504000,201600.0
ORD005165,2025-04-15,C0117,P011,R010,2,0.05,85000,57000,170000,8500.0,161500.0,114000,47500.0
ORD006311,2025-04-15,C0272,P012,R012,4,0.2,125000,83000,500000,100000.0,400000.0,332000,68000.0
ORD002119,2025-04-15,C0013,P013,R013,3,0.0,30000,18500,90000,0.0,90000.0,55500,34500.0
ORD001550,2025-04-15,C0284,P006,R003,2,0.05,95000,62000,190000,9500.0,180500.0,124000,56500.0
ORD003570,2025-04-15,C0158,P020,R004,5,0.0,22000,13000,110000,0.0,110000.0,65000,45000.0
ORD004672,2025-04-15,C0217,P018,R010,5,0.02,90000,62000,450000,9000.0,441000.0,310000,131000.0
ORD006782,2025-04-15,C0048,P004,R004,8,0.1,140000,98000,1120000,112000.0,1008000.0,784000,224000.0
ORD003608,2025-04-15,C0153,P013,R012,2,0.0,30000,18500,60000,0.0,60000.0,37000,23000.0
ORD005698,2025-04-15,C0289,P008,R005,1,0.08,110000,72000,110000,8800.0,101200.0,72000,29200.0
ORD007010,2025-04-16,C0048,P004,R011,2,0.1,140000,98000,280000,28000.0,252000.0,196000,56000.0
ORD004992,2025-04-16,C0149,P011,R004,1,0.05,85000,57000,85000,4250.0,80750.0,57000,23750.0
ORD005793,2025-04-16,C0049,P007,R010,2,0.02,180000,118000,360000,7200.0,352800.0,236000,116800.0
ORD003770,2025-04-16,C0142,P003,R013,1,0.05,160000,112000,160000,8000.0,152000.0,112000,40000.0
ORD006899,2025-04-16,C0242,P010,R002,1,0.0,320000,215000,320000,0.0,320000.0,215000,105000.0
ORD000005,2025-04-16,C0031,P009,R012,3,0.2,130000,85000,390000,78000.0,312000.0,255000,57000.0
ORD000526,2025-04-16,C0218,P013,R001,4,0.2,30000,18500,120000,24000.0,96000.0,74000,22000.0
ORD001298,2025-04-16,C0289,P017,R007,2,0.15,75000,50000,150000,22500.0,127500.0,100000,27500.0
ORD005916,2025-04-16,C0107,P004,R006,2,0.05,140000,98000,280000,14000.0,266000.0,196000,70000.0
ORD000287,2025-04-16,C0150,P014,R006,3,0.1,18000,10500,54000,5400.0,48600.0,31500,17100.0
ORD006770,2025-04-16,C0015,P013,R013,2,0.0,30000,18500,60000,0.0,60000.0,37000,23000.0
ORD001053,2025-04-16,C0073,P006,R004,3,0.05,95000,62000,285000,14250.0,270750.0,186000,84750.0
ORD005904,2025-04-16,C0121,P016,R009,1,0.05,55000,35000,55000,2750.0,52250.0,35000,17250.0
ORD005858,2025-04-16,C0247,P004,R010,8,0.02,140000,98000,1120000,22400.0,1097600.0,784000,313600.0
ORD006849,2025-04-16,C0104,P006,R009,2,0.15,95000,62000,190000,28500.0,161500.0,124000,37500.0
ORD006690,2025-04-16,C0051,P017,R011,1,0.05,75000,50000,75000,3750.0,71250.0,50000,21250.0
ORD004502,2025-04-16,C0097,P002,R003,5,0.0,220000,155000,1100000,0.0,1100000.0,775000,325000.0
ORD004671,2025-04-16,C0257,P005,R003,10,0.0,120000,84000,1200000,0.0,1200000.0,840000,360000.0
ORD007619,2025-04-16,C0223,P009,R013,4,0.15,130000,85000,520000,78000.0,442000.0,340000,102000.0
ORD003418,2025-04-16,C0203,P002,R002,6,0.0,220000,155000,1320000,0.0,1320000.0,930000,390000.0
ORD003410,2025-04-16,C0073,P012,R007,5,0.05,125000,83000,625000,31250.0,593750.0,415000,178750.0
ORD000334,2025-04-17,C0183,P015,R007,2,0.0,35000,21000,70000,0.0,70000.0,42000,28000.0
ORD007845,2025-04-17,C0138,P007,R013,2,0.15,180000,118000,360000,54000.0,306000.0,236000,70000.0
ORD001164,2025-04-17,C0250,P009,R009,1,0.08,130000,85000,130000,10400.0,119600.0,85000,34600.0
ORD005488,2025-04-17,C0142,P010,R013,5,0.08,320000,215000,1600000,128000.0,1472000.0,1075000,397000.0
ORD000841,2025-04-17,C0181,P005,R008,2,0.0,120000,84000,240000,0.0,240000.0,168000,72000.0
ORD003530,2025-04-17,C0120,P001,R002,4,0.1,350000,245000,1400000,140000.0,1260000.0,980000,280000.0
ORD007940,2025-04-17,C0214,P020,R003,5,0.0,22000,13000,110000,0.0,110000.0,65000,45000.0
ORD004870,2025-04-17,C0161,P006,R002,2,0.05,95000,62000,190000,9500.0,180500.0,124000,56500.0
ORD003917,2025-04-17,C0173,P001,R012,2,0.0,350000,245000,700000,0.0,700000.0,490000,210000.0
ORD002150,2025-04-17,C0186,P018,R010,6,0.02,90000,62000,540000,10800.0,529200.0,372000,157200.0
ORD007257,2025-04-17,C0023,P008,R009,4,0.0,110000,72000,440000,0.0,440000.0,288000,152000.0
ORD004756,2025-04-18,C0007,P020,R012,8,0.1,22000,13000,176000,17600.0,158400.0,104000,54400.0
ORD003930,2025-04-18,C0267,P014,R005,10,0.05,18000,10500,180000,9000.0,171000.0,105000,66000.0
ORD006528,2025-04-18,C0283,P002,R009,2,0.08,220000,155000,440000,35200.0,404800.0,310000,94800.0
ORD001307,2025-04-18,C0074,P014,R003,5,0.0,18000,10500,90000,0.0,90000.0,52500,37500.0
ORD004186,2025-04-18,C0199,P011,R007,6,0.05,85000,57000,510000,25500.0,484500.0,342000,142500.0
ORD001342,2025-04-18,C0187,P017,R008,1,0.05,75000,50000,75000,3750.0,71250.0,50000,21250.0
ORD005425,2025-04-18,C0191,P019,R008,3,0.02,45000,29000,135000,2700.0,132300.0,87000,45300.0
ORD000791,2025-04-18,C0105,P018,R008,1,0.15,90000,62000,90000,13500.0,76500.0,62000,14500.0
ORD000729,2025-04-18,C0262,P011,R008,1,0.08,85000,57000,85000,6800.0,78200.0,57000,21200.0
ORD001672,2025-04-18,C0149,P014,R009,3,0.02,18000,10500,54000,1080.0,52920.0,31500,21420.0
ORD005104,2025-04-18,C0017,P017,R003,2,0.08,75000,50000,150000,12000.0,138000.0,100000,38000.0
ORD002882,2025-04-18,C0084,P014,R008,2,0.05,18000,10500,36000,1800.0,34200.0,21000,13200.0
ORD003658,2025-04-18,C0134,P018,R010,4,0.05,90000,62000,360000,18000.0,342000.0,248000,94000.0
ORD002665,2025-04-19,C0294,P013,R011,4,0.08,30000,18500,120000,9600.0,110400.0,74000,36400.0
ORD001906,2025-04-19,C0012,P020,R009,1,0.0,22000,13000,22000,0.0,22000.0,13000,9000.0
ORD006445,2025-04-19,C0128,P008,R012,2,0.02,110000,72000,220000,4400.0,215600.0,144000,71600.0
ORD007315,2025-04-19,C0240,P016,R006,8,0.15,55000,35000,440000,66000.0,374000.0,280000,94000.0
ORD002675,2025-04-19,C0140,P005,R003,6,0.15,120000,84000,720000,108000.0,612000.0,504000,108000.0
ORD005750,2025-04-19,C0051,P018,R001,4,0.0,90000,62000,360000,0.0,360000.0,248000,112000.0
ORD002218,2025-04-19,C0072,P019,R001,1,0.0,45000,29000,45000,0.0,45000.0,29000,16000.0
ORD002230,2025-04-19,C0209,P012,R008,6,0.08,125000,83000,750000,60000.0,690000.0,498000,192000.0
ORD000669,2025-04-19,C0135,P006,R013,10,0.1,95000,62000,950000,95000.0,855000.0,620000,235000.0
ORD003488,2025-04-19,C0270,P020,R011,3,0.0,22000,13000,66000,0.0,66000.0,39000,27000.0
ORD005320,2025-04-19,C0215,P007,R002,3,0.05,180000,118000,540000,27000.0,513000.0,354000,159000.0
ORD000116,2025-04-19,C0191,P010,R012,1,0.0,320000,215000,320000,0.0,320000.0,215000,105000.0
ORD004016,2025-04-19,C0148,P007,R012,4,0.0,180000,118000,720000,0.0,720000.0,472000,248000.0
ORD001742,2025-04-19,C0187,P019,R004,1,0.08,45000,29000,45000,3600.0,41400.0,29000,12400.0
ORD006143,2025-04-19,C0228,P007,R009,5,0.0,180000,118000,900000,0.0,900000.0,590000,310000.0
ORD003029,2025-04-19,C0073,P018,R006,1,0.02,90000,62000,90000,1800.0,88200.0,62000,26200.0
ORD005373,2025-04-19,C0212,P006,R007,1,0.05,95000,62000,95000,4750.0,90250.0,62000,28250.0
ORD004393,2025-04-19,C0243,P014,R004,3,0.08,18000,10500,54000,4320.0,49680.0,31500,18180.0
ORD007223,2025-04-19,C0162,P008,R003,5,0.02,110000,72000,550000,11000.0,539000.0,360000,179000.0
ORD002097,2025-04-19,C0073,P017,R012,10,0.02,75000,50000,750000,15000.0,735000.0,500000,235000.0
ORD002774,2025-04-19,C0106,P005,R013,1,0.15,120000,84000,120000,18000.0,102000.0,84000,18000.0
ORD000376,2025-04-19,C0012,P003,R002,5,0.02,160000,112000,800000,16000.0,784000.0,560000,224000.0
ORD006859,2025-04-20,C0251,P020,R013,3,0.05,22000,13000,66000,3300.0,62700.0,39000,23700.0
ORD003369,2025-04-20,C0286,P016,R008,1,0.0,55000,35000,55000,0.0,55000.0,35000,20000.0
ORD006996,2025-04-20,C0088,P008,R007,2,0.05,110000,72000,220000,11000.0,209000.0,144000,65000.0
ORD007663,2025-04-20,C0065,P012,R002,2,0.05,125000,83000,250000,12500.0,237500.0,166000,71500.0
ORD005051,2025-04-20,C0133,P007,R003,5,0.15,180000,118000,900000,135000.0,765000.0,590000,175000.0
ORD007993,2025-04-20,C0133,P007,R012,1,0.0,180000,118000,180000,0.0,180000.0,118000,62000.0
ORD004025,2025-04-20,C0016,P015,R004,1,0.15,35000,21000,35000,5250.0,29750.0,21000,8750.0
ORD006777,2025-04-20,C0236,P008,R003,1,0.05,110000,72000,110000,5500.0,104500.0,72000,32500.0
ORD004736,2025-04-20,C0274,P020,R005,1,0.2,22000,13000,22000,4400.0,17600.0,13000,4600.0
ORD001461,2025-04-20,C0258,P017,R001,5,0.02,75000,50000,375000,7500.0,367500.0,250000,117500.0
ORD002945,2025-04-21,C0188,P001,R008,2,0.05,350000,245000,700000,35000.0,665000.0,490000,175000.0
ORD000378,2025-04-21,C0282,P001,R013,5,0.15,350000,245000,1750000,262500.0,1487500.0,1225000,262500.0
ORD003667,2025-04-21,C0067,P018,R010,4,0.2,90000,62000,360000,72000.0,288000.0,248000,40000.0
ORD000380,2025-04-21,C0211,P017,R004,4,0.02,75000,50000,300000,6000.0,294000.0,200000,94000.0
ORD002242,2025-04-21,C0030,P003,R009,4,0.15,160000,112000,640000,96000.0,544000.0,448000,96000.0
ORD005585,2025-04-21,C0277,P008,R012,4,0.15,110000,72000,440000,66000.0,374000.0,288000,86000.0
ORD004065,2025-04-21,C0283,P015,R005,1,0.08,35000,21000,35000,2800.0,32200.0,21000,11200.0
ORD003493,2025-04-21,C0014,P001,R005,1,0.15,350000,245000,350000,52500.0,297500.0,245000,52500.0
ORD002476,2025-04-21,C0121,P002,R006,5,0.1,220000,155000,1100000,110000.0,990000.0,775000,215000.0
ORD001677,2025-04-21,C0190,P002,R013,4,0.2,220000,155000,880000,176000.0,704000.0,620000,84000.0
ORD004335,2025-04-21,C0221,P009,R013,2,0.05,130000,85000,260000,13000.0,247000.0,170000,77000.0
ORD004526,2025-04-21,C0283,P011,R005,1,0.02,85000,57000,85000,1700.0,83300.0,57000,26300.0
ORD004043,2025-04-21,C0059,P006,R012,3,0.02,95000,62000,285000,5700.0,279300.0,186000,93300.0
ORD002744,2025-04-21,C0161,P007,R011,3,0.0,180000,118000,540000,0.0,540000.0,354000,186000.0
ORD000302,2025-04-21,C0048,P020,R007,2,0.0,22000,13000,44000,0.0,44000.0,26000,18000.0
ORD002351,2025-04-21,C0102,P015,R004,4,0.05,35000,21000,140000,7000.0,133000.0,84000,49000.0
ORD007090,2025-04-21,C0227,P017,R013,1,0.05,75000,50000,75000,3750.0,71250.0,50000,21250.0
ORD001067,2025-04-21,C0227,P006,R009,5,0.05,95000,62000,475000,23750.0,451250.0,310000,141250.0
ORD007290,2025-04-21,C0211,P017,R001,3,0.1,75000,50000,225000,22500.0,202500.0,150000,52500.0
ORD004313,2025-04-21,C0262,P018,R011,5,0.0,90000,62000,450000,0.0,450000.0,310000,140000.0
ORD001695,2025-04-22,C0027,P017,R003,1,0.0,75000,50000,75000,0.0,75000.0,50000,25000.0
ORD006950,2025-04-22,C0114,P002,R003,3,0.0,220000,155000,660000,0.0,660000.0,465000,195000.0
ORD005822,2025-04-22,C0049,P005,R008,2,0.08,120000,84000,240000,19200.0,220800.0,168000,52800.0
ORD003402,2025-04-22,C0046,P016,R003,2,0.02,55000,35000,110000,2200.0,107800.0,70000,37800.0
ORD004557,2025-04-22,C0134,P007,R001,2,0.15,180000,118000,360000,54000.0,306000.0,236000,70000.0
ORD007442,2025-04-22,C0179,P018,R009,2,0.1,90000,62000,180000,18000.0,162000.0,124000,38000.0
ORD003307,2025-04-22,C0217,P011,R013,3,0.0,85000,57000,255000,0.0,255000.0,171000,84000.0
ORD004397,2025-04-22,C0286,P007,R005,2,0.05,180000,118000,360000,18000.0,342000.0,236000,106000.0
ORD005013,2025-04-22,C0047,P019,R001,6,0.08,45000,29000,270000,21600.0,248400.0,174000,74400.0
ORD002679,2025-04-22,C0248,P017,R011,10,0.05,75000,50000,750000,37500.0,712500.0,500000,212500.0
ORD007575,2025-04-22,C0126,P013,R002,10,0.15,30000,18500,300000,45000.0,255000.0,185000,70000.0
ORD004048,2025-04-22,C0166,P005,R012,2,0.1,120000,84000,240000,24000.0,216000.0,168000,48000.0
ORD005743,2025-04-22,C0246,P006,R002,2,0.05,95000,62000,190000,9500.0,180500.0,124000,56500.0
ORD006275,2025-04-22,C0085,P002,R011,1,0.15,220000,155000,220000,33000.0,187000.0,155000,32000.0
ORD002720,2025-04-22,C0023,P016,R007,1,0.05,55000,35000,55000,2750.0,52250.0,35000,17250.0
ORD005093,2025-04-22,C0190,P017,R005,1,0.05,75000,50000,75000,3750.0,71250.0,50000,21250.0
ORD003633,2025-04-22,C0137,P017,R013,2,0.2,75000,50000,150000,30000.0,120000.0,100000,20000.0
ORD004728,2025-04-22,C0214,P001,R002,8,0.08,350000,245000,2800000,224000.0,2576000.0,1960000,616000.0
ORD001841,2025-04-22,C0242,P015,R007,5,0.15,35000,21000,175000,26250.0,148750.0,105000,43750.0
ORD001751,2025-04-23,C0024,P005,R003,1,0.05,120000,84000,120000,6000.0,114000.0,84000,30000.0
ORD006521,2025-04-23,C0190,P015,R008,3,0.08,35000,21000,105000,8400.0,96600.0,63000,33600.0
ORD004284,2025-04-23,C0210,P002,R013,1,0.15,220000,155000,220000,33000.0,187000.0,155000,32000.0
ORD006515,2025-04-23,C0232,P014,R007,2,0.05,18000,10500,36000,1800.0,34200.0,21000,13200.0
ORD001755,2025-04-23,C0053,P004,R005,5,0.2,140000,98000,700000,140000.0,560000.0,490000,70000.0
ORD000594,2025-04-23,C0228,P004,R007,5,0.0,140000,98000,700000,0.0,700000.0,490000,210000.0
ORD006649,2025-04-23,C0111,P004,R010,3,0.05,140000,98000,420000,21000.0,399000.0,294000,105000.0
ORD002115,2025-04-23,C0095,P011,R005,1,0.2,85000,57000,85000,17000.0,68000.0,57000,11000.0
ORD000697,2025-04-23,C0012,P015,R007,5,0.08,35000,21000,175000,14000.0,161000.0,105000,56000.0
ORD001634,2025-04-23,C0011,P017,R011,10,0.0,75000,50000,750000,0.0,750000.0,500000,250000.0
ORD000424,2025-04-23,C0154,P009,R003,3,0.0,130000,85000,390000,0.0,390000.0,255000,135000.0
ORD003283,2025-04-23,C0092,P010,R001,2,0.05,320000,215000,640000,32000.0,608000.0,430000,178000.0
ORD002309,2025-04-23,C0063,P014,R004,2,0.02,18000,10500,36000,720.0,35280.0,21000,14280.0
ORD007593,2025-04-23,C0228,P005,R011,6,0.15,120000,84000,720000,108000.0,612000.0,504000,108000.0
ORD003789,2025-04-23,C0140,P002,R013,3,0.0,220000,155000,660000,0.0,660000.0,465000,195000.0
ORD003604,2025-04-23,C0122,P015,R009,1,0.02,35000,21000,35000,700.0,34300.0,21000,13300.0
ORD000924,2025-04-23,C0166,P004,R008,4,0.05,140000,98000,560000,28000.0,532000.0,392000,140000.0
ORD004682,2025-04-23,C0098,P010,R001,4,0.02,320000,215000,1280000,25600.0,1254400.0,860000,394400.0
ORD002819,2025-04-23,C0058,P020,R011,6,0.2,22000,13000,132000,26400.0,105600.0,78000,27600.0
ORD006366,2025-04-23,C0010,P013,R013,4,0.1,30000,18500,120000,12000.0,108000.0,74000,34000.0
ORD005803,2025-04-24,C0186,P003,R010,4,0.05,160000,112000,640000,32000.0,608000.0,448000,160000.0
ORD002649,2025-04-24,C0136,P016,R005,1,0.05,55000,35000,55000,2750.0,52250.0,35000,17250.0
ORD000595,2025-04-24,C0265,P019,R009,3,0.08,45000,29000,135000,10800.0,124200.0,87000,37200.0
ORD001420,2025-04-24,C0227,P018,R013,4,0.05,90000,62000,360000,18000.0,342000.0,248000,94000.0
ORD005836,2025-04-24,C0251,P015,R002,4,0.1,35000,21000,140000,14000.0,126000.0,84000,42000.0
ORD001223,2025-04-24,C0104,P005,R006,2,0.05,120000,84000,240000,12000.0,228000.0,168000,60000.0
ORD003258,2025-04-24,C0218,P015,R013,1,0.0,35000,21000,35000,0.0,35000.0,21000,14000.0
ORD005228,2025-04-24,C0169,P014,R002,4,0.15,18000,10500,72000,10800.0,61200.0,42000,19200.0
ORD005605,2025-04-24,C0031,P004,R002,3,0.08,140000,98000,420000,33600.0,386400.0,294000,92400.0
ORD006908,2025-04-24,C0087,P003,R013,4,0.02,160000,112000,640000,12800.0,627200.0,448000,179200.0
ORD007302,2025-04-24,C0077,P017,R010,2,0.0,75000,50000,150000,0.0,150000.0,100000,50000.0
ORD000884,2025-04-24,C0128,P003,R006,3,0.05,160000,112000,480000,24000.0,456000.0,336000,120000.0
ORD007951,2025-04-24,C0296,P013,R006,3,0.1,30000,18500,90000,9000.0,81000.0,55500,25500.0
ORD002293,2025-04-24,C0103,P015,R012,3,0.08,35000,21000,105000,8400.0,96600.0,63000,33600.0
ORD004334,2025-04-24,C0147,P006,R013,1,0.02,95000,62000,95000,1900.0,93100.0,62000,31100.0
ORD004740,2025-04-24,C0048,P013,R007,5,0.08,30000,18500,150000,12000.0,138000.0,92500,45500.0
ORD004824,2025-04-24,C0125,P015,R009,5,0.15,35000,21000,175000,26250.0,148750.0,105000,43750.0
ORD006462,2025-04-24,C0290,P001,R005,4,0.05,350000,245000,1400000,70000.0,1330000.0,980000,350000.0
ORD006370,2025-04-25,C0113,P007,R013,1,0.02,180000,118000,180000,3600.0,176400.0,118000,58400.0
ORD001974,2025-04-25,C0079,P009,R001,5,0.2,130000,85000,650000,130000.0,520000.0,425000,95000.0
ORD005715,2025-04-25,C0226,P019,R012,1,0.05,45000,29000,45000,2250.0,42750.0,29000,13750.0
ORD005885,2025-04-25,C0112,P009,R002,3,0.1,130000,85000,390000,39000.0,351000.0,255000,96000.0
ORD006919,2025-04-25,C0004,P006,R004,5,0.15,95000,62000,475000,71250.0,403750.0,310000,93750.0
ORD000890,2025-04-25,C0280,P010,R005,10,0.0,320000,215000,3200000,0.0,3200000.0,2150000,1050000.0
ORD007617,2025-04-25,C0115,P020,R002,1,0.08,22000,13000,22000,1760.0,20240.0,13000,7240.0
ORD006291,2025-04-25,C0298,P014,R010,8,0.15,18000,10500,144000,21600.0,122400.0,84000,38400.0
ORD006015,2025-04-25,C0077,P004,R011,2,0.1,140000,98000,280000,28000.0,252000.0,196000,56000.0
ORD000071,2025-04-25,C0157,P015,R004,6,0.02,35000,21000,210000,4200.0,205800.0,126000,79800.0
ORD004545,2025-04-25,C0021,P003,R006,8,0.05,160000,112000,1280000,64000.0,1216000.0,896000,320000.0
ORD003055,2025-04-25,C0170,P011,R010,1,0.05,85000,57000,85000,4250.0,80750.0,57000,23750.0
ORD007451,2025-04-25,C0184,P017,R002,1,0.02,75000,50000,75000,1500.0,73500.0,50000,23500.0
ORD003550,2025-04-25,C0260,P011,R002,6,0.02,85000,57000,510000,10200.0,499800.0,342000,157800.0
ORD000655,2025-04-25,C0245,P014,R013,5,0.2,18000,10500,90000,18000.0,72000.0,52500,19500.0
ORD006243,2025-04-26,C0226,P003,R001,3,0.05,160000,112000,480000,24000.0,456000.0,336000,120000.0
ORD003812,2025-04-26,C0148,P020,R011,5,0.05,22000,13000,110000,5500.0,104500.0,65000,39500.0
ORD004586,2025-04-26,C0108,P005,R007,1,0.08,120000,84000,120000,9600.0,110400.0,84000,26400.0
ORD006483,2025-04-26,C0250,P001,R010,2,0.0,350000,245000,700000,0.0,700000.0,490000,210000.0
ORD001046,2025-04-26,C0059,P014,R012,2,0.02,18000,10500,36000,720.0,35280.0,21000,14280.0
ORD005510,2025-04-26,C0243,P019,R001,2,0.08,45000,29000,90000,7200.0,82800.0,58000,24800.0
ORD003132,2025-04-26,C0246,P013,R003,4,0.0,30000,18500,120000,0.0,120000.0,74000,46000.0
ORD003882,2025-04-26,C0245,P006,R002,2,0.08,95000,62000,190000,15200.0,174800.0,124000,50800.0
ORD001387,2025-04-26,C0138,P009,R011,4,0.05,130000,85000,520000,26000.0,494000.0,340000,154000.0
ORD002285,2025-04-26,C0157,P012,R008,2,0.02,125000,83000,250000,5000.0,245000.0,166000,79000.0
ORD004102,2025-04-26,C0142,P015,R012,2,0.02,35000,21000,70000,1400.0,68600.0,42000,26600.0
ORD002645,2025-04-26,C0084,P017,R001,1,0.0,75000,50000,75000,0.0,75000.0,50000,25000.0
ORD000546,2025-04-27,C0235,P008,R002,6,0.0,110000,72000,660000,0.0,660000.0,432000,228000.0
ORD005911,2025-04-27,C0010,P015,R002,2,0.2,35000,21000,70000,14000.0,56000.0,42000,14000.0
ORD000010,2025-04-27,C0101,P020,R007,4,0.05,22000,13000,88000,4400.0,83600.0,52000,31600.0
ORD001112,2025-04-27,C0160,P013,R008,2,0.0,30000,18500,60000,0.0,60000.0,37000,23000.0
ORD001284,2025-04-27,C0201,P001,R011,4,0.08,350000,245000,1400000,112000.0,1288000.0,980000,308000.0
ORD001746,2025-04-27,C0298,P018,R011,4,0.05,90000,62000,360000,18000.0,342000.0,248000,94000.0
ORD001017,2025-04-27,C0015,P015,R004,1,0.05,35000,21000,35000,1750.0,33250.0,21000,12250.0
ORD000176,2025-04-27,C0192,P015,R013,2,0.0,35000,21000,70000,0.0,70000.0,42000,28000.0
ORD005696,2025-04-27,C0263,P004,R003,3,0.15,140000,98000,420000,63000.0,357000.0,294000,63000.0
ORD001468,2025-04-27,C0267,P009,R007,6,0.02,130000,85000,780000,15600.0,764400.0,510000,254400.0
ORD007450,2025-04-27,C0025,P014,R005,1,0.0,18000,10500,18000,0.0,18000.0,10500,7500.0
ORD004837,2025-04-27,C0195,P015,R006,1,0.0,35000,21000,35000,0.0,35000.0,21000,14000.0
ORD004851,2025-04-27,C0137,P010,R010,8,0.02,320000,215000,2560000,51200.0,2508800.0,1720000,788800.0
ORD004213,2025-04-27,C0017,P005,R009,8,0.15,120000,84000,960000,144000.0,816000.0,672000,144000.0
ORD005256,2025-04-27,C0277,P010,R008,1,0.2,320000,215000,320000,64000.0,256000.0,215000,41000.0
ORD004476,2025-04-27,C0281,P004,R010,5,0.0,140000,98000,700000,0.0,700000.0,490000,210000.0
ORD005508,2025-04-27,C0182,P010,R003,2,0.02,320000,215000,640000,12800.0,627200.0,430000,197200.0
ORD002257,2025-04-27,C0281,P004,R004,3,0.1,140000,98000,420000,42000.0,378000.0,294000,84000.0
ORD003313,2025-04-28,C0199,P012,R003,2,0.02,125000,83000,250000,5000.0,245000.0,166000,79000.0
ORD004898,2025-04-28,C0026,P013,R009,1,0.02,30000,18500,30000,600.0,29400.0,18500,10900.0
ORD005333,2025-04-28,C0232,P013,R013,1,0.15,30000,18500,30000,4500.0,25500.0,18500,7000.0
ORD002829,2025-04-28,C0087,P014,R010,4,0.08,18000,10500,72000,5760.0,66240.0,42000,24240.0
ORD002467,2025-04-28,C0182,P009,R012,4,0.05,130000,85000,520000,26000.0,494000.0,340000,154000.0
ORD001758,2025-04-28,C0176,P010,R005,5,0.05,320000,215000,1600000,80000.0,1520000.0,1075000,445000.0
ORD006184,2025-04-28,C0172,P019,R001,1,0.08,45000,29000,45000,3600.0,41400.0,29000,12400.0
ORD006518,2025-04-28,C0136,P006,R007,1,0.15,95000,62000,95000,14250.0,80750.0,62000,18750.0
ORD004328,2025-04-28,C0117,P016,R004,1,0.02,55000,35000,55000,1100.0,53900.0,35000,18900.0
ORD004101,2025-04-28,C0049,P018,R007,4,0.05,90000,62000,360000,18000.0,342000.0,248000,94000.0
ORD006392,2025-04-28,C0146,P001,R004,1,0.1,350000,245000,350000,35000.0,315000.0,245000,70000.0
ORD006249,2025-04-28,C0244,P005,R007,2,0.2,120000,84000,240000,48000.0,192000.0,168000,24000.0
ORD003063,2025-04-28,C0212,P006,R005,4,0.05,95000,62000,380000,19000.0,361000.0,248000,113000.0
ORD002124,2025-04-28,C0241,P010,R004,3,0.02,320000,215000,960000,19200.0,940800.0,645000,295800.0
ORD002167,2025-04-28,C0144,P006,R013,1,0.1,95000,62000,95000,9500.0,85500.0,62000,23500.0
ORD007254,2025-04-28,C0038,P013,R011,3,0.0,30000,18500,90000,0.0,90000.0,55500,34500.0
ORD000262,2025-04-28,C0278,P014,R013,8,0.1,18000,10500,144000,14400.0,129600.0,84000,45600.0
ORD000410,2025-04-28,C0227,P005,R013,3,0.1,120000,84000,360000,36000.0,324000.0,252000,72000.0
ORD006628,2025-04-28,C0064,P015,R009,3,0.1,35000,21000,105000,10500.0,94500.0,63000,31500.0
ORD000016,2025-04-28,C0284,P011,R011,4,0.0,85000,57000,340000,0.0,340000.0,228000,112000.0
ORD000494,2025-04-28,C0243,P018,R012,8,0.08,90000,62000,720000,57600.0,662400.0,496000,166400.0
ORD000421,2025-04-28,C0222,P017,R010,1,0.05,75000,50000,75000,3750.0,71250.0,50000,21250.0
ORD001322,2025-04-28,C0168,P008,R006,8,0.05,110000,72000,880000,44000.0,836000.0,576000,260000.0
ORD003559,2025-04-29,C0281,P015,R007,1,0.02,35000,21000,35000,700.0,34300.0,21000,13300.0
ORD004985,2025-04-29,C0123,P014,R008,3,0.08,18000,10500,54000,4320.0,49680.0,31500,18180.0
ORD001178,2025-04-29,C0203,P003,R009,6,0.0,160000,112000,960000,0.0,960000.0,672000,288000.0
ORD001612,2025-04-29,C0014,P012,R007,4,0.0,125000,83000,500000,0.0,500000.0,332000,168000.0
ORD001219,2025-04-29,C0270,P011,R002,1,0.08,85000,57000,85000,6800.0,78200.0,57000,21200.0
ORD001726,2025-04-29,C0218,P019,R005,2,0.1,45000,29000,90000,9000.0,81000.0,58000,23000.0
ORD006298,2025-04-29,C0228,P003,R006,4,0.1,160000,112000,640000,64000.0,576000.0,448000,128000.0
ORD005434,2025-04-29,C0251,P009,R012,2,0.15,130000,85000,260000,39000.0,221000.0,170000,51000.0
ORD000641,2025-04-29,C0205,P017,R013,4,0.1,75000,50000,300000,30000.0,270000.0,200000,70000.0
ORD006446,2025-04-29,C0024,P007,R004,6,0.08,180000,118000,1080000,86400.0,993600.0,708000,285600.0
ORD000224,2025-04-29,C0271,P020,R009,10,0.0,22000,13000,220000,0.0,220000.0,130000,90000.0
ORD002486,2025-04-29,C0037,P017,R005,2,0.15,75000,50000,150000,22500.0,127500.0,100000,27500.0
ORD000006,2025-04-30,C0205,P006,R002,2,0.05,95000,62000,190000,9500.0,180500.0,124000,56500.0
ORD004844,2025-04-30,C0171,P015,R009,8,0.08,35000,21000,280000,22400.0,257600.0,168000,89600.0
ORD007584,2025-04-30,C0183,P016,R011,6,0.08,55000,35000,330000,26400.0,303600.0,210000,93600.0
ORD001999,2025-04-30,C0227,P015,R001,8,0.02,35000,21000,280000,5600.0,274400.0,168000,106400.0
ORD000859,2025-04-30,C0029,P004,R004,2,0.0,140000,98000,280000,0.0,280000.0,196000,84000.0
ORD005499,2025-04-30,C0275,P008,R010,6,0.05,110000,72000,660000,33000.0,627000.0,432000,195000.0
ORD000622,2025-04-30,C0256,P015,R003,3,0.0,35000,21000,105000,0.0,105000.0,63000,42000.0
ORD005040,2025-04-30,C0115,P007,R007,4,0.08,180000,118000,720000,57600.0,662400.0,472000,190400.0
ORD001553,2025-04-30,C0155,P004,R007,2,0.15,140000,98000,280000,42000.0,238000.0,196000,42000.0
ORD003453,2025-04-30,C0018,P012,R010,8,0.0,125000,83000,1000000,0.0,1000000.0,664000,336000.0
ORD003226,2025-04-30,C0244,P007,R003,3,0.0,180000,118000,540000,0.0,540000.0,354000,186000.0
ORD000952,2025-04-30,C0101,P002,R010,4,0.08,220000,155000,880000,70400.0,809600.0,620000,189600.0
ORD002998,2025-05-01,C0228,P002,R004,3,0.02,220000,155000,660000,13200.0,646800.0,465000,181800.0
ORD006132,2025-05-01,C0102,P012,R006,3,0.08,125000,83000,375000,30000.0,345000.0,249000,96000.0
ORD007947,2025-05-01,C0159,P018,R005,4,0.2,90000,62000,360000,72000.0,288000.0,248000,40000.0
ORD005952,2025-05-01,C0205,P014,R010,1,0.1,18000,10500,18000,1800.0,16200.0,10500,5700.0
ORD001163,2025-05-01,C0251,P006,R004,4,0.08,95000,62000,380000,30400.0,349600.0,248000,101600.0
ORD004995,2025-05-01,C0250,P004,R013,3,0.15,140000,98000,420000,63000.0,357000.0,294000,63000.0
ORD007597,2025-05-01,C0164,P019,R011,2,0.15,45000,29000,90000,13500.0,76500.0,58000,18500.0
ORD003822,2025-05-01,C0128,P008,R001,3,0.02,110000,72000,330000,6600.0,323400.0,216000,107400.0
ORD000329,2025-05-01,C0129,P001,R010,6,0.1,350000,245000,2100000,210000.0,1890000.0,1470000,420000.0
ORD006371,2025-05-01,C0189,P002,R001,2,0.05,220000,155000,440000,22000.0,418000.0,310000,108000.0
ORD004916,2025-05-01,C0182,P017,R009,3,0.15,75000,50000,225000,33750.0,191250.0,150000,41250.0
ORD007273,2025-05-02,C0118,P015,R001,1,0.1,35000,21000,35000,3500.0,31500.0,21000,10500.0
ORD003714,2025-05-02,C0052,P010,R006,1,0.08,320000,215000,320000,25600.0,294400.0,215000,79400.0
ORD005426,2025-05-02,C0139,P020,R013,1,0.08,22000,13000,22000,1760.0,20240.0,13000,7240.0
ORD000205,2025-05-02,C0175,P008,R004,4,0.08,110000,72000,440000,35200.0,404800.0,288000,116800.0
ORD004730,2025-05-02,C0204,P008,R001,8,0.05,110000,72000,880000,44000.0,836000.0,576000,260000.0
ORD001635,2025-05-02,C0176,P017,R013,2,0.15,75000,50000,150000,22500.0,127500.0,100000,27500.0
ORD007095,2025-05-02,C0112,P020,R006,4,0.1,22000,13000,88000,8800.0,79200.0,52000,27200.0
ORD002565,2025-05-02,C0214,P017,R010,3,0.05,75000,50000,225000,11250.0,213750.0,150000,63750.0
ORD001087,2025-05-02,C0211,P010,R013,6,0.05,320000,215000,1920000,96000.0,1824000.0,1290000,534000.0
ORD001051,2025-05-02,C0144,P015,R013,3,0.05,35000,21000,105000,5250.0,99750.0,63000,36750.0
ORD003145,2025-05-02,C0191,P003,R013,2,0.05,160000,112000,320000,16000.0,304000.0,224000,80000.0
ORD004267,2025-05-02,C0171,P016,R009,4,0.1,55000,35000,220000,22000.0,198000.0,140000,58000.0
ORD007455,2025-05-02,C0163,P002,R002,4,0.0,220000,155000,880000,0.0,880000.0,620000,260000.0
ORD007551,2025-05-02,C0202,P002,R007,2,0.0,220000,155000,440000,0.0,440000.0,310000,130000.0
ORD002206,2025-05-02,C0009,P015,R007,4,0.0,35000,21000,140000,0.0,140000.0,84000,56000.0
ORD007497,2025-05-03,C0139,P013,R005,1,0.2,30000,18500,30000,6000.0,24000.0,18500,5500.0
ORD004254,2025-05-03,C0278,P003,R007,6,0.05,160000,112000,960000,48000.0,912000.0,672000,240000.0
ORD005782,2025-05-03,C0045,P019,R012,6,0.02,45000,29000,270000,5400.0,264600.0,174000,90600.0
ORD002979,2025-05-03,C0036,P014,R008,2,0.0,18000,10500,36000,0.0,36000.0,21000,15000.0
ORD007285,2025-05-03,C0130,P002,R012,3,0.02,220000,155000,660000,13200.0,646800.0,465000,181800.0
ORD004574,2025-05-03,C0254,P007,R003,2,0.2,180000,118000,360000,72000.0,288000.0,236000,52000.0
ORD006178,2025-05-03,C0155,P017,R013,5,0.15,75000,50000,375000,56250.0,318750.0,250000,68750.0
ORD006874,2025-05-03,C0179,P005,R004,6,0.0,120000,84000,720000,0.0,720000.0,504000,216000.0
ORD005621,2025-05-03,C0048,P018,R010,4,0.1,90000,62000,360000,36000.0,324000.0,248000,76000.0
ORD002337,2025-05-03,C0296,P005,R005,2,0.05,120000,84000,240000,12000.0,228000.0,168000,60000.0
ORD007751,2025-05-03,C0162,P002,R006,4,0.08,220000,155000,880000,70400.0,809600.0,620000,189600.0
ORD004951,2025-05-03,C0054,P015,R008,2,0.0,35000,21000,70000,0.0,70000.0,42000,28000.0
ORD005587,2025-05-03,C0119,P019,R001,10,0.08,45000,29000,450000,36000.0,414000.0,290000,124000.0
ORD004003,2025-05-03,C0151,P002,R005,2,0.08,220000,155000,440000,35200.0,404800.0,310000,94800.0
ORD007693,2025-05-03,C0213,P016,R003,5,0.1,55000,35000,275000,27500.0,247500.0,175000,72500.0
ORD001511,2025-05-04,C0201,P007,R010,2,0.15,180000,118000,360000,54000.0,306000.0,236000,70000.0
ORD001766,2025-05-04,C0043,P018,R001,5,0.05,90000,62000,450000,22500.0,427500.0,310000,117500.0
ORD003856,2025-05-04,C0065,P003,R010,6,0.15,160000,112000,960000,144000.0,816000.0,672000,144000.0
ORD007836,2025-05-04,C0067,P007,R012,3,0.0,180000,118000,540000,0.0,540000.0,354000,186000.0
ORD001629,2025-05-04,C0259,P006,R009,3,0.1,95000,62000,285000,28500.0,256500.0,186000,70500.0
ORD001285,2025-05-04,C0107,P006,R012,1,0.0,95000,62000,95000,0.0,95000.0,62000,33000.0
ORD001958,2025-05-04,C0191,P020,R007,1,0.2,22000,13000,22000,4400.0,17600.0,13000,4600.0
ORD000876,2025-05-04,C0111,P010,R008,2,0.05,320000,215000,640000,32000.0,608000.0,430000,178000.0
ORD002818,2025-05-04,C0240,P003,R002,1,0.1,160000,112000,160000,16000.0,144000.0,112000,32000.0
ORD002521,2025-05-04,C0256,P001,R002,2,0.0,350000,245000,700000,0.0,700000.0,490000,210000.0
ORD007333,2025-05-04,C0045,P010,R011,1,0.15,320000,215000,320000,48000.0,272000.0,215000,57000.0
ORD002209,2025-05-04,C0059,P015,R012,4,0.1,35000,21000,140000,14000.0,126000.0,84000,42000.0
ORD003153,2025-05-04,C0294,P004,R001,5,0.0,140000,98000,700000,0.0,700000.0,490000,210000.0
ORD002202,2025-05-05,C0204,P011,R008,8,0.2,85000,57000,680000,136000.0,544000.0,456000,88000.0
ORD002207,2025-05-05,C0249,P004,R001,5,0.2,140000,98000,700000,140000.0,560000.0,490000,70000.0
ORD003267,2025-05-05,C0071,P013,R008,5,0.15,30000,18500,150000,22500.0,127500.0,92500,35000.0
ORD007759,2025-05-05,C0037,P018,R010,5,0.15,90000,62000,450000,67500.0,382500.0,310000,72500.0
ORD004765,2025-05-05,C0091,P009,R012,4,0.08,130000,85000,520000,41600.0,478400.0,340000,138400.0
ORD006796,2025-05-05,C0187,P019,R012,6,0.05,45000,29000,270000,13500.0,256500.0,174000,82500.0
ORD005681,2025-05-05,C0117,P004,R012,5,0.05,140000,98000,700000,35000.0,665000.0,490000,175000.0
ORD006684,2025-05-05,C0166,P019,R008,1,0.08,45000,29000,45000,3600.0,41400.0,29000,12400.0
ORD004664,2025-05-05,C0013,P020,R005,3,0.1,22000,13000,66000,6600.0,59400.0,39000,20400.0
ORD003793,2025-05-05,C0109,P001,R006,5,0.0,350000,245000,1750000,0.0,1750000.0,1225000,525000.0
ORD003746,2025-05-05,C0288,P005,R004,2,0.15,120000,84000,240000,36000.0,204000.0,168000,36000.0
ORD002600,2025-05-05,C0097,P016,R008,1,0.05,55000,35000,55000,2750.0,52250.0,35000,17250.0
ORD003983,2025-05-05,C0007,P017,R010,1,0.1,75000,50000,75000,7500.0,67500.0,50000,17500.0
ORD002182,2025-05-06,C0255,P018,R010,1,0.2,90000,62000,90000,18000.0,72000.0,62000,10000.0
ORD005869,2025-05-06,C0034,P014,R005,6,0.05,18000,10500,108000,5400.0,102600.0,63000,39600.0
ORD005596,2025-05-06,C0034,P011,R006,1,0.05,85000,57000,85000,4250.0,80750.0,57000,23750.0
ORD004722,2025-05-06,C0125,P020,R009,8,0.0,22000,13000,176000,0.0,176000.0,104000,72000.0
ORD002298,2025-05-06,C0278,P001,R004,8,0.1,350000,245000,2800000,280000.0,2520000.0,1960000,560000.0
ORD000300,2025-05-06,C0132,P015,R011,3,0.05,35000,21000,105000,5250.0,99750.0,63000,36750.0
ORD004424,2025-05-06,C0045,P015,R013,3,0.02,35000,21000,105000,2100.0,102900.0,63000,39900.0
ORD004353,2025-05-06,C0291,P014,R005,6,0.02,18000,10500,108000,2160.0,105840.0,63000,42840.0
ORD000159,2025-05-06,C0279,P004,R011,4,0.08,140000,98000,560000,44800.0,515200.0,392000,123200.0
ORD002821,2025-05-06,C0026,P006,R012,3,0.0,95000,62000,285000,0.0,285000.0,186000,99000.0
ORD001191,2025-05-06,C0217,P019,R010,2,0.08,45000,29000,90000,7200.0,82800.0,58000,24800.0
ORD004809,2025-05-06,C0085,P007,R009,1,0.05,180000,118000,180000,9000.0,171000.0,118000,53000.0
ORD004539,2025-05-06,C0116,P001,R010,3,0.0,350000,245000,1050000,0.0,1050000.0,735000,315000.0
ORD007127,2025-05-06,C0269,P014,R002,8,0.05,18000,10500,144000,7200.0,136800.0,84000,52800.0
ORD000367,2025-05-06,C0217,P010,R005,2,0.05,320000,215000,640000,32000.0,608000.0,430000,178000.0
ORD007492,2025-05-06,C0204,P019,R005,10,0.05,45000,29000,450000,22500.0,427500.0,290000,137500.0
ORD000011,2025-05-07,C0241,P017,R006,2,0.0,75000,50000,150000,0.0,150000.0,100000,50000.0
ORD002321,2025-05-07,C0071,P007,R008,1,0.08,180000,118000,180000,14400.0,165600.0,118000,47600.0
ORD001079,2025-05-07,C0120,P016,R007,3,0.08,55000,35000,165000,13200.0,151800.0,105000,46800.0
ORD002013,2025-05-07,C0040,P006,R002,4,0.2,95000,62000,380000,76000.0,304000.0,248000,56000.0
ORD005297,2025-05-07,C0180,P018,R006,2,0.0,90000,62000,180000,0.0,180000.0,124000,56000.0
ORD003061,2025-05-07,C0298,P003,R004,2,0.02,160000,112000,320000,6400.0,313600.0,224000,89600.0
ORD006327,2025-05-07,C0185,P020,R011,3,0.1,22000,13000,66000,6600.0,59400.0,39000,20400.0
ORD000525,2025-05-07,C0057,P009,R005,2,0.05,130000,85000,260000,13000.0,247000.0,170000,77000.0
ORD004357,2025-05-07,C0156,P009,R002,10,0.08,130000,85000,1300000,104000.0,1196000.0,850000,346000.0
ORD003474,2025-05-07,C0134,P008,R004,1,0.02,110000,72000,110000,2200.0,107800.0,72000,35800.0
ORD002929,2025-05-07,C0014,P007,R007,1,0.1,180000,118000,180000,18000.0,162000.0,118000,44000.0
ORD002091,2025-05-07,C0175,P010,R006,1,0.08,320000,215000,320000,25600.0,294400.0,215000,79400.0
ORD002142,2025-05-07,C0152,P020,R011,2,0.15,22000,13000,44000,6600.0,37400.0,26000,11400.0
ORD006607,2025-05-07,C0194,P019,R008,8,0.05,45000,29000,360000,18000.0,342000.0,232000,110000.0
ORD005269,2025-05-08,C0028,P012,R003,3,0.0,125000,83000,375000,0.0,375000.0,249000,126000.0
ORD003399,2025-05-08,C0272,P001,R009,2,0.1,350000,245000,700000,70000.0,630000.0,490000,140000.0
ORD005557,2025-05-08,C0073,P012,R009,2,0.05,125000,83000,250000,12500.0,237500.0,166000,71500.0
ORD006703,2025-05-08,C0276,P002,R001,3,0.15,220000,155000,660000,99000.0,561000.0,465000,96000.0
ORD003727,2025-05-08,C0261,P012,R004,2,0.02,125000,83000,250000,5000.0,245000.0,166000,79000.0
ORD002781,2025-05-08,C0265,P011,R012,2,0.0,85000,57000,170000,0.0,170000.0,114000,56000.0
ORD001475,2025-05-08,C0133,P012,R011,1,0.05,125000,83000,125000,6250.0,118750.0,83000,35750.0
ORD004708,2025-05-08,C0153,P006,R005,2,0.0,95000,62000,190000,0.0,190000.0,124000,66000.0
ORD002319,2025-05-08,C0245,P010,R011,2,0.05,320000,215000,640000,32000.0,608000.0,430000,178000.0
ORD000672,2025-05-08,C0243,P005,R005,6,0.05,120000,84000,720000,36000.0,684000.0,504000,180000.0
ORD002847,2025-05-08,C0250,P007,R008,2,0.08,180000,118000,360000,28800.0,331200.0,236000,95200.0
ORD000654,2025-05-08,C0283,P020,R004,2,0.08,22000,13000,44000,3520.0,40480.0,26000,14480.0
ORD001675,2025-05-08,C0248,P006,R001,5,0.08,95000,62000,475000,38000.0,437000.0,310000,127000.0
ORD006934,2025-05-08,C0234,P010,R012,2,0.0,320000,215000,640000,0.0,640000.0,430000,210000.0
ORD006581,2025-05-08,C0067,P014,R010,6,0.05,18000,10500,108000,5400.0,102600.0,63000,39600.0
ORD004635,2025-05-08,C0022,P005,R012,3,0.05,120000,84000,360000,18000.0,342000.0,252000,90000.0
ORD006978,2025-05-08,C0009,P019,R007,3,0.05,45000,29000,135000,6750.0,128250.0,87000,41250.0
ORD006523,2025-05-08,C0173,P019,R012,2,0.05,45000,29000,90000,4500.0,85500.0,58000,27500.0
ORD003985,2025-05-08,C0110,P002,R004,4,0.08,220000,155000,880000,70400.0,809600.0,620000,189600.0
ORD006554,2025-05-09,C0111,P016,R006,3,0.02,55000,35000,165000,3300.0,161700.0,105000,56700.0
ORD005954,2025-05-09,C0070,P014,R008,4,0.0,18000,10500,72000,0.0,72000.0,42000,30000.0
ORD004895,2025-05-09,C0282,P007,R008,2,0.05,180000,118000,360000,18000.0,342000.0,236000,106000.0
ORD004770,2025-05-09,C0187,P011,R008,4,0.08,85000,57000,340000,27200.0,312800.0,228000,84800.0
ORD004044,2025-05-09,C0259,P003,R009,8,0.08,160000,112000,1280000,102400.0,1177600.0,896000,281600.0
ORD001556,2025-05-09,C0176,P005,R011,4,0.0,120000,84000,480000,0.0,480000.0,336000,144000.0
ORD005026,2025-05-09,C0244,P017,R011,1,0.02,75000,50000,75000,1500.0,73500.0,50000,23500.0
ORD001681,2025-05-09,C0017,P018,R001,5,0.15,90000,62000,450000,67500.0,382500.0,310000,72500.0
ORD001905,2025-05-09,C0240,P008,R001,4,0.0,110000,72000,440000,0.0,440000.0,288000,152000.0
ORD002996,2025-05-09,C0005,P020,R001,1,0.02,22000,13000,22000,440.0,21560.0,13000,8560.0
ORD001210,2025-05-09,C0078,P019,R005,4,0.15,45000,29000,180000,27000.0,153000.0,116000,37000.0
ORD003619,2025-05-09,C0127,P005,R002,2,0.05,120000,84000,240000,12000.0,228000.0,168000,60000.0
ORD003007,2025-05-09,C0292,P003,R013,5,0.1,160000,112000,800000,80000.0,720000.0,560000,160000.0
ORD002639,2025-05-09,C0028,P018,R008,1,0.05,90000,62000,90000,4500.0,85500.0,62000,23500.0
ORD003209,2025-05-09,C0090,P019,R012,2,0.1,45000,29000,90000,9000.0,81000.0,58000,23000.0
ORD007524,2025-05-09,C0173,P017,R006,4,0.05,75000,50000,300000,15000.0,285000.0,200000,85000.0
ORD003919,2025-05-09,C0102,P003,R006,1,0.15,160000,112000,160000,24000.0,136000.0,112000,24000.0
ORD005679,2025-05-09,C0240,P019,R012,3,0.08,45000,29000,135000,10800.0,124200.0,87000,37200.0
ORD001898,2025-05-09,C0107,P011,R010,2,0.02,85000,57000,170000,3400.0,166600.0,114000,52600.0
ORD006419,2025-05-10,C0168,P002,R001,2,0.0,220000,155000,440000,0.0,440000.0,310000,130000.0
ORD006896,2025-05-10,C0230,P014,R006,6,0.08,18000,10500,108000,8640.0,99360.0,63000,36360.0
ORD001557,2025-05-10,C0174,P013,R005,8,0.02,30000,18500,240000,4800.0,235200.0,148000,87200.0
ORD001452,2025-05-10,C0093,P020,R009,6,0.08,22000,13000,132000,10560.0,121440.0,78000,43440.0
ORD004639,2025-05-10,C0030,P013,R011,2,0.0,30000,18500,60000,0.0,60000.0,37000,23000.0
ORD006169,2025-05-10,C0246,P012,R005,2,0.08,125000,83000,250000,20000.0,230000.0,166000,64000.0
ORD005855,2025-05-10,C0299,P007,R012,2,0.08,180000,118000,360000,28800.0,331200.0,236000,95200.0
ORD006884,2025-05-10,C0279,P004,R008,1,0.1,140000,98000,140000,14000.0,126000.0,98000,28000.0
ORD001382,2025-05-10,C0265,P016,R001,8,0.02,55000,35000,440000,8800.0,431200.0,280000,151200.0
ORD001140,2025-05-10,C0100,P009,R003,3,0.08,130000,85000,390000,31200.0,358800.0,255000,103800.0
ORD004500,2025-05-10,C0098,P017,R002,4,0.15,75000,50000,300000,45000.0,255000.0,200000,55000.0
ORD004822,2025-05-10,C0231,P013,R011,1,0.08,30000,18500,30000,2400.0,27600.0,18500,9100.0
ORD001483,2025-05-10,C0242,P008,R012,5,0.05,110000,72000,550000,27500.0,522500.0,360000,162500.0
ORD000977,2025-05-10,C0101,P018,R009,2,0.15,90000,62000,180000,27000.0,153000.0,124000,29000.0
ORD004489,2025-05-10,C0029,P001,R011,6,0.02,350000,245000,2100000,42000.0,2058000.0,1470000,588000.0
ORD000688,2025-05-10,C0187,P020,R005,4,0.15,22000,13000,88000,13200.0,74800.0,52000,22800.0
ORD006021,2025-05-10,C0202,P015,R012,2,0.15,35000,21000,70000,10500.0,59500.0,42000,17500.0
ORD004846,2025-05-10,C0062,P001,R007,2,0.02,350000,245000,700000,14000.0,686000.0,490000,196000.0
ORD005960,2025-05-10,C0135,P010,R006,4,0.0,320000,215000,1280000,0.0,1280000.0,860000,420000.0
ORD006771,2025-05-10,C0235,P002,R001,6,0.0,220000,155000,1320000,0.0,1320000.0,930000,390000.0
ORD000504,2025-05-10,C0122,P015,R002,2,0.05,35000,21000,70000,3500.0,66500.0,42000,24500.0
ORD003909,2025-05-10,C0273,P015,R007,8,0.05,35000,21000,280000,14000.0,266000.0,168000,98000.0
ORD004789,2025-05-10,C0068,P014,R011,8,0.05,18000,10500,144000,7200.0,136800.0,84000,52800.0
ORD004934,2025-05-10,C0202,P003,R013,2,0.02,160000,112000,320000,6400.0,313600.0,224000,89600.0
ORD007791,2025-05-11,C0041,P015,R012,2,0.05,35000,21000,70000,3500.0,66500.0,42000,24500.0
ORD000777,2025-05-11,C0221,P007,R003,4,0.05,180000,118000,720000,36000.0,684000.0,472000,212000.0
ORD001819,2025-05-11,C0269,P010,R005,4,0.0,320000,215000,1280000,0.0,1280000.0,860000,420000.0
ORD004884,2025-05-11,C0032,P002,R001,1,0.02,220000,155000,220000,4400.0,215600.0,155000,60600.0
ORD000726,2025-05-11,C0221,P002,R012,1,0.0,220000,155000,220000,0.0,220000.0,155000,65000.0
ORD001933,2025-05-11,C0204,P014,R001,8,0.1,18000,10500,144000,14400.0,129600.0,84000,45600.0
ORD005941,2025-05-11,C0185,P019,R007,2,0.0,45000,29000,90000,0.0,90000.0,58000,32000.0
ORD001915,2025-05-11,C0287,P009,R010,8,0.05,130000,85000,1040000,52000.0,988000.0,680000,308000.0
ORD004049,2025-05-11,C0291,P003,R004,3,0.02,160000,112000,480000,9600.0,470400.0,336000,134400.0
ORD007241,2025-05-11,C0257,P012,R008,8,0.05,125000,83000,1000000,50000.0,950000.0,664000,286000.0
ORD007072,2025-05-11,C0050,P009,R002,8,0.15,130000,85000,1040000,156000.0,884000.0,680000,204000.0
ORD003615,2025-05-12,C0194,P005,R008,2,0.05,120000,84000,240000,12000.0,228000.0,168000,60000.0
ORD000460,2025-05-12,C0114,P005,R013,1,0.15,120000,84000,120000,18000.0,102000.0,84000,18000.0
ORD001713,2025-05-12,C0128,P019,R004,2,0.0,45000,29000,90000,0.0,90000.0,58000,32000.0
ORD007596,2025-05-12,C0290,P007,R005,3,0.1,180000,118000,540000,54000.0,486000.0,354000,132000.0
ORD005204,2025-05-12,C0082,P007,R005,4,0.0,180000,118000,720000,0.0,720000.0,472000,248000.0
ORD004662,2025-05-12,C0180,P007,R012,4,0.05,180000,118000,720000,36000.0,684000.0,472000,212000.0
ORD003447,2025-05-12,C0237,P016,R012,2,0.0,55000,35000,110000,0.0,110000.0,70000,40000.0
ORD004866,2025-05-12,C0066,P002,R001,2,0.05,220000,155000,440000,22000.0,418000.0,310000,108000.0
ORD002048,2025-05-12,C0121,P004,R004,3,0.0,140000,98000,420000,0.0,420000.0,294000,126000.0
ORD000149,2025-05-12,C0228,P007,R012,1,0.05,180000,118000,180000,9000.0,171000.0,118000,53000.0
ORD002672,2025-05-12,C0201,P006,R006,6,0.1,95000,62000,570000,57000.0,513000.0,372000,141000.0
ORD006959,2025-05-12,C0250,P015,R002,1,0.05,35000,21000,35000,1750.0,33250.0,21000,12250.0
ORD004640,2025-05-12,C0106,P013,R013,5,0.05,30000,18500,150000,7500.0,142500.0,92500,50000.0
ORD006886,2025-05-12,C0199,P007,R001,5,0.0,180000,118000,900000,0.0,900000.0,590000,310000.0
ORD004996,2025-05-12,C0177,P004,R001,3,0.02,140000,98000,420000,8400.0,411600.0,294000,117600.0
ORD001711,2025-05-12,C0043,P008,R004,10,0.0,110000,72000,1100000,0.0,1100000.0,720000,380000.0
ORD007083,2025-05-13,C0190,P018,R010,2,0.08,90000,62000,180000,14400.0,165600.0,124000,41600.0
ORD005906,2025-05-13,C0200,P003,R008,2,0.02,160000,112000,320000,6400.0,313600.0,224000,89600.0
ORD006497,2025-05-13,C0258,P011,R012,5,0.15,85000,57000,425000,63750.0,361250.0,285000,76250.0
ORD006867,2025-05-13,C0213,P020,R009,2,0.0,22000,13000,44000,0.0,44000.0,26000,18000.0
ORD005534,2025-05-13,C0009,P015,R007,5,0.15,35000,21000,175000,26250.0,148750.0,105000,43750.0
ORD005951,2025-05-13,C0123,P006,R007,4,0.0,95000,62000,380000,0.0,380000.0,248000,132000.0
ORD000289,2025-05-13,C0208,P013,R002,4,0.15,30000,18500,120000,18000.0,102000.0,74000,28000.0
ORD007064,2025-05-13,C0208,P011,R013,3,0.1,85000,57000,255000,25500.0,229500.0,171000,58500.0
ORD000121,2025-05-13,C0095,P013,R005,1,0.08,30000,18500,30000,2400.0,27600.0,18500,9100.0
ORD005419,2025-05-13,C0016,P003,R012,2,0.02,160000,112000,320000,6400.0,313600.0,224000,89600.0
ORD001271,2025-05-13,C0280,P006,R007,4,0.0,95000,62000,380000,0.0,380000.0,248000,132000.0
ORD001158,2025-05-13,C0119,P008,R005,2,0.02,110000,72000,220000,4400.0,215600.0,144000,71600.0
ORD000909,2025-05-13,C0226,P018,R008,3,0.2,90000,62000,270000,54000.0,216000.0,186000,30000.0
ORD006722,2025-05-13,C0129,P020,R005,2,0.15,22000,13000,44000,6600.0,37400.0,26000,11400.0
ORD000524,2025-05-13,C0017,P010,R013,2,0.05,320000,215000,640000,32000.0,608000.0,430000,178000.0
ORD004905,2025-05-14,C0210,P013,R004,2,0.0,30000,18500,60000,0.0,60000.0,37000,23000.0
ORD004944,2025-05-14,C0079,P004,R002,5,0.08,140000,98000,700000,56000.0,644000.0,490000,154000.0
ORD002493,2025-05-14,C0044,P016,R006,10,0.0,55000,35000,550000,0.0,550000.0,350000,200000.0
ORD006679,2025-05-14,C0119,P005,R013,8,0.05,120000,84000,960000,48000.0,912000.0,672000,240000.0
ORD001445,2025-05-14,C0002,P005,R007,1,0.1,120000,84000,120000,12000.0,108000.0,84000,24000.0
ORD000512,2025-05-14,C0094,P017,R005,4,0.2,75000,50000,300000,60000.0,240000.0,200000,40000.0
ORD006119,2025-05-14,C0173,P016,R010,3,0.02,55000,35000,165000,3300.0,161700.0,105000,56700.0
ORD004537,2025-05-14,C0275,P010,R004,4,0.05,320000,215000,1280000,64000.0,1216000.0,860000,356000.0
ORD004299,2025-05-14,C0108,P016,R001,6,0.05,55000,35000,330000,16500.0,313500.0,210000,103500.0
ORD004232,2025-05-14,C0220,P011,R001,2,0.08,85000,57000,170000,13600.0,156400.0,114000,42400.0
ORD004407,2025-05-14,C0191,P017,R009,1,0.05,75000,50000,75000,3750.0,71250.0,50000,21250.0
ORD000177,2025-05-14,C0250,P017,R011,3,0.02,75000,50000,225000,4500.0,220500.0,150000,70500.0
ORD002888,2025-05-14,C0057,P016,R007,4,0.0,55000,35000,220000,0.0,220000.0,140000,80000.0
ORD007499,2025-05-14,C0049,P009,R007,4,0.0,130000,85000,520000,0.0,520000.0,340000,180000.0
ORD003894,2025-05-15,C0031,P012,R004,1,0.02,125000,83000,125000,2500.0,122500.0,83000,39500.0
ORD007204,2025-05-15,C0246,P008,R002,4,0.1,110000,72000,440000,44000.0,396000.0,288000,108000.0
ORD002993,2025-05-15,C0043,P012,R010,4,0.02,125000,83000,500000,10000.0,490000.0,332000,158000.0
ORD004386,2025-05-15,C0107,P013,R005,5,0.15,30000,18500,150000,22500.0,127500.0,92500,35000.0
ORD005025,2025-05-15,C0133,P010,R007,10,0.0,320000,215000,3200000,0.0,3200000.0,2150000,1050000.0
ORD007986,2025-05-15,C0199,P006,R003,2,0.1,95000,62000,190000,19000.0,171000.0,124000,47000.0
ORD004219,2025-05-15,C0116,P002,R013,3,0.05,220000,155000,660000,33000.0,627000.0,465000,162000.0
ORD005416,2025-05-15,C0204,P012,R011,2,0.0,125000,83000,250000,0.0,250000.0,166000,84000.0
ORD006455,2025-05-16,C0264,P003,R010,6,0.08,160000,112000,960000,76800.0,883200.0,672000,211200.0
ORD006984,2025-05-16,C0227,P007,R013,3,0.02,180000,118000,540000,10800.0,529200.0,354000,175200.0
ORD003159,2025-05-16,C0220,P020,R012,6,0.0,22000,13000,132000,0.0,132000.0,78000,54000.0
ORD003738,2025-05-16,C0271,P012,R001,5,0.05,125000,83000,625000,31250.0,593750.0,415000,178750.0
ORD004271,2025-05-16,C0166,P015,R013,2,0.05,35000,21000,70000,3500.0,66500.0,42000,24500.0
ORD001678,2025-05-16,C0096,P008,R006,1,0.15,110000,72000,110000,16500.0,93500.0,72000,21500.0
ORD006354,2025-05-16,C0243,P005,R010,6,0.08,120000,84000,720000,57600.0,662400.0,504000,158400.0
ORD007703,2025-05-16,C0066,P018,R001,4,0.1,90000,62000,360000,36000.0,324000.0,248000,76000.0
ORD002077,2025-05-16,C0194,P013,R005,5,0.08,30000,18500,150000,12000.0,138000.0,92500,45500.0
ORD004456,2025-05-17,C0052,P018,R008,1,0.05,90000,62000,90000,4500.0,85500.0,62000,23500.0
ORD006150,2025-05-17,C0066,P008,R008,1,0.15,110000,72000,110000,16500.0,93500.0,72000,21500.0
ORD006337,2025-05-17,C0216,P006,R009,3,0.05,95000,62000,285000,14250.0,270750.0,186000,84750.0
ORD002914,2025-05-17,C0038,P006,R001,3,0.0,95000,62000,285000,0.0,285000.0,186000,99000.0
ORD000399,2025-05-17,C0071,P018,R012,4,0.08,90000,62000,360000,28800.0,331200.0,248000,83200.0
ORD000763,2025-05-17,C0053,P001,R009,6,0.08,350000,245000,2100000,168000.0,1932000.0,1470000,462000.0
ORD007849,2025-05-17,C0121,P017,R008,3,0.05,75000,50000,225000,11250.0,213750.0,150000,63750.0
ORD004072,2025-05-17,C0260,P019,R006,1,0.05,45000,29000,45000,2250.0,42750.0,29000,13750.0
ORD002619,2025-05-17,C0081,P019,R003,1,0.2,45000,29000,45000,9000.0,36000.0,29000,7000.0
ORD000542,2025-05-17,C0256,P008,R007,8,0.15,110000,72000,880000,132000.0,748000.0,576000,172000.0
ORD001768,2025-05-17,C0210,P018,R010,5,0.02,90000,62000,450000,9000.0,441000.0,310000,131000.0
ORD004314,2025-05-17,C0282,P015,R010,1,0.02,35000,21000,35000,700.0,34300.0,21000,13300.0
ORD003584,2025-05-17,C0055,P002,R001,5,0.02,220000,155000,1100000,22000.0,1078000.0,775000,303000.0
ORD002405,2025-05-17,C0016,P007,R012,2,0.05,180000,118000,360000,18000.0,342000.0,236000,106000.0
ORD003068,2025-05-17,C0098,P002,R012,10,0.02,220000,155000,2200000,44000.0,2156000.0,1550000,606000.0
ORD000447,2025-05-17,C0176,P008,R003,2,0.0,110000,72000,220000,0.0,220000.0,144000,76000.0
ORD003027,2025-05-17,C0191,P019,R003,3,0.15,45000,29000,135000,20250.0,114750.0,87000,27750.0
ORD006854,2025-05-18,C0109,P007,R006,1,0.0,180000,118000,180000,0.0,180000.0,118000,62000.0
ORD006759,2025-05-18,C0021,P002,R007,10,0.05,220000,155000,2200000,110000.0,2090000.0,1550000,540000.0
ORD003908,2025-05-18,C0259,P010,R004,2,0.05,320000,215000,640000,32000.0,608000.0,430000,178000.0
ORD000290,2025-05-18,C0125,P003,R013,3,0.05,160000,112000,480000,24000.0,456000.0,336000,120000.0
ORD006961,2025-05-18,C0053,P007,R003,1,0.15,180000,118000,180000,27000.0,153000.0,118000,35000.0
ORD007743,2025-05-18,C0047,P019,R011,2,0.0,45000,29000,90000,0.0,90000.0,58000,32000.0
ORD001772,2025-05-18,C0155,P019,R006,10,0.0,45000,29000,450000,0.0,450000.0,290000,160000.0
ORD006553,2025-05-18,C0149,P015,R003,3,0.1,35000,21000,105000,10500.0,94500.0,63000,31500.0
ORD002474,2025-05-18,C0174,P014,R006,3,0.0,18000,10500,54000,0.0,54000.0,31500,22500.0
ORD001600,2025-05-18,C0236,P018,R011,3,0.1,90000,62000,270000,27000.0,243000.0,186000,57000.0
ORD006714,2025-05-18,C0118,P019,R006,3,0.1,45000,29000,135000,13500.0,121500.0,87000,34500.0
ORD003641,2025-05-18,C0287,P016,R010,3,0.0,55000,35000,165000,0.0,165000.0,105000,60000.0
ORD005455,2025-05-18,C0084,P011,R010,5,0.05,85000,57000,425000,21250.0,403750.0,285000,118750.0
ORD003268,2025-05-18,C0176,P010,R011,3,0.15,320000,215000,960000,144000.0,816000.0,645000,171000.0
ORD007898,2025-05-18,C0198,P020,R008,2,0.05,22000,13000,44000,2200.0,41800.0,26000,15800.0
ORD006180,2025-05-19,C0250,P007,R006,3,0.02,180000,118000,540000,10800.0,529200.0,354000,175200.0
ORD003533,2025-05-19,C0141,P002,R001,1,0.02,220000,155000,220000,4400.0,215600.0,155000,60600.0
ORD005076,2025-05-19,C0116,P019,R003,4,0.02,45000,29000,180000,3600.0,176400.0,116000,60400.0
ORD003548,2025-05-19,C0180,P001,R003,1,0.05,350000,245000,350000,17500.0,332500.0,245000,87500.0
ORD000429,2025-05-19,C0056,P003,R009,4,0.02,160000,112000,640000,12800.0,627200.0,448000,179200.0
ORD007414,2025-05-19,C0007,P016,R006,1,0.1,55000,35000,55000,5500.0,49500.0,35000,14500.0
ORD002988,2025-05-19,C0202,P012,R012,1,0.05,125000,83000,125000,6250.0,118750.0,83000,35750.0
ORD003120,2025-05-19,C0021,P019,R009,4,0.1,45000,29000,180000,18000.0,162000.0,116000,46000.0
ORD006912,2025-05-19,C0006,P012,R008,1,0.08,125000,83000,125000,10000.0,115000.0,83000,32000.0
ORD002243,2025-05-19,C0084,P017,R007,2,0.1,75000,50000,150000,15000.0,135000.0,100000,35000.0
ORD006992,2025-05-19,C0046,P003,R008,2,0.15,160000,112000,320000,48000.0,272000.0,224000,48000.0
ORD007361,2025-05-19,C0282,P007,R007,2,0.02,180000,118000,360000,7200.0,352800.0,236000,116800.0
ORD005967,2025-05-19,C0181,P009,R011,2,0.02,130000,85000,260000,5200.0,254800.0,170000,84800.0
ORD002236,2025-05-19,C0257,P008,R003,2,0.1,110000,72000,220000,22000.0,198000.0,144000,54000.0
ORD006612,2025-05-19,C0060,P011,R003,4,0.15,85000,57000,340000,51000.0,289000.0,228000,61000.0
ORD002592,2025-05-19,C0276,P019,R008,2,0.15,45000,29000,90000,13500.0,76500.0,58000,18500.0
ORD005785,2025-05-20,C0164,P009,R005,2,0.08,130000,85000,260000,20800.0,239200.0,170000,69200.0
ORD003523,2025-05-20,C0018,P015,R010,4,0.08,35000,21000,140000,11200.0,128800.0,84000,44800.0
ORD005089,2025-05-20,C0001,P014,R003,4,0.0,18000,10500,72000,0.0,72000.0,42000,30000.0
ORD003009,2025-05-20,C0122,P005,R006,5,0.0,120000,84000,600000,0.0,600000.0,420000,180000.0
ORD000425,2025-05-20,C0273,P011,R005,4,0.02,85000,57000,340000,6800.0,333200.0,228000,105200.0
ORD005418,2025-05-20,C0258,P001,R010,1,0.02,350000,245000,350000,7000.0,343000.0,245000,98000.0
ORD002259,2025-05-20,C0135,P020,R013,2,0.1,22000,13000,44000,4400.0,39600.0,26000,13600.0
ORD004924,2025-05-20,C0149,P011,R003,2,0.08,85000,57000,170000,13600.0,156400.0,114000,42400.0
ORD002824,2025-05-20,C0262,P017,R008,1,0.02,75000,50000,75000,1500.0,73500.0,50000,23500.0
ORD000824,2025-05-20,C0105,P012,R005,2,0.15,125000,83000,250000,37500.0,212500.0,166000,46500.0
ORD003613,2025-05-20,C0042,P020,R003,2,0.0,22000,13000,44000,0.0,44000.0,26000,18000.0
ORD006428,2025-05-20,C0158,P014,R013,3,0.08,18000,10500,54000,4320.0,49680.0,31500,18180.0
ORD006651,2025-05-21,C0214,P013,R005,4,0.0,30000,18500,120000,0.0,120000.0,74000,46000.0
ORD002840,2025-05-21,C0102,P001,R010,4,0.15,350000,245000,1400000,210000.0,1190000.0,980000,210000.0
ORD006420,2025-05-21,C0297,P015,R006,6,0.08,35000,21000,210000,16800.0,193200.0,126000,67200.0
ORD001289,2025-05-21,C0113,P008,R004,6,0.02,110000,72000,660000,13200.0,646800.0,432000,214800.0
ORD002317,2025-05-21,C0071,P017,R004,3,0.05,75000,50000,225000,11250.0,213750.0,150000,63750.0
ORD002765,2025-05-21,C0123,P020,R013,4,0.0,22000,13000,88000,0.0,88000.0,52000,36000.0
ORD003843,2025-05-21,C0176,P010,R006,4,0.1,320000,215000,1280000,128000.0,1152000.0,860000,292000.0
ORD007897,2025-05-21,C0279,P009,R011,2,0.0,130000,85000,260000,0.0,260000.0,170000,90000.0
ORD001321,2025-05-21,C0273,P014,R009,4,0.1,18000,10500,72000,7200.0,64800.0,42000,22800.0
ORD000576,2025-05-21,C0077,P009,R006,1,0.0,130000,85000,130000,0.0,130000.0,85000,45000.0
ORD003726,2025-05-21,C0033,P016,R013,4,0.0,55000,35000,220000,0.0,220000.0,140000,80000.0
ORD004304,2025-05-21,C0026,P009,R011,2,0.1,130000,85000,260000,26000.0,234000.0,170000,64000.0
ORD005846,2025-05-21,C0061,P011,R010,3,0.2,85000,57000,255000,51000.0,204000.0,171000,33000.0
ORD000519,2025-05-21,C0170,P012,R010,5,0.02,125000,83000,625000,12500.0,612500.0,415000,197500.0
ORD003079,2025-05-21,C0055,P015,R010,2,0.15,35000,21000,70000,10500.0,59500.0,42000,17500.0
ORD002408,2025-05-21,C0001,P010,R010,2,0.0,320000,215000,640000,0.0,640000.0,430000,210000.0
ORD006201,2025-05-21,C0092,P018,R010,3,0.15,90000,62000,270000,40500.0,229500.0,186000,43500.0
ORD007359,2025-05-21,C0134,P014,R007,2,0.02,18000,10500,36000,720.0,35280.0,21000,14280.0
ORD000798,2025-05-21,C0260,P006,R005,3,0.15,95000,62000,285000,42750.0,242250.0,186000,56250.0
ORD006698,2025-05-21,C0252,P017,R010,3,0.2,75000,50000,225000,45000.0,180000.0,150000,30000.0
ORD005476,2025-05-21,C0011,P005,R002,2,0.05,120000,84000,240000,12000.0,228000.0,168000,60000.0
ORD002607,2025-05-21,C0023,P014,R007,5,0.0,18000,10500,90000,0.0,90000.0,52500,37500.0
ORD007020,2025-05-22,C0275,P008,R006,5,0.02,110000,72000,550000,11000.0,539000.0,360000,179000.0
ORD002071,2025-05-22,C0280,P015,R011,3,0.02,35000,21000,105000,2100.0,102900.0,63000,39900.0
ORD007562,2025-05-22,C0116,P004,R009,3,0.05,140000,98000,420000,21000.0,399000.0,294000,105000.0
ORD000816,2025-05-22,C0082,P019,R005,4,0.1,45000,29000,180000,18000.0,162000.0,116000,46000.0
ORD004010,2025-05-22,C0002,P009,R012,4,0.0,130000,85000,520000,0.0,520000.0,340000,180000.0
ORD001813,2025-05-22,C0258,P017,R003,2,0.0,75000,50000,150000,0.0,150000.0,100000,50000.0
ORD001980,2025-05-22,C0091,P016,R004,6,0.0,55000,35000,330000,0.0,330000.0,210000,120000.0
ORD007023,2025-05-23,C0221,P020,R009,2,0.0,22000,13000,44000,0.0,44000.0,26000,18000.0
ORD007809,2025-05-23,C0013,P012,R003,1,0.08,125000,83000,125000,10000.0,115000.0,83000,32000.0
ORD000193,2025-05-23,C0012,P018,R003,3,0.02,90000,62000,270000,5400.0,264600.0,186000,78600.0
ORD001432,2025-05-23,C0111,P004,R002,1,0.1,140000,98000,140000,14000.0,126000.0,98000,28000.0
ORD001963,2025-05-23,C0019,P010,R004,1,0.15,320000,215000,320000,48000.0,272000.0,215000,57000.0
ORD005805,2025-05-23,C0052,P020,R007,3,0.1,22000,13000,66000,6600.0,59400.0,39000,20400.0
ORD005128,2025-05-23,C0209,P020,R008,4,0.08,22000,13000,88000,7040.0,80960.0,52000,28960.0
ORD001052,2025-05-23,C0261,P019,R013,2,0.0,45000,29000,90000,0.0,90000.0,58000,32000.0
ORD002529,2025-05-23,C0286,P019,R010,2,0.0,45000,29000,90000,0.0,90000.0,58000,32000.0
ORD000469,2025-05-23,C0085,P007,R010,2,0.1,180000,118000,360000,36000.0,324000.0,236000,88000.0
ORD004461,2025-05-23,C0219,P009,R004,1,0.0,130000,85000,130000,0.0,130000.0,85000,45000.0
ORD003628,2025-05-23,C0247,P011,R010,8,0.15,85000,57000,680000,102000.0,578000.0,456000,122000.0
ORD001255,2025-05-23,C0008,P016,R005,4,0.02,55000,35000,220000,4400.0,215600.0,140000,75600.0
ORD004964,2025-05-23,C0075,P002,R008,4,0.02,220000,155000,880000,17600.0,862400.0,620000,242400.0
ORD003509,2025-05-23,C0210,P014,R009,5,0.15,18000,10500,90000,13500.0,76500.0,52500,24000.0
ORD007144,2025-05-24,C0200,P013,R008,2,0.08,30000,18500,60000,4800.0,55200.0,37000,18200.0
ORD003330,2025-05-24,C0082,P006,R005,3,0.2,95000,62000,285000,57000.0,228000.0,186000,42000.0
ORD003107,2025-05-24,C0190,P015,R002,2,0.1,35000,21000,70000,7000.0,63000.0,42000,21000.0
ORD006943,2025-05-24,C0223,P011,R012,10,0.02,85000,57000,850000,17000.0,833000.0,570000,263000.0
ORD005912,2025-05-24,C0201,P002,R004,3,0.1,220000,155000,660000,66000.0,594000.0,465000,129000.0
ORD001297,2025-05-24,C0020,P020,R003,2,0.02,22000,13000,44000,880.0,43120.0,26000,17120.0
ORD003912,2025-05-24,C0262,P006,R003,1,0.02,95000,62000,95000,1900.0,93100.0,62000,31100.0
ORD007721,2025-05-24,C0184,P020,R004,2,0.1,22000,13000,44000,4400.0,39600.0,26000,13600.0
ORD000586,2025-05-24,C0077,P002,R006,3,0.0,220000,155000,660000,0.0,660000.0,465000,195000.0
ORD001845,2025-05-24,C0292,P006,R012,3,0.02,95000,62000,285000,5700.0,279300.0,186000,93300.0
ORD007965,2025-05-24,C0262,P005,R002,5,0.1,120000,84000,600000,60000.0,540000.0,420000,120000.0
ORD004525,2025-05-24,C0181,P011,R013,3,0.02,85000,57000,255000,5100.0,249900.0,171000,78900.0
ORD007922,2025-05-24,C0215,P003,R009,2,0.05,160000,112000,320000,16000.0,304000.0,224000,80000.0
ORD000106,2025-05-24,C0049,P019,R012,5,0.0,45000,29000,225000,0.0,225000.0,145000,80000.0
ORD004510,2025-05-24,C0112,P005,R013,3,0.05,120000,84000,360000,18000.0,342000.0,252000,90000.0
ORD004900,2025-05-24,C0115,P002,R005,4,0.0,220000,155000,880000,0.0,880000.0,620000,260000.0
ORD004238,2025-05-24,C0226,P012,R006,3,0.1,125000,83000,375000,37500.0,337500.0,249000,88500.0
ORD000114,2025-05-24,C0032,P012,R003,1,0.2,125000,83000,125000,25000.0,100000.0,83000,17000.0
ORD006637,2025-05-24,C0228,P006,R008,2,0.1,95000,62000,190000,19000.0,171000.0,124000,47000.0
ORD007564,2025-05-24,C0280,P008,R013,5,0.05,110000,72000,550000,27500.0,522500.0,360000,162500.0
ORD005139,2025-05-24,C0244,P016,R009,4,0.02,55000,35000,220000,4400.0,215600.0,140000,75600.0
ORD005277,2025-05-25,C0189,P017,R001,1,0.05,75000,50000,75000,3750.0,71250.0,50000,21250.0
ORD003405,2025-05-25,C0131,P002,R004,3,0.08,220000,155000,660000,52800.0,607200.0,465000,142200.0
ORD000369,2025-05-25,C0266,P013,R008,3,0.0,30000,18500,90000,0.0,90000.0,55500,34500.0
ORD007402,2025-05-25,C0144,P009,R002,10,0.2,130000,85000,1300000,260000.0,1040000.0,850000,190000.0
ORD000213,2025-05-25,C0145,P018,R002,1,0.08,90000,62000,90000,7200.0,82800.0,62000,20800.0
ORD005240,2025-05-25,C0002,P011,R009,2,0.1,85000,57000,170000,17000.0,153000.0,114000,39000.0
ORD001141,2025-05-25,C0005,P002,R013,5,0.0,220000,155000,1100000,0.0,1100000.0,775000,325000.0
ORD000470,2025-05-25,C0020,P004,R003,3,0.15,140000,98000,420000,63000.0,357000.0,294000,63000.0
ORD001224,2025-05-25,C0254,P004,R009,3,0.02,140000,98000,420000,8400.0,411600.0,294000,117600.0
ORD006465,2025-05-25,C0251,P009,R009,3,0.1,130000,85000,390000,39000.0,351000.0,255000,96000.0
ORD003719,2025-05-25,C0295,P010,R003,1,0.2,320000,215000,320000,64000.0,256000.0,215000,41000.0
ORD000246,2025-05-25,C0074,P002,R008,3,0.0,220000,155000,660000,0.0,660000.0,465000,195000.0
ORD000855,2025-05-25,C0147,P019,R006,4,0.1,45000,29000,180000,18000.0,162000.0,116000,46000.0
ORD006925,2025-05-25,C0283,P002,R005,4,0.05,220000,155000,880000,44000.0,836000.0,620000,216000.0
ORD006073,2025-05-26,C0170,P008,R005,6,0.08,110000,72000,660000,52800.0,607200.0,432000,175200.0
ORD003873,2025-05-26,C0086,P014,R007,2,0.0,18000,10500,36000,0.0,36000.0,21000,15000.0
ORD006784,2025-05-26,C0165,P007,R003,2,0.08,180000,118000,360000,28800.0,331200.0,236000,95200.0
ORD006699,2025-05-26,C0180,P009,R003,2,0.08,130000,85000,260000,20800.0,239200.0,170000,69200.0
ORD005355,2025-05-26,C0020,P011,R007,1,0.2,85000,57000,85000,17000.0,68000.0,57000,11000.0
ORD000819,2025-05-26,C0100,P001,R010,1,0.05,350000,245000,350000,17500.0,332500.0,245000,87500.0
ORD000377,2025-05-26,C0212,P019,R009,5,0.05,45000,29000,225000,11250.0,213750.0,145000,68750.0
ORD005379,2025-05-26,C0095,P003,R005,1,0.02,160000,112000,160000,3200.0,156800.0,112000,44800.0
ORD007711,2025-05-26,C0176,P018,R004,3,0.05,90000,62000,270000,13500.0,256500.0,186000,70500.0
ORD003762,2025-05-26,C0036,P001,R005,2,0.2,350000,245000,700000,140000.0,560000.0,490000,70000.0
ORD007295,2025-05-26,C0024,P001,R007,1,0.08,350000,245000,350000,28000.0,322000.0,245000,77000.0
ORD001338,2025-05-26,C0145,P009,R004,1,0.05,130000,85000,130000,6500.0,123500.0,85000,38500.0
ORD004416,2025-05-26,C0018,P007,R007,3,0.0,180000,118000,540000,0.0,540000.0,354000,186000.0
ORD003701,2025-05-26,C0295,P011,R002,5,0.05,85000,57000,425000,21250.0,403750.0,285000,118750.0
ORD000671,2025-05-26,C0177,P016,R001,4,0.15,55000,35000,220000,33000.0,187000.0,140000,47000.0
ORD001754,2025-05-26,C0066,P010,R001,1,0.15,320000,215000,320000,48000.0,272000.0,215000,57000.0
ORD007984,2025-05-26,C0142,P006,R002,4,0.05,95000,62000,380000,19000.0,361000.0,248000,113000.0
ORD004693,2025-05-26,C0209,P003,R005,1,0.08,160000,112000,160000,12800.0,147200.0,112000,35200.0
ORD000227,2025-05-26,C0185,P001,R013,10,0.0,350000,245000,3500000,0.0,3500000.0,2450000,1050000.0
ORD004264,2025-05-27,C0250,P012,R006,1,0.0,125000,83000,125000,0.0,125000.0,83000,42000.0
ORD006305,2025-05-27,C0066,P005,R013,1,0.0,120000,84000,120000,0.0,120000.0,84000,36000.0
ORD006909,2025-05-27,C0226,P019,R001,2,0.15,45000,29000,90000,13500.0,76500.0,58000,18500.0
ORD000897,2025-05-27,C0293,P007,R009,6,0.05,180000,118000,1080000,54000.0,1026000.0,708000,318000.0
ORD007454,2025-05-27,C0055,P009,R005,8,0.0,130000,85000,1040000,0.0,1040000.0,680000,360000.0
ORD001229,2025-05-27,C0241,P003,R004,2,0.08,160000,112000,320000,25600.0,294400.0,224000,70400.0
ORD004337,2025-05-27,C0260,P009,R012,1,0.0,130000,85000,130000,0.0,130000.0,85000,45000.0
ORD007140,2025-05-27,C0060,P005,R008,8,0.0,120000,84000,960000,0.0,960000.0,672000,288000.0
ORD003062,2025-05-27,C0051,P008,R013,3,0.05,110000,72000,330000,16500.0,313500.0,216000,97500.0
ORD000633,2025-05-27,C0186,P009,R009,3,0.08,130000,85000,390000,31200.0,358800.0,255000,103800.0
ORD003556,2025-05-27,C0013,P007,R008,1,0.08,180000,118000,180000,14400.0,165600.0,118000,47600.0
ORD002269,2025-05-27,C0027,P016,R013,1,0.1,55000,35000,55000,5500.0,49500.0,35000,14500.0
ORD007806,2025-05-27,C0077,P019,R004,1,0.0,45000,29000,45000,0.0,45000.0,29000,16000.0
ORD005284,2025-05-27,C0209,P001,R001,3,0.0,350000,245000,1050000,0.0,1050000.0,735000,315000.0
ORD003895,2025-05-27,C0198,P004,R011,2,0.1,140000,98000,280000,28000.0,252000.0,196000,56000.0
ORD001088,2025-05-27,C0232,P001,R006,2,0.15,350000,245000,700000,105000.0,595000.0,490000,105000.0
ORD002287,2025-05-27,C0018,P004,R004,5,0.05,140000,98000,700000,35000.0,665000.0,490000,175000.0
ORD007560,2025-05-27,C0019,P001,R011,4,0.0,350000,245000,1400000,0.0,1400000.0,980000,420000.0
ORD005566,2025-05-27,C0084,P018,R001,2,0.08,90000,62000,180000,14400.0,165600.0,124000,41600.0
ORD002678,2025-05-27,C0278,P009,R005,1,0.02,130000,85000,130000,2600.0,127400.0,85000,42400.0
ORD007416,2025-05-28,C0276,P013,R006,6,0.15,30000,18500,180000,27000.0,153000.0,111000,42000.0
ORD004906,2025-05-28,C0115,P015,R010,3,0.08,35000,21000,105000,8400.0,96600.0,63000,33600.0
ORD002881,2025-05-28,C0076,P011,R008,1,0.05,85000,57000,85000,4250.0,80750.0,57000,23750.0
ORD004327,2025-05-28,C0127,P019,R005,3,0.05,45000,29000,135000,6750.0,128250.0,87000,41250.0
ORD002175,2025-05-28,C0275,P001,R007,3,0.0,350000,245000,1050000,0.0,1050000.0,735000,315000.0
ORD001808,2025-05-28,C0135,P001,R013,2,0.08,350000,245000,700000,56000.0,644000.0,490000,154000.0
ORD006729,2025-05-28,C0287,P011,R010,1,0.02,85000,57000,85000,1700.0,83300.0,57000,26300.0
ORD001582,2025-05-28,C0268,P016,R003,1,0.0,55000,35000,55000,0.0,55000.0,35000,20000.0
ORD000707,2025-05-28,C0015,P010,R009,6,0.02,320000,215000,1920000,38400.0,1881600.0,1290000,591600.0
ORD003998,2025-05-28,C0053,P013,R002,1,0.05,30000,18500,30000,1500.0,28500.0,18500,10000.0
ORD003886,2025-05-28,C0024,P013,R013,8,0.02,30000,18500,240000,4800.0,235200.0,148000,87200.0
ORD007116,2025-05-28,C0040,P007,R002,10,0.02,180000,118000,1800000,36000.0,1764000.0,1180000,584000.0
ORD000570,2025-05-28,C0139,P009,R010,1,0.0,130000,85000,130000,0.0,130000.0,85000,45000.0
ORD001497,2025-05-29,C0236,P014,R008,1,0.0,18000,10500,18000,0.0,18000.0,10500,7500.0
ORD001411,2025-05-29,C0165,P012,R005,3,0.15,125000,83000,375000,56250.0,318750.0,249000,69750.0
ORD000180,2025-05-29,C0271,P007,R004,8,0.02,180000,118000,1440000,28800.0,1411200.0,944000,467200.0
ORD003549,2025-05-29,C0116,P018,R007,3,0.2,90000,62000,270000,54000.0,216000.0,186000,30000.0
ORD006635,2025-05-29,C0237,P017,R004,6,0.05,75000,50000,450000,22500.0,427500.0,300000,127500.0
ORD001642,2025-05-29,C0056,P009,R013,4,0.15,130000,85000,520000,78000.0,442000.0,340000,102000.0
ORD002454,2025-05-29,C0202,P005,R011,1,0.1,120000,84000,120000,12000.0,108000.0,84000,24000.0
ORD003622,2025-05-29,C0288,P018,R009,8,0.2,90000,62000,720000,144000.0,576000.0,496000,80000.0
ORD004977,2025-05-29,C0068,P006,R004,6,0.08,95000,62000,570000,45600.0,524400.0,372000,152400.0
ORD005629,2025-05-29,C0022,P014,R002,4,0.1,18000,10500,72000,7200.0,64800.0,42000,22800.0
ORD000693,2025-05-29,C0115,P001,R013,5,0.1,350000,245000,1750000,175000.0,1575000.0,1225000,350000.0
ORD005989,2025-05-29,C0131,P002,R001,8,0.05,220000,155000,1760000,88000.0,1672000.0,1240000,432000.0
ORD007272,2025-05-29,C0135,P003,R004,4,0.0,160000,112000,640000,0.0,640000.0,448000,192000.0
ORD006731,2025-05-29,C0291,P016,R010,4,0.15,55000,35000,220000,33000.0,187000.0,140000,47000.0
ORD001615,2025-05-29,C0279,P016,R008,2,0.02,55000,35000,110000,2200.0,107800.0,70000,37800.0
ORD001375,2025-05-29,C0224,P004,R005,5,0.08,140000,98000,700000,56000.0,644000.0,490000,154000.0
ORD006197,2025-05-29,C0241,P020,R006,8,0.0,22000,13000,176000,0.0,176000.0,104000,72000.0
ORD003324,2025-05-30,C0270,P011,R001,2,0.05,85000,57000,170000,8500.0,161500.0,114000,47500.0
ORD004768,2025-05-30,C0052,P009,R010,5,0.2,130000,85000,650000,130000.0,520000.0,425000,95000.0
ORD003781,2025-05-30,C0006,P010,R009,1,0.05,320000,215000,320000,16000.0,304000.0,215000,89000.0
ORD003988,2025-05-30,C0096,P016,R009,3,0.08,55000,35000,165000,13200.0,151800.0,105000,46800.0
ORD005203,2025-05-30,C0128,P005,R013,6,0.0,120000,84000,720000,0.0,720000.0,504000,216000.0
ORD006783,2025-05-30,C0096,P007,R004,2,0.15,180000,118000,360000,54000.0,306000.0,236000,70000.0
ORD005406,2025-05-30,C0190,P008,R011,1,0.05,110000,72000,110000,5500.0,104500.0,72000,32500.0
ORD005923,2025-05-30,C0023,P014,R006,1,0.05,18000,10500,18000,900.0,17100.0,10500,6600.0
ORD001203,2025-05-31,C0021,P018,R004,1,0.15,90000,62000,90000,13500.0,76500.0,62000,14500.0
ORD002805,2025-05-31,C0101,P016,R009,3,0.08,55000,35000,165000,13200.0,151800.0,105000,46800.0
ORD002944,2025-05-31,C0213,P006,R011,3,0.02,95000,62000,285000,5700.0,279300.0,186000,93300.0
ORD005111,2025-05-31,C0004,P004,R001,3,0.15,140000,98000,420000,63000.0,357000.0,294000,63000.0
ORD004491,2025-05-31,C0019,P007,R010,1,0.05,180000,118000,180000,9000.0,171000.0,118000,53000.0
ORD006200,2025-05-31,C0287,P010,R012,1,0.05,320000,215000,320000,16000.0,304000.0,215000,89000.0
ORD000113,2025-05-31,C0008,P001,R012,1,0.02,350000,245000,350000,7000.0,343000.0,245000,98000.0
ORD005237,2025-05-31,C0199,P010,R006,2,0.02,320000,215000,640000,12800.0,627200.0,430000,197200.0
ORD000631,2025-05-31,C0111,P004,R001,3,0.05,140000,98000,420000,21000.0,399000.0,294000,105000.0
ORD006347,2025-06-01,C0212,P012,R007,4,0.0,125000,83000,500000,0.0,500000.0,332000,168000.0
ORD000774,2025-06-01,C0038,P001,R004,4,0.0,350000,245000,1400000,0.0,1400000.0,980000,420000.0
ORD001109,2025-06-01,C0300,P005,R009,5,0.0,120000,84000,600000,0.0,600000.0,420000,180000.0
ORD006656,2025-06-01,C0257,P002,R004,2,0.15,220000,155000,440000,66000.0,374000.0,310000,64000.0
ORD007026,2025-06-01,C0123,P006,R011,2,0.02,95000,62000,190000,3800.0,186200.0,124000,62200.0
ORD004541,2025-06-01,C0254,P014,R005,3,0.05,18000,10500,54000,2700.0,51300.0,31500,19800.0
ORD005464,2025-06-01,C0197,P010,R002,2,0.0,320000,215000,640000,0.0,640000.0,430000,210000.0
ORD001329,2025-06-01,C0034,P002,R011,4,0.08,220000,155000,880000,70400.0,809600.0,620000,189600.0
ORD004856,2025-06-01,C0173,P012,R013,2,0.02,125000,83000,250000,5000.0,245000.0,166000,79000.0
ORD003599,2025-06-01,C0087,P020,R009,6,0.1,22000,13000,132000,13200.0,118800.0,78000,40800.0
ORD007157,2025-06-01,C0090,P004,R005,4,0.08,140000,98000,560000,44800.0,515200.0,392000,123200.0
ORD000835,2025-06-02,C0251,P003,R002,3,0.02,160000,112000,480000,9600.0,470400.0,336000,134400.0
ORD004421,2025-06-02,C0001,P012,R010,4,0.08,125000,83000,500000,40000.0,460000.0,332000,128000.0
ORD001010,2025-06-02,C0008,P012,R004,1,0.02,125000,83000,125000,2500.0,122500.0,83000,39500.0
ORD006931,2025-06-02,C0273,P015,R008,2,0.05,35000,21000,70000,3500.0,66500.0,42000,24500.0
ORD002106,2025-06-02,C0282,P003,R011,3,0.05,160000,112000,480000,24000.0,456000.0,336000,120000.0
ORD006623,2025-06-02,C0098,P004,R005,4,0.05,140000,98000,560000,28000.0,532000.0,392000,140000.0
ORD006606,2025-06-02,C0160,P009,R007,1,0.05,130000,85000,130000,6500.0,123500.0,85000,38500.0
ORD000678,2025-06-02,C0088,P015,R002,3,0.02,35000,21000,105000,2100.0,102900.0,63000,39900.0
ORD002745,2025-06-02,C0029,P019,R004,4,0.0,45000,29000,180000,0.0,180000.0,116000,64000.0
ORD003018,2025-06-02,C0146,P004,R002,8,0.05,140000,98000,1120000,56000.0,1064000.0,784000,280000.0
ORD005316,2025-06-02,C0221,P014,R013,2,0.08,18000,10500,36000,2880.0,33120.0,21000,12120.0
ORD006085,2025-06-02,C0277,P002,R005,2,0.02,220000,155000,440000,8800.0,431200.0,310000,121200.0
ORD004457,2025-06-03,C0209,P004,R005,2,0.0,140000,98000,280000,0.0,280000.0,196000,84000.0
ORD002651,2025-06-03,C0197,P007,R003,5,0.0,180000,118000,900000,0.0,900000.0,590000,310000.0
ORD005564,2025-06-03,C0072,P019,R008,6,0.15,45000,29000,270000,40500.0,229500.0,174000,55500.0
ORD002669,2025-06-03,C0028,P019,R007,4,0.05,45000,29000,180000,9000.0,171000.0,116000,55000.0
ORD002902,2025-06-03,C0131,P018,R011,8,0.0,90000,62000,720000,0.0,720000.0,496000,224000.0
ORD001717,2025-06-03,C0117,P018,R012,6,0.15,90000,62000,540000,81000.0,459000.0,372000,87000.0
ORD001269,2025-06-03,C0028,P002,R004,3,0.15,220000,155000,660000,99000.0,561000.0,465000,96000.0
ORD002874,2025-06-03,C0286,P006,R012,4,0.0,95000,62000,380000,0.0,380000.0,248000,132000.0
ORD001855,2025-06-03,C0266,P009,R005,1,0.15,130000,85000,130000,19500.0,110500.0,85000,25500.0
ORD000715,2025-06-03,C0245,P020,R013,2,0.05,22000,13000,44000,2200.0,41800.0,26000,15800.0
ORD000024,2025-06-03,C0088,P017,R005,3,0.1,75000,50000,225000,22500.0,202500.0,150000,52500.0
ORD007654,2025-06-03,C0291,P003,R006,2,0.08,160000,112000,320000,25600.0,294400.0,224000,70400.0
ORD004791,2025-06-03,C0192,P018,R006,1,0.02,90000,62000,90000,1800.0,88200.0,62000,26200.0
ORD007783,2025-06-03,C0008,P012,R013,3,0.1,125000,83000,375000,37500.0,337500.0,249000,88500.0
ORD000259,2025-06-03,C0016,P004,R008,3,0.02,140000,98000,420000,8400.0,411600.0,294000,117600.0
ORD002396,2025-06-03,C0252,P013,R011,3,0.08,30000,18500,90000,7200.0,82800.0,55500,27300.0
ORD004879,2025-06-03,C0096,P003,R008,5,0.0,160000,112000,800000,0.0,800000.0,560000,240000.0
ORD004975,2025-06-03,C0190,P015,R004,2,0.0,35000,21000,70000,0.0,70000.0,42000,28000.0
ORD006917,2025-06-03,C0135,P016,R012,8,0.15,55000,35000,440000,66000.0,374000.0,280000,94000.0
ORD001987,2025-06-03,C0114,P002,R005,5,0.05,220000,155000,1100000,55000.0,1045000.0,775000,270000.0
ORD004878,2025-06-03,C0030,P014,R012,1,0.0,18000,10500,18000,0.0,18000.0,10500,7500.0
ORD002597,2025-06-03,C0124,P008,R009,1,0.02,110000,72000,110000,2200.0,107800.0,72000,35800.0
ORD001331,2025-06-03,C0017,P014,R005,5,0.08,18000,10500,90000,7200.0,82800.0,52500,30300.0
ORD003289,2025-06-04,C0059,P005,R010,2,0.15,120000,84000,240000,36000.0,204000.0,168000,36000.0
ORD004312,2025-06-04,C0196,P019,R006,8,0.08,45000,29000,360000,28800.0,331200.0,232000,99200.0
ORD003334,2025-06-04,C0189,P011,R005,1,0.1,85000,57000,85000,8500.0,76500.0,57000,19500.0
ORD006676,2025-06-04,C0202,P019,R011,3,0.15,45000,29000,135000,20250.0,114750.0,87000,27750.0
ORD004874,2025-06-04,C0155,P007,R012,2,0.05,180000,118000,360000,18000.0,342000.0,236000,106000.0
ORD006330,2025-06-04,C0259,P001,R007,1,0.0,350000,245000,350000,0.0,350000.0,245000,105000.0
ORD004959,2025-06-04,C0120,P005,R005,1,0.15,120000,84000,120000,18000.0,102000.0,84000,18000.0
ORD001518,2025-06-04,C0042,P014,R004,1,0.02,18000,10500,18000,360.0,17640.0,10500,7140.0
ORD004207,2025-06-04,C0089,P011,R009,1,0.0,85000,57000,85000,0.0,85000.0,57000,28000.0
ORD004532,2025-06-04,C0162,P011,R009,10,0.08,85000,57000,850000,68000.0,782000.0,570000,212000.0
ORD005631,2025-06-04,C0110,P019,R011,4,0.02,45000,29000,180000,3600.0,176400.0,116000,60400.0
ORD002629,2025-06-04,C0277,P019,R013,1,0.05,45000,29000,45000,2250.0,42750.0,29000,13750.0
ORD002196,2025-06-04,C0242,P013,R004,1,0.0,30000,18500,30000,0.0,30000.0,18500,11500.0
ORD007930,2025-06-04,C0242,P010,R005,3,0.05,320000,215000,960000,48000.0,912000.0,645000,267000.0
ORD001295,2025-06-05,C0221,P004,R013,1,0.05,140000,98000,140000,7000.0,133000.0,98000,35000.0
ORD002487,2025-06-05,C0014,P015,R006,6,0.02,35000,21000,210000,4200.0,205800.0,126000,79800.0
ORD003317,2025-06-05,C0147,P001,R005,2,0.15,350000,245000,700000,105000.0,595000.0,490000,105000.0
ORD006954,2025-06-05,C0290,P013,R012,1,0.2,30000,18500,30000,6000.0,24000.0,18500,5500.0
ORD004169,2025-06-05,C0190,P003,R006,2,0.05,160000,112000,320000,16000.0,304000.0,224000,80000.0
ORD001954,2025-06-05,C0172,P001,R002,1,0.08,350000,245000,350000,28000.0,322000.0,245000,77000.0
ORD003210,2025-06-05,C0264,P016,R006,1,0.1,55000,35000,55000,5500.0,49500.0,35000,14500.0
ORD000565,2025-06-05,C0099,P012,R006,2,0.08,125000,83000,250000,20000.0,230000.0,166000,64000.0
ORD003496,2025-06-05,C0192,P010,R012,3,0.15,320000,215000,960000,144000.0,816000.0,645000,171000.0
ORD001499,2025-06-05,C0042,P012,R008,2,0.05,125000,83000,250000,12500.0,237500.0,166000,71500.0
ORD006222,2025-06-05,C0241,P005,R006,1,0.08,120000,84000,120000,9600.0,110400.0,84000,26400.0
ORD005303,2025-06-05,C0082,P010,R011,3,0.1,320000,215000,960000,96000.0,864000.0,645000,219000.0
ORD003981,2025-06-05,C0291,P019,R005,1,0.02,45000,29000,45000,900.0,44100.0,29000,15100.0
ORD007277,2025-06-05,C0173,P010,R008,1,0.0,320000,215000,320000,0.0,320000.0,215000,105000.0
ORD001169,2025-06-05,C0014,P003,R003,5,0.15,160000,112000,800000,120000.0,680000.0,560000,120000.0
ORD006661,2025-06-05,C0087,P001,R006,1,0.05,350000,245000,350000,17500.0,332500.0,245000,87500.0
ORD002623,2025-06-05,C0121,P003,R005,5,0.08,160000,112000,800000,64000.0,736000.0,560000,176000.0
ORD002160,2025-06-05,C0261,P005,R005,2,0.0,120000,84000,240000,0.0,240000.0,168000,72000.0
ORD001936,2025-06-05,C0002,P003,R007,4,0.05,160000,112000,640000,32000.0,608000.0,448000,160000.0
ORD007787,2025-06-06,C0019,P009,R010,1,0.1,130000,85000,130000,13000.0,117000.0,85000,32000.0
ORD007056,2025-06-06,C0273,P017,R001,3,0.05,75000,50000,225000,11250.0,213750.0,150000,63750.0
ORD000975,2025-06-06,C0086,P013,R009,4,0.08,30000,18500,120000,9600.0,110400.0,74000,36400.0
ORD000501,2025-06-06,C0154,P012,R001,2,0.0,125000,83000,250000,0.0,250000.0,166000,84000.0
ORD000499,2025-06-06,C0170,P006,R006,1,0.02,95000,62000,95000,1900.0,93100.0,62000,31100.0
ORD005807,2025-06-06,C0196,P007,R011,3,0.1,180000,118000,540000,54000.0,486000.0,354000,132000.0
ORD002516,2025-06-06,C0204,P010,R003,3,0.1,320000,215000,960000,96000.0,864000.0,645000,219000.0
ORD007351,2025-06-06,C0278,P010,R008,4,0.02,320000,215000,1280000,25600.0,1254400.0,860000,394400.0
ORD000485,2025-06-06,C0137,P020,R007,2,0.0,22000,13000,44000,0.0,44000.0,26000,18000.0
ORD004903,2025-06-06,C0268,P017,R005,4,0.05,75000,50000,300000,15000.0,285000.0,200000,85000.0
ORD004865,2025-06-06,C0014,P017,R001,8,0.15,75000,50000,600000,90000.0,510000.0,400000,110000.0
ORD004654,2025-06-06,C0063,P003,R007,1,0.15,160000,112000,160000,24000.0,136000.0,112000,24000.0
ORD002404,2025-06-06,C0227,P017,R009,2,0.0,75000,50000,150000,0.0,150000.0,100000,50000.0
ORD007092,2025-06-07,C0126,P011,R011,2,0.1,85000,57000,170000,17000.0,153000.0,114000,39000.0
ORD004377,2025-06-07,C0075,P019,R013,5,0.2,45000,29000,225000,45000.0,180000.0,145000,35000.0
ORD006524,2025-06-07,C0035,P017,R004,1,0.2,75000,50000,75000,15000.0,60000.0,50000,10000.0
ORD006006,2025-06-07,C0014,P005,R005,6,0.0,120000,84000,720000,0.0,720000.0,504000,216000.0
ORD007027,2025-06-07,C0247,P019,R013,2,0.1,45000,29000,90000,9000.0,81000.0,58000,23000.0
ORD000652,2025-06-07,C0239,P007,R009,1,0.05,180000,118000,180000,9000.0,171000.0,118000,53000.0
ORD006224,2025-06-07,C0237,P013,R012,2,0.0,30000,18500,60000,0.0,60000.0,37000,23000.0
ORD005397,2025-06-07,C0055,P020,R005,10,0.15,22000,13000,220000,33000.0,187000.0,130000,57000.0
ORD007212,2025-06-07,C0253,P010,R001,3,0.0,320000,215000,960000,0.0,960000.0,645000,315000.0
ORD001442,2025-06-07,C0167,P001,R013,4,0.02,350000,245000,1400000,28000.0,1372000.0,980000,392000.0
ORD004727,2025-06-07,C0076,P016,R010,1,0.02,55000,35000,55000,1100.0,53900.0,35000,18900.0
ORD006091,2025-06-07,C0146,P016,R002,3,0.0,55000,35000,165000,0.0,165000.0,105000,60000.0
ORD007385,2025-06-07,C0243,P011,R011,2,0.0,85000,57000,170000,0.0,170000.0,114000,56000.0
ORD000495,2025-06-08,C0275,P015,R004,4,0.0,35000,21000,140000,0.0,140000.0,84000,56000.0
ORD001238,2025-06-08,C0166,P010,R004,2,0.08,320000,215000,640000,51200.0,588800.0,430000,158800.0
ORD003740,2025-06-08,C0242,P010,R010,4,0.1,320000,215000,1280000,128000.0,1152000.0,860000,292000.0
ORD003898,2025-06-08,C0276,P019,R002,2,0.0,45000,29000,90000,0.0,90000.0,58000,32000.0
ORD001102,2025-06-08,C0071,P010,R013,2,0.02,320000,215000,640000,12800.0,627200.0,430000,197200.0
ORD002556,2025-06-08,C0146,P018,R008,2,0.05,90000,62000,180000,9000.0,171000.0,124000,47000.0
ORD000773,2025-06-08,C0292,P019,R001,6,0.05,45000,29000,270000,13500.0,256500.0,174000,82500.0
ORD005407,2025-06-08,C0290,P008,R005,5,0.05,110000,72000,550000,27500.0,522500.0,360000,162500.0
ORD005661,2025-06-08,C0059,P016,R003,4,0.15,55000,35000,220000,33000.0,187000.0,140000,47000.0
ORD001736,2025-06-08,C0218,P009,R009,2,0.02,130000,85000,260000,5200.0,254800.0,170000,84800.0
ORD001309,2025-06-08,C0287,P009,R002,3,0.0,130000,85000,390000,0.0,390000.0,255000,135000.0
ORD006937,2025-06-08,C0050,P007,R004,2,0.08,180000,118000,360000,28800.0,331200.0,236000,95200.0
ORD000858,2025-06-09,C0027,P003,R013,10,0.0,160000,112000,1600000,0.0,1600000.0,1120000,480000.0
ORD003961,2025-06-09,C0115,P005,R007,4,0.0,120000,84000,480000,0.0,480000.0,336000,144000.0
ORD007719,2025-06-09,C0170,P014,R010,4,0.08,18000,10500,72000,5760.0,66240.0,42000,24240.0
ORD002506,2025-06-09,C0245,P011,R012,3,0.15,85000,57000,255000,38250.0,216750.0,171000,45750.0
ORD000053,2025-06-09,C0109,P009,R004,8,0.0,130000,85000,1040000,0.0,1040000.0,680000,360000.0
ORD007435,2025-06-09,C0140,P005,R013,1,0.02,120000,84000,120000,2400.0,117600.0,84000,33600.0
ORD001618,2025-06-09,C0030,P020,R009,8,0.0,22000,13000,176000,0.0,176000.0,104000,72000.0
ORD007950,2025-06-09,C0150,P004,R013,8,0.0,140000,98000,1120000,0.0,1120000.0,784000,336000.0
ORD001347,2025-06-09,C0051,P003,R011,3,0.2,160000,112000,480000,96000.0,384000.0,336000,48000.0
ORD002377,2025-06-09,C0245,P016,R007,4,0.15,55000,35000,220000,33000.0,187000.0,140000,47000.0
ORD001374,2025-06-09,C0010,P003,R012,10,0.1,160000,112000,1600000,160000.0,1440000.0,1120000,320000.0
ORD001183,2025-06-10,C0113,P013,R001,4,0.02,30000,18500,120000,2400.0,117600.0,74000,43600.0
ORD006361,2025-06-10,C0206,P005,R005,3,0.1,120000,84000,360000,36000.0,324000.0,252000,72000.0
ORD002956,2025-06-10,C0249,P011,R001,6,0.02,85000,57000,510000,10200.0,499800.0,342000,157800.0
ORD006051,2025-06-10,C0086,P019,R012,2,0.0,45000,29000,90000,0.0,90000.0,58000,32000.0
ORD001236,2025-06-10,C0025,P002,R004,1,0.05,220000,155000,220000,11000.0,209000.0,155000,54000.0
ORD007603,2025-06-10,C0288,P019,R010,2,0.02,45000,29000,90000,1800.0,88200.0,58000,30200.0
ORD004212,2025-06-10,C0095,P017,R001,5,0.15,75000,50000,375000,56250.0,318750.0,250000,68750.0
ORD006511,2025-06-10,C0236,P016,R013,10,0.15,55000,35000,550000,82500.0,467500.0,350000,117500.0
ORD000787,2025-06-10,C0063,P007,R010,1,0.15,180000,118000,180000,27000.0,153000.0,118000,35000.0
ORD000561,2025-06-10,C0221,P016,R003,10,0.05,55000,35000,550000,27500.0,522500.0,350000,172500.0
ORD003219,2025-06-10,C0210,P013,R003,5,0.08,30000,18500,150000,12000.0,138000.0,92500,45500.0
ORD005081,2025-06-10,C0243,P005,R010,2,0.05,120000,84000,240000,12000.0,228000.0,168000,60000.0
ORD001759,2025-06-10,C0039,P014,R012,6,0.08,18000,10500,108000,8640.0,99360.0,63000,36360.0
ORD004914,2025-06-10,C0242,P011,R004,2,0.05,85000,57000,170000,8500.0,161500.0,114000,47500.0
ORD001825,2025-06-10,C0210,P017,R007,2,0.05,75000,50000,150000,7500.0,142500.0,100000,42500.0
ORD002581,2025-06-10,C0225,P011,R010,1,0.1,85000,57000,85000,8500.0,76500.0,57000,19500.0
ORD005732,2025-06-10,C0187,P006,R002,8,0.08,95000,62000,760000,60800.0,699200.0,496000,203200.0
ORD004669,2025-06-10,C0089,P013,R009,2,0.0,30000,18500,60000,0.0,60000.0,37000,23000.0
ORD001415,2025-06-10,C0151,P016,R002,2,0.08,55000,35000,110000,8800.0,101200.0,70000,31200.0
ORD006631,2025-06-10,C0051,P018,R009,6,0.1,90000,62000,540000,54000.0,486000.0,372000,114000.0
ORD005861,2025-06-11,C0097,P018,R002,2,0.05,90000,62000,180000,9000.0,171000.0,124000,47000.0
ORD005385,2025-06-11,C0297,P009,R008,3,0.08,130000,85000,390000,31200.0,358800.0,255000,103800.0
ORD006826,2025-06-11,C0156,P016,R004,1,0.1,55000,35000,55000,5500.0,49500.0,35000,14500.0
ORD006508,2025-06-11,C0219,P001,R009,2,0.08,350000,245000,700000,56000.0,644000.0,490000,154000.0
ORD003610,2025-06-11,C0092,P011,R004,2,0.05,85000,57000,170000,8500.0,161500.0,114000,47500.0
ORD002056,2025-06-11,C0013,P014,R003,1,0.02,18000,10500,18000,360.0,17640.0,10500,7140.0
ORD000992,2025-06-11,C0172,P013,R009,5,0.0,30000,18500,150000,0.0,150000.0,92500,57500.0
ORD002737,2025-06-11,C0222,P006,R006,10,0.2,95000,62000,950000,190000.0,760000.0,620000,140000.0
ORD004757,2025-06-11,C0269,P012,R005,10,0.0,125000,83000,1250000,0.0,1250000.0,830000,420000.0
ORD005511,2025-06-11,C0096,P019,R008,4,0.0,45000,29000,180000,0.0,180000.0,116000,64000.0
ORD002342,2025-06-11,C0194,P010,R004,10,0.08,320000,215000,3200000,256000.0,2944000.0,2150000,794000.0
ORD000600,2025-06-11,C0221,P004,R013,4,0.0,140000,98000,560000,0.0,560000.0,392000,168000.0
ORD003960,2025-06-11,C0030,P014,R007,1,0.1,18000,10500,18000,1800.0,16200.0,10500,5700.0
ORD002448,2025-06-11,C0066,P010,R008,8,0.05,320000,215000,2560000,128000.0,2432000.0,1720000,712000.0
ORD001735,2025-06-11,C0051,P018,R010,5,0.0,90000,62000,450000,0.0,450000.0,310000,140000.0
ORD001909,2025-06-11,C0294,P010,R005,3,0.08,320000,215000,960000,76800.0,883200.0,645000,238200.0
ORD000993,2025-06-12,C0012,P009,R010,3,0.02,130000,85000,390000,7800.0,382200.0,255000,127200.0
ORD002305,2025-06-12,C0079,P013,R013,1,0.0,30000,18500,30000,0.0,30000.0,18500,11500.0
ORD003900,2025-06-12,C0192,P006,R005,6,0.2,95000,62000,570000,114000.0,456000.0,372000,84000.0
ORD001793,2025-06-12,C0004,P016,R006,5,0.02,55000,35000,275000,5500.0,269500.0,175000,94500.0
ORD003606,2025-06-12,C0031,P005,R012,3,0.05,120000,84000,360000,18000.0,342000.0,252000,90000.0
ORD006752,2025-06-12,C0040,P009,R009,3,0.15,130000,85000,390000,58500.0,331500.0,255000,76500.0
ORD007793,2025-06-12,C0180,P019,R004,4,0.0,45000,29000,180000,0.0,180000.0,116000,64000.0
ORD002281,2025-06-12,C0079,P001,R008,1,0.15,350000,245000,350000,52500.0,297500.0,245000,52500.0
ORD006484,2025-06-12,C0098,P006,R011,3,0.08,95000,62000,285000,22800.0,262200.0,186000,76200.0
ORD007245,2025-06-12,C0101,P006,R003,4,0.1,95000,62000,380000,38000.0,342000.0,248000,94000.0
ORD005546,2025-06-12,C0086,P007,R004,3,0.1,180000,118000,540000,54000.0,486000.0,354000,132000.0
ORD003682,2025-06-12,C0047,P013,R009,1,0.02,30000,18500,30000,600.0,29400.0,18500,10900.0
ORD001144,2025-06-12,C0274,P011,R001,2,0.05,85000,57000,170000,8500.0,161500.0,114000,47500.0
ORD000122,2025-06-12,C0041,P020,R008,2,0.0,22000,13000,44000,0.0,44000.0,26000,18000.0
ORD002964,2025-06-13,C0241,P009,R007,2,0.0,130000,85000,260000,0.0,260000.0,170000,90000.0
ORD002254,2025-06-13,C0114,P016,R013,3,0.05,55000,35000,165000,8250.0,156750.0,105000,51750.0
ORD006386,2025-06-13,C0065,P009,R013,6,0.15,130000,85000,780000,117000.0,663000.0,510000,153000.0
ORD004122,2025-06-13,C0159,P006,R009,1,0.02,95000,62000,95000,1900.0,93100.0,62000,31100.0
ORD005080,2025-06-13,C0003,P019,R011,3,0.05,45000,29000,135000,6750.0,128250.0,87000,41250.0
ORD005584,2025-06-13,C0077,P004,R003,3,0.1,140000,98000,420000,42000.0,378000.0,294000,84000.0
ORD007866,2025-06-13,C0274,P001,R002,1,0.15,350000,245000,350000,52500.0,297500.0,245000,52500.0
ORD001537,2025-06-13,C0034,P017,R007,2,0.2,75000,50000,150000,30000.0,120000.0,100000,20000.0
ORD007503,2025-06-13,C0219,P020,R011,1,0.08,22000,13000,22000,1760.0,20240.0,13000,7240.0
ORD007812,2025-06-13,C0267,P014,R004,1,0.0,18000,10500,18000,0.0,18000.0,10500,7500.0
ORD003997,2025-06-13,C0150,P016,R011,1,0.1,55000,35000,55000,5500.0,49500.0,35000,14500.0
ORD001882,2025-06-13,C0265,P008,R011,5,0.08,110000,72000,550000,44000.0,506000.0,360000,146000.0
ORD006837,2025-06-13,C0293,P003,R011,1,0.02,160000,112000,160000,3200.0,156800.0,112000,44800.0
ORD002915,2025-06-13,C0028,P001,R001,3,0.1,350000,245000,1050000,105000.0,945000.0,735000,210000.0
ORD001459,2025-06-13,C0055,P010,R007,2,0.02,320000,215000,640000,12800.0,627200.0,430000,197200.0
ORD003871,2025-06-13,C0158,P009,R002,4,0.0,130000,85000,520000,0.0,520000.0,340000,180000.0
ORD004481,2025-06-13,C0236,P001,R011,2,0.1,350000,245000,700000,70000.0,630000.0,490000,140000.0
ORD003725,2025-06-13,C0173,P011,R008,2,0.05,85000,57000,170000,8500.0,161500.0,114000,47500.0
ORD002690,2025-06-13,C0094,P008,R007,5,0.08,110000,72000,550000,44000.0,506000.0,360000,146000.0
ORD000626,2025-06-14,C0197,P008,R001,8,0.02,110000,72000,880000,17600.0,862400.0,576000,286400.0
ORD004577,2025-06-14,C0214,P011,R013,5,0.05,85000,57000,425000,21250.0,403750.0,285000,118750.0
ORD001166,2025-06-14,C0232,P018,R002,8,0.08,90000,62000,720000,57600.0,662400.0,496000,166400.0
ORD005239,2025-06-14,C0180,P008,R012,5,0.08,110000,72000,550000,44000.0,506000.0,360000,146000.0
ORD006754,2025-06-14,C0136,P010,R011,2,0.05,320000,215000,640000,32000.0,608000.0,430000,178000.0
ORD006795,2025-06-14,C0234,P016,R013,1,0.1,55000,35000,55000,5500.0,49500.0,35000,14500.0
ORD000455,2025-06-14,C0135,P001,R013,1,0.05,350000,245000,350000,17500.0,332500.0,245000,87500.0
ORD000138,2025-06-14,C0249,P007,R004,1,0.1,180000,118000,180000,18000.0,162000.0,118000,44000.0
ORD002222,2025-06-14,C0117,P005,R010,2,0.2,120000,84000,240000,48000.0,192000.0,168000,24000.0
ORD007829,2025-06-14,C0290,P013,R002,4,0.1,30000,18500,120000,12000.0,108000.0,74000,34000.0
ORD002250,2025-06-14,C0201,P011,R012,2,0.08,85000,57000,170000,13600.0,156400.0,114000,42400.0
ORD001815,2025-06-14,C0094,P014,R007,10,0.02,18000,10500,180000,3600.0,176400.0,105000,71400.0
ORD004647,2025-06-14,C0153,P004,R012,3,0.08,140000,98000,420000,33600.0,386400.0,294000,92400.0
ORD003866,2025-06-14,C0239,P018,R008,1,0.0,90000,62000,90000,0.0,90000.0,62000,28000.0
ORD006604,2025-06-14,C0184,P008,R009,4,0.1,110000,72000,440000,44000.0,396000.0,288000,108000.0
ORD007344,2025-06-14,C0023,P013,R002,1,0.1,30000,18500,30000,3000.0,27000.0,18500,8500.0
ORD003316,2025-06-15,C0069,P002,R006,8,0.1,220000,155000,1760000,176000.0,1584000.0,1240000,344000.0
ORD001049,2025-06-15,C0192,P004,R001,3,0.08,140000,98000,420000,33600.0,386400.0,294000,92400.0
ORD007465,2025-06-15,C0287,P006,R006,8,0.05,95000,62000,760000,38000.0,722000.0,496000,226000.0
ORD004838,2025-06-15,C0168,P004,R003,2,0.05,140000,98000,280000,14000.0,266000.0,196000,70000.0
ORD005535,2025-06-15,C0145,P016,R008,5,0.1,55000,35000,275000,27500.0,247500.0,175000,72500.0
ORD002923,2025-06-15,C0169,P010,R004,3,0.0,320000,215000,960000,0.0,960000.0,645000,315000.0
ORD003679,2025-06-15,C0029,P017,R002,6,0.1,75000,50000,450000,45000.0,405000.0,300000,105000.0
ORD005526,2025-06-15,C0048,P020,R007,4,0.0,22000,13000,88000,0.0,88000.0,52000,36000.0
ORD003255,2025-06-15,C0234,P008,R009,6,0.08,110000,72000,660000,52800.0,607200.0,432000,175200.0
ORD001028,2025-06-15,C0067,P009,R011,4,0.02,130000,85000,520000,10400.0,509600.0,340000,169600.0
ORD004549,2025-06-15,C0196,P015,R012,5,0.08,35000,21000,175000,14000.0,161000.0,105000,56000.0
ORD002872,2025-06-15,C0146,P019,R002,4,0.08,45000,29000,180000,14400.0,165600.0,116000,49600.0
ORD007953,2025-06-15,C0272,P005,R011,10,0.02,120000,84000,1200000,24000.0,1176000.0,840000,336000.0
ORD007671,2025-06-15,C0089,P009,R003,2,0.15,130000,85000,260000,39000.0,221000.0,170000,51000.0
ORD000283,2025-06-15,C0133,P010,R002,3,0.2,320000,215000,960000,192000.0,768000.0,645000,123000.0
ORD003384,2025-06-15,C0154,P003,R008,3,0.15,160000,112000,480000,72000.0,408000.0,336000,72000.0
ORD008000,2025-06-15,C0224,P005,R003,2,0.05,120000,84000,240000,12000.0,228000.0,168000,60000.0
ORD005977,2025-06-15,C0003,P012,R006,4,0.05,125000,83000,500000,25000.0,475000.0,332000,143000.0
ORD002444,2025-06-15,C0202,P001,R002,3,0.02,350000,245000,1050000,21000.0,1029000.0,735000,294000.0
ORD006175,2025-06-15,C0065,P015,R006,4,0.02,35000,21000,140000,2800.0,137200.0,84000,53200.0
ORD006910,2025-06-15,C0145,P014,R006,2,0.0,18000,10500,36000,0.0,36000.0,21000,15000.0
ORD006470,2025-06-15,C0087,P004,R003,4,0.15,140000,98000,560000,84000.0,476000.0,392000,84000.0
ORD007097,2025-06-16,C0240,P006,R012,1,0.05,95000,62000,95000,4750.0,90250.0,62000,28250.0
ORD007346,2025-06-16,C0089,P009,R013,2,0.1,130000,85000,260000,26000.0,234000.0,170000,64000.0
ORD002759,2025-06-16,C0180,P001,R011,1,0.1,350000,245000,350000,35000.0,315000.0,245000,70000.0
ORD007634,2025-06-16,C0201,P017,R001,4,0.1,75000,50000,300000,30000.0,270000.0,200000,70000.0
ORD006786,2025-06-16,C0073,P012,R005,5,0.0,125000,83000,625000,0.0,625000.0,415000,210000.0
ORD005399,2025-06-16,C0227,P015,R008,4,0.0,35000,21000,140000,0.0,140000.0,84000,56000.0
ORD005896,2025-06-16,C0206,P007,R009,1,0.05,180000,118000,180000,9000.0,171000.0,118000,53000.0
ORD001356,2025-06-16,C0248,P016,R009,4,0.05,55000,35000,220000,11000.0,209000.0,140000,69000.0
ORD000155,2025-06-16,C0138,P004,R007,4,0.15,140000,98000,560000,84000.0,476000.0,392000,84000.0
ORD005196,2025-06-16,C0002,P004,R011,5,0.02,140000,98000,700000,14000.0,686000.0,490000,196000.0
ORD001336,2025-06-16,C0102,P015,R012,6,0.15,35000,21000,210000,31500.0,178500.0,126000,52500.0
ORD001364,2025-06-16,C0026,P014,R008,2,0.05,18000,10500,36000,1800.0,34200.0,21000,13200.0
ORD000683,2025-06-17,C0173,P020,R008,2,0.0,22000,13000,44000,0.0,44000.0,26000,18000.0
ORD004411,2025-06-17,C0046,P006,R009,2,0.0,95000,62000,190000,0.0,190000.0,124000,66000.0
ORD000436,2025-06-17,C0108,P001,R013,5,0.2,350000,245000,1750000,350000.0,1400000.0,1225000,175000.0
ORD004854,2025-06-17,C0256,P003,R012,3,0.0,160000,112000,480000,0.0,480000.0,336000,144000.0
ORD005214,2025-06-17,C0248,P001,R012,3,0.0,350000,245000,1050000,0.0,1050000.0,735000,315000.0
ORD000060,2025-06-17,C0207,P008,R013,4,0.08,110000,72000,440000,35200.0,404800.0,288000,116800.0
ORD000132,2025-06-17,C0153,P001,R012,3,0.1,350000,245000,1050000,105000.0,945000.0,735000,210000.0
ORD002790,2025-06-17,C0009,P015,R012,3,0.08,35000,21000,105000,8400.0,96600.0,63000,33600.0
ORD006780,2025-06-17,C0078,P009,R006,2,0.0,130000,85000,260000,0.0,260000.0,170000,90000.0
ORD004359,2025-06-17,C0090,P012,R003,1,0.02,125000,83000,125000,2500.0,122500.0,83000,39500.0
ORD002093,2025-06-17,C0252,P006,R007,6,0.1,95000,62000,570000,57000.0,513000.0,372000,141000.0
ORD007225,2025-06-17,C0069,P007,R004,2,0.1,180000,118000,360000,36000.0,324000.0,236000,88000.0
ORD005468,2025-06-17,C0020,P007,R007,1,0.08,180000,118000,180000,14400.0,165600.0,118000,47600.0
ORD004454,2025-06-17,C0102,P017,R005,5,0.05,75000,50000,375000,18750.0,356250.0,250000,106250.0
ORD000899,2025-06-17,C0001,P001,R002,1,0.1,350000,245000,350000,35000.0,315000.0,245000,70000.0
ORD004795,2025-06-18,C0240,P014,R005,1,0.0,18000,10500,18000,0.0,18000.0,10500,7500.0
ORD007725,2025-06-18,C0065,P004,R009,3,0.0,140000,98000,420000,0.0,420000.0,294000,126000.0
ORD007306,2025-06-18,C0050,P010,R009,3,0.15,320000,215000,960000,144000.0,816000.0,645000,171000.0
ORD001609,2025-06-18,C0110,P002,R002,5,0.05,220000,155000,1100000,55000.0,1045000.0,775000,270000.0
ORD005120,2025-06-18,C0158,P006,R009,2,0.0,95000,62000,190000,0.0,190000.0,124000,66000.0
ORD005897,2025-06-18,C0202,P017,R001,6,0.05,75000,50000,450000,22500.0,427500.0,300000,127500.0
ORD006832,2025-06-18,C0159,P002,R007,1,0.02,220000,155000,220000,4400.0,215600.0,155000,60600.0
ORD004988,2025-06-18,C0133,P010,R013,1,0.1,320000,215000,320000,32000.0,288000.0,215000,73000.0
ORD006069,2025-06-18,C0076,P004,R004,1,0.15,140000,98000,140000,21000.0,119000.0,98000,21000.0
ORD004144,2025-06-18,C0261,P020,R011,6,0.0,22000,13000,132000,0.0,132000.0,78000,54000.0
ORD002715,2025-06-18,C0244,P010,R006,3,0.02,320000,215000,960000,19200.0,940800.0,645000,295800.0
ORD007967,2025-06-18,C0031,P019,R003,1,0.08,45000,29000,45000,3600.0,41400.0,29000,12400.0
ORD002939,2025-06-19,C0233,P004,R002,1,0.0,140000,98000,140000,0.0,140000.0,98000,42000.0
ORD002208,2025-06-19,C0201,P005,R003,6,0.0,120000,84000,720000,0.0,720000.0,504000,216000.0
ORD000904,2025-06-19,C0044,P003,R006,4,0.0,160000,112000,640000,0.0,640000.0,448000,192000.0
ORD007411,2025-06-19,C0286,P020,R005,3,0.0,22000,13000,66000,0.0,66000.0,39000,27000.0
ORD007475,2025-06-19,C0260,P005,R012,5,0.05,120000,84000,600000,30000.0,570000.0,420000,150000.0
ORD002626,2025-06-19,C0241,P002,R003,3,0.05,220000,155000,660000,33000.0,627000.0,465000,162000.0
ORD003284,2025-06-19,C0084,P018,R006,4,0.08,90000,62000,360000,28800.0,331200.0,248000,83200.0
ORD000868,2025-06-19,C0052,P017,R004,3,0.0,75000,50000,225000,0.0,225000.0,150000,75000.0
ORD006695,2025-06-19,C0251,P012,R009,1,0.08,125000,83000,125000,10000.0,115000.0,83000,32000.0
ORD000133,2025-06-19,C0158,P016,R009,1,0.15,55000,35000,55000,8250.0,46750.0,35000,11750.0
ORD005199,2025-06-19,C0072,P003,R003,3,0.0,160000,112000,480000,0.0,480000.0,336000,144000.0
ORD000794,2025-06-19,C0057,P001,R012,1,0.08,350000,245000,350000,28000.0,322000.0,245000,77000.0
ORD007870,2025-06-19,C0117,P005,R010,3,0.05,120000,84000,360000,18000.0,342000.0,252000,90000.0
ORD007513,2025-06-20,C0161,P016,R003,4,0.0,55000,35000,220000,0.0,220000.0,140000,80000.0
ORD006193,2025-06-20,C0112,P001,R001,4,0.15,350000,245000,1400000,210000.0,1190000.0,980000,210000.0
ORD004298,2025-06-20,C0260,P005,R007,3,0.05,120000,84000,360000,18000.0,342000.0,252000,90000.0
ORD003099,2025-06-20,C0134,P019,R010,1,0.02,45000,29000,45000,900.0,44100.0,29000,15100.0
ORD004059,2025-06-20,C0016,P010,R006,1,0.1,320000,215000,320000,32000.0,288000.0,215000,73000.0
ORD003934,2025-06-20,C0262,P008,R002,10,0.08,110000,72000,1100000,88000.0,1012000.0,720000,292000.0
ORD005796,2025-06-20,C0023,P006,R012,8,0.1,95000,62000,760000,76000.0,684000.0,496000,188000.0
ORD002625,2025-06-20,C0295,P010,R007,2,0.0,320000,215000,640000,0.0,640000.0,430000,210000.0
ORD003752,2025-06-20,C0015,P012,R007,5,0.05,125000,83000,625000,31250.0,593750.0,415000,178750.0
ORD003739,2025-06-20,C0015,P002,R007,2,0.1,220000,155000,440000,44000.0,396000.0,310000,86000.0
ORD004684,2025-06-20,C0090,P014,R012,10,0.05,18000,10500,180000,9000.0,171000.0,105000,66000.0
ORD005484,2025-06-20,C0186,P004,R010,2,0.2,140000,98000,280000,56000.0,224000.0,196000,28000.0
ORD007547,2025-06-20,C0130,P010,R013,3,0.15,320000,215000,960000,144000.0,816000.0,645000,171000.0
ORD005283,2025-06-20,C0048,P015,R007,2,0.15,35000,21000,70000,10500.0,59500.0,42000,17500.0
ORD003507,2025-06-20,C0017,P015,R001,3,0.1,35000,21000,105000,10500.0,94500.0,63000,31500.0
ORD000778,2025-06-20,C0240,P017,R011,1,0.02,75000,50000,75000,1500.0,73500.0,50000,23500.0
ORD004751,2025-06-20,C0274,P008,R001,5,0.0,110000,72000,550000,0.0,550000.0,360000,190000.0
ORD007753,2025-06-20,C0271,P002,R007,4,0.0,220000,155000,880000,0.0,880000.0,620000,260000.0
ORD002481,2025-06-20,C0014,P012,R005,3,0.1,125000,83000,375000,37500.0,337500.0,249000,88500.0
ORD001383,2025-06-21,C0026,P002,R007,4,0.05,220000,155000,880000,44000.0,836000.0,620000,216000.0
ORD001631,2025-06-21,C0120,P006,R004,3,0.08,95000,62000,285000,22800.0,262200.0,186000,76200.0
ORD000434,2025-06-21,C0140,P007,R003,2,0.1,180000,118000,360000,36000.0,324000.0,236000,88000.0
ORD004216,2025-06-21,C0080,P020,R005,1,0.0,22000,13000,22000,0.0,22000.0,13000,9000.0
ORD005812,2025-06-21,C0256,P019,R012,3,0.02,45000,29000,135000,2700.0,132300.0,87000,45300.0
ORD002161,2025-06-21,C0110,P006,R003,4,0.02,95000,62000,380000,7600.0,372400.0,248000,124400.0
ORD000730,2025-06-21,C0273,P001,R001,3,0.08,350000,245000,1050000,84000.0,966000.0,735000,231000.0
ORD004572,2025-06-21,C0239,P004,R011,4,0.08,140000,98000,560000,44800.0,515200.0,392000,123200.0
ORD005852,2025-06-21,C0116,P001,R009,2,0.0,350000,245000,700000,0.0,700000.0,490000,210000.0
ORD004230,2025-06-21,C0271,P009,R005,3,0.08,130000,85000,390000,31200.0,358800.0,255000,103800.0
ORD006060,2025-06-21,C0137,P017,R010,1,0.05,75000,50000,75000,3750.0,71250.0,50000,21250.0
ORD001318,2025-06-21,C0132,P004,R004,1,0.02,140000,98000,140000,2800.0,137200.0,98000,39200.0
ORD007153,2025-06-21,C0279,P011,R002,1,0.0,85000,57000,85000,0.0,85000.0,57000,28000.0
ORD005504,2025-06-22,C0137,P010,R011,5,0.08,320000,215000,1600000,128000.0,1472000.0,1075000,397000.0
ORD001992,2025-06-22,C0172,P002,R005,6,0.08,220000,155000,1320000,105600.0,1214400.0,930000,284400.0
ORD004530,2025-06-22,C0262,P003,R001,2,0.05,160000,112000,320000,16000.0,304000.0,224000,80000.0
ORD001536,2025-06-22,C0209,P020,R011,1,0.0,22000,13000,22000,0.0,22000.0,13000,9000.0
ORD000161,2025-06-22,C0148,P009,R002,1,0.0,130000,85000,130000,0.0,130000.0,85000,45000.0
ORD002632,2025-06-22,C0295,P014,R005,2,0.15,18000,10500,36000,5400.0,30600.0,21000,9600.0
ORD003754,2025-06-22,C0265,P019,R008,2,0.02,45000,29000,90000,1800.0,88200.0,58000,30200.0
ORD006294,2025-06-22,C0170,P015,R009,2,0.02,35000,21000,70000,1400.0,68600.0,42000,26600.0
ORD001473,2025-06-22,C0017,P009,R003,5,0.1,130000,85000,650000,65000.0,585000.0,425000,160000.0
ORD002447,2025-06-22,C0134,P015,R012,10,0.0,35000,21000,350000,0.0,350000.0,210000,140000.0
ORD000417,2025-06-22,C0293,P007,R011,2,0.08,180000,118000,360000,28800.0,331200.0,236000,95200.0
ORD005962,2025-06-22,C0079,P017,R012,4,0.02,75000,50000,300000,6000.0,294000.0,200000,94000.0
ORD001566,2025-06-22,C0086,P013,R001,2,0.05,30000,18500,60000,3000.0,57000.0,37000,20000.0
ORD000179,2025-06-22,C0026,P020,R012,3,0.05,22000,13000,66000,3300.0,62700.0,39000,23700.0
ORD007735,2025-06-22,C0073,P010,R007,3,0.15,320000,215000,960000,144000.0,816000.0,645000,171000.0
ORD007660,2025-06-22,C0068,P003,R011,2,0.02,160000,112000,320000,6400.0,313600.0,224000,89600.0
ORD005634,2025-06-23,C0115,P008,R004,8,0.1,110000,72000,880000,88000.0,792000.0,576000,216000.0
ORD005969,2025-06-23,C0016,P007,R005,4,0.08,180000,118000,720000,57600.0,662400.0,472000,190400.0
ORD006014,2025-06-23,C0164,P010,R004,5,0.08,320000,215000,1600000,128000.0,1472000.0,1075000,397000.0
ORD007872,2025-06-23,C0017,P018,R001,1,0.15,90000,62000,90000,13500.0,76500.0,62000,14500.0
ORD000131,2025-06-23,C0212,P019,R012,6,0.08,45000,29000,270000,21600.0,248400.0,174000,74400.0
ORD002040,2025-06-23,C0245,P019,R003,5,0.08,45000,29000,225000,18000.0,207000.0,145000,62000.0
ORD002107,2025-06-23,C0021,P020,R004,1,0.2,22000,13000,22000,4400.0,17600.0,13000,4600.0
ORD004269,2025-06-24,C0002,P001,R012,5,0.05,350000,245000,1750000,87500.0,1662500.0,1225000,437500.0
ORD001216,2025-06-24,C0282,P008,R013,4,0.0,110000,72000,440000,0.0,440000.0,288000,152000.0
ORD003851,2025-06-24,C0142,P013,R006,10,0.0,30000,18500,300000,0.0,300000.0,185000,115000.0
ORD002491,2025-06-24,C0102,P002,R001,1,0.0,220000,155000,220000,0.0,220000.0,155000,65000.0
ORD003794,2025-06-24,C0149,P011,R010,1,0.05,85000,57000,85000,4250.0,80750.0,57000,23750.0
ORD004332,2025-06-24,C0185,P007,R004,2,0.02,180000,118000,360000,7200.0,352800.0,236000,116800.0
ORD003069,2025-06-24,C0173,P019,R013,2,0.02,45000,29000,90000,1800.0,88200.0,58000,30200.0
ORD007954,2025-06-24,C0043,P010,R004,2,0.0,320000,215000,640000,0.0,640000.0,430000,210000.0
ORD000591,2025-06-24,C0280,P019,R005,4,0.1,45000,29000,180000,18000.0,162000.0,116000,46000.0
ORD002416,2025-06-24,C0151,P006,R008,1,0.2,95000,62000,95000,19000.0,76000.0,62000,14000.0
ORD007925,2025-06-24,C0182,P010,R001,5,0.0,320000,215000,1600000,0.0,1600000.0,1075000,525000.0
ORD002773,2025-06-24,C0283,P010,R010,1,0.0,320000,215000,320000,0.0,320000.0,215000,105000.0
ORD003075,2025-06-24,C0057,P016,R012,10,0.0,55000,35000,550000,0.0,550000.0,350000,200000.0
ORD002922,2025-06-25,C0006,P009,R009,3,0.05,130000,85000,390000,19500.0,370500.0,255000,115500.0
ORD006687,2025-06-25,C0272,P007,R010,2,0.0,180000,118000,360000,0.0,360000.0,236000,124000.0
ORD005733,2025-06-25,C0003,P005,R006,3,0.0,120000,84000,360000,0.0,360000.0,252000,108000.0
ORD007070,2025-06-25,C0221,P014,R013,1,0.0,18000,10500,18000,0.0,18000.0,10500,7500.0
ORD004835,2025-06-25,C0118,P001,R007,1,0.05,350000,245000,350000,17500.0,332500.0,245000,87500.0
ORD006811,2025-06-25,C0081,P005,R002,2,0.05,120000,84000,240000,12000.0,228000.0,168000,60000.0
ORD007540,2025-06-25,C0067,P010,R001,8,0.0,320000,215000,2560000,0.0,2560000.0,1720000,840000.0
ORD005774,2025-06-25,C0029,P015,R010,8,0.02,35000,21000,280000,5600.0,274400.0,168000,106400.0
ORD000880,2025-06-25,C0128,P013,R005,1,0.08,30000,18500,30000,2400.0,27600.0,18500,9100.0
ORD001947,2025-06-25,C0078,P020,R006,5,0.0,22000,13000,110000,0.0,110000.0,65000,45000.0
ORD000096,2025-06-26,C0154,P007,R001,2,0.0,180000,118000,360000,0.0,360000.0,236000,124000.0
ORD007040,2025-06-26,C0038,P005,R001,2,0.02,120000,84000,240000,4800.0,235200.0,168000,67200.0
ORD002410,2025-06-26,C0048,P006,R010,3,0.0,95000,62000,285000,0.0,285000.0,186000,99000.0
ORD005075,2025-06-26,C0063,P001,R007,3,0.0,350000,245000,1050000,0.0,1050000.0,735000,315000.0
ORD001834,2025-06-26,C0191,P018,R012,4,0.05,90000,62000,360000,18000.0,342000.0,248000,94000.0
ORD006664,2025-06-26,C0056,P017,R009,1,0.15,75000,50000,75000,11250.0,63750.0,50000,13750.0
ORD004354,2025-06-26,C0250,P001,R008,1,0.0,350000,245000,350000,0.0,350000.0,245000,105000.0
ORD004398,2025-06-26,C0149,P020,R004,2,0.02,22000,13000,44000,880.0,43120.0,26000,17120.0
ORD004887,2025-06-26,C0043,P013,R005,5,0.05,30000,18500,150000,7500.0,142500.0,92500,50000.0
ORD003469,2025-06-26,C0293,P017,R005,5,0.1,75000,50000,375000,37500.0,337500.0,250000,87500.0
ORD003564,2025-06-26,C0252,P009,R004,3,0.0,130000,85000,390000,0.0,390000.0,255000,135000.0
ORD006382,2025-06-26,C0213,P012,R011,3,0.02,125000,83000,375000,7500.0,367500.0,249000,118500.0
ORD003022,2025-06-26,C0266,P013,R007,6,0.02,30000,18500,180000,3600.0,176400.0,111000,65400.0
ORD006532,2025-06-26,C0248,P010,R004,3,0.0,320000,215000,960000,0.0,960000.0,645000,315000.0
ORD000562,2025-06-26,C0286,P008,R010,4,0.05,110000,72000,440000,22000.0,418000.0,288000,130000.0
ORD000230,2025-06-26,C0265,P009,R002,2,0.08,130000,85000,260000,20800.0,239200.0,170000,69200.0
ORD005724,2025-06-27,C0052,P013,R009,1,0.15,30000,18500,30000,4500.0,25500.0,18500,7000.0
ORD007750,2025-06-27,C0259,P010,R007,5,0.05,320000,215000,1600000,80000.0,1520000.0,1075000,445000.0
ORD002379,2025-06-27,C0185,P010,R005,1,0.0,320000,215000,320000,0.0,320000.0,215000,105000.0
ORD001873,2025-06-27,C0022,P020,R007,1,0.0,22000,13000,22000,0.0,22000.0,13000,9000.0
ORD007482,2025-06-27,C0199,P008,R010,4,0.1,110000,72000,440000,44000.0,396000.0,288000,108000.0
ORD005420,2025-06-27,C0166,P008,R005,4,0.08,110000,72000,440000,35200.0,404800.0,288000,116800.0
ORD000209,2025-06-27,C0066,P018,R011,6,0.1,90000,62000,540000,54000.0,486000.0,372000,114000.0
ORD000605,2025-06-27,C0231,P005,R013,10,0.1,120000,84000,1200000,120000.0,1080000.0,840000,240000.0
ORD001200,2025-06-27,C0200,P016,R001,3,0.1,55000,35000,165000,16500.0,148500.0,105000,43500.0
ORD005122,2025-06-27,C0289,P017,R005,3,0.02,75000,50000,225000,4500.0,220500.0,150000,70500.0
ORD001826,2025-06-27,C0057,P003,R013,4,0.08,160000,112000,640000,51200.0,588800.0,448000,140800.0
ORD007408,2025-06-27,C0299,P012,R008,2,0.0,125000,83000,250000,0.0,250000.0,166000,84000.0
ORD006915,2025-06-27,C0232,P018,R013,1,0.0,90000,62000,90000,0.0,90000.0,62000,28000.0
ORD004160,2025-06-27,C0289,P017,R012,2,0.08,75000,50000,150000,12000.0,138000.0,100000,38000.0
ORD003197,2025-06-27,C0101,P007,R001,10,0.08,180000,118000,1800000,144000.0,1656000.0,1180000,476000.0
ORD000477,2025-06-28,C0253,P004,R006,3,0.0,140000,98000,420000,0.0,420000.0,294000,126000.0
ORD002814,2025-06-28,C0282,P010,R010,8,0.0,320000,215000,2560000,0.0,2560000.0,1720000,840000.0
ORD004493,2025-06-28,C0283,P019,R013,3,0.02,45000,29000,135000,2700.0,132300.0,87000,45300.0
ORD000556,2025-06-28,C0213,P002,R009,2,0.08,220000,155000,440000,35200.0,404800.0,310000,94800.0
ORD006928,2025-06-28,C0200,P011,R007,2,0.05,85000,57000,170000,8500.0,161500.0,114000,47500.0
ORD003341,2025-06-28,C0040,P016,R002,2,0.02,55000,35000,110000,2200.0,107800.0,70000,37800.0
ORD007859,2025-06-28,C0262,P004,R012,4,0.1,140000,98000,560000,56000.0,504000.0,392000,112000.0
ORD004310,2025-06-28,C0208,P009,R011,8,0.05,130000,85000,1040000,52000.0,988000.0,680000,308000.0
ORD005394,2025-06-28,C0130,P015,R011,1,0.02,35000,21000,35000,700.0,34300.0,21000,13300.0
ORD002047,2025-06-28,C0282,P001,R004,8,0.15,350000,245000,2800000,420000.0,2380000.0,1960000,420000.0
ORD004242,2025-06-28,C0157,P011,R001,3,0.05,85000,57000,255000,12750.0,242250.0,171000,71250.0
ORD004743,2025-06-28,C0290,P006,R008,6,0.08,95000,62000,570000,45600.0,524400.0,372000,152400.0
ORD005439,2025-06-28,C0119,P013,R011,1,0.0,30000,18500,30000,0.0,30000.0,18500,11500.0
ORD004556,2025-06-28,C0175,P010,R013,2,0.2,320000,215000,640000,128000.0,512000.0,430000,82000.0
ORD005569,2025-06-28,C0236,P006,R005,3,0.1,95000,62000,285000,28500.0,256500.0,186000,70500.0
ORD004803,2025-06-29,C0132,P018,R010,4,0.08,90000,62000,360000,28800.0,331200.0,248000,83200.0
ORD003855,2025-06-29,C0271,P001,R003,3,0.0,350000,245000,1050000,0.0,1050000.0,735000,315000.0
ORD005481,2025-06-29,C0087,P016,R007,4,0.0,55000,35000,220000,0.0,220000.0,140000,80000.0
ORD005056,2025-06-29,C0241,P015,R006,1,0.05,35000,21000,35000,1750.0,33250.0,21000,12250.0
ORD005052,2025-06-29,C0185,P001,R002,2,0.08,350000,245000,700000,56000.0,644000.0,490000,154000.0
ORD006394,2025-06-29,C0042,P017,R010,1,0.08,75000,50000,75000,6000.0,69000.0,50000,19000.0
ORD003511,2025-06-29,C0056,P006,R002,2,0.08,95000,62000,190000,15200.0,174800.0,124000,50800.0
ORD000559,2025-06-29,C0214,P017,R011,3,0.1,75000,50000,225000,22500.0,202500.0,150000,52500.0
ORD000044,2025-06-29,C0036,P007,R004,2,0.15,180000,118000,360000,54000.0,306000.0,236000,70000.0
ORD007243,2025-06-29,C0106,P013,R004,4,0.0,30000,18500,120000,0.0,120000.0,74000,46000.0
ORD004950,2025-06-29,C0212,P007,R003,4,0.05,180000,118000,720000,36000.0,684000.0,472000,212000.0
ORD003643,2025-06-29,C0186,P009,R003,4,0.1,130000,85000,520000,52000.0,468000.0,340000,128000.0
ORD001424,2025-06-29,C0243,P019,R007,6,0.0,45000,29000,270000,0.0,270000.0,174000,96000.0
ORD003411,2025-06-30,C0084,P002,R012,3,0.02,220000,155000,660000,13200.0,646800.0,465000,181800.0
ORD002701,2025-06-30,C0135,P011,R001,2,0.08,85000,57000,170000,13600.0,156400.0,114000,42400.0
ORD005757,2025-06-30,C0006,P012,R010,6,0.0,125000,83000,750000,0.0,750000.0,498000,252000.0
ORD006471,2025-06-30,C0199,P005,R005,2,0.02,120000,84000,240000,4800.0,235200.0,168000,67200.0
ORD005753,2025-06-30,C0124,P010,R005,3,0.02,320000,215000,960000,19200.0,940800.0,645000,295800.0
ORD005162,2025-06-30,C0241,P007,R004,5,0.0,180000,118000,900000,0.0,900000.0,590000,310000.0
ORD007437,2025-06-30,C0278,P007,R009,5,0.02,180000,118000,900000,18000.0,882000.0,590000,292000.0
ORD005552,2025-06-30,C0184,P001,R003,5,0.05,350000,245000,1750000,87500.0,1662500.0,1225000,437500.0
ORD002697,2025-06-30,C0168,P015,R013,3,0.0,35000,21000,105000,0.0,105000.0,63000,42000.0
ORD003905,2025-06-30,C0149,P005,R011,10,0.02,120000,84000,1200000,24000.0,1176000.0,840000,336000.0
ORD003928,2025-06-30,C0195,P001,R003,2,0.0,350000,245000,700000,0.0,700000.0,490000,210000.0
ORD006542,2025-06-30,C0018,P008,R013,6,0.08,110000,72000,660000,52800.0,607200.0,432000,175200.0
ORD004133,2025-06-30,C0109,P018,R009,1,0.02,90000,62000,90000,1800.0,88200.0,62000,26200.0
ORD003335,2025-06-30,C0276,P018,R012,3,0.02,90000,62000,270000,5400.0,264600.0,186000,78600.0
ORD003941,2025-07-01,C0205,P016,R012,10,0.1,55000,35000,550000,55000.0,495000.0,350000,145000.0
ORD005097,2025-07-01,C0296,P005,R003,6,0.1,120000,84000,720000,72000.0,648000.0,504000,144000.0
ORD000627,2025-07-01,C0142,P004,R006,1,0.02,140000,98000,140000,2800.0,137200.0,98000,39200.0
ORD006154,2025-07-01,C0207,P008,R003,3,0.02,110000,72000,330000,6600.0,323400.0,216000,107400.0
ORD003296,2025-07-01,C0216,P017,R012,6,0.05,75000,50000,450000,22500.0,427500.0,300000,127500.0
ORD000537,2025-07-01,C0108,P007,R008,5,0.1,180000,118000,900000,90000.0,810000.0,590000,220000.0
ORD005568,2025-07-01,C0299,P020,R010,2,0.0,22000,13000,44000,0.0,44000.0,26000,18000.0
ORD006487,2025-07-01,C0300,P011,R013,8,0.05,85000,57000,680000,34000.0,646000.0,456000,190000.0
ORD006134,2025-07-01,C0199,P015,R009,1,0.08,35000,21000,35000,2800.0,32200.0,21000,11200.0
ORD005172,2025-07-01,C0219,P003,R007,1,0.1,160000,112000,160000,16000.0,144000.0,112000,32000.0
ORD004689,2025-07-01,C0281,P017,R007,5,0.15,75000,50000,375000,56250.0,318750.0,250000,68750.0
ORD004431,2025-07-01,C0238,P005,R006,3,0.05,120000,84000,360000,18000.0,342000.0,252000,90000.0
ORD001797,2025-07-01,C0211,P013,R003,3,0.1,30000,18500,90000,9000.0,81000.0,55500,25500.0
ORD000154,2025-07-01,C0031,P019,R002,2,0.05,45000,29000,90000,4500.0,85500.0,58000,27500.0
ORD000557,2025-07-01,C0166,P012,R003,2,0.08,125000,83000,250000,20000.0,230000.0,166000,64000.0
ORD001785,2025-07-01,C0101,P010,R013,2,0.05,320000,215000,640000,32000.0,608000.0,430000,178000.0
ORD003238,2025-07-01,C0144,P011,R010,1,0.08,85000,57000,85000,6800.0,78200.0,57000,21200.0
ORD002478,2025-07-01,C0042,P002,R010,1,0.08,220000,155000,220000,17600.0,202400.0,155000,47400.0
ORD003617,2025-07-02,C0243,P001,R005,3,0.2,350000,245000,1050000,210000.0,840000.0,735000,105000.0
ORD002775,2025-07-02,C0300,P015,R013,5,0.1,35000,21000,175000,17500.0,157500.0,105000,52500.0
ORD000303,2025-07-02,C0288,P001,R010,1,0.08,350000,245000,350000,28000.0,322000.0,245000,77000.0
ORD002086,2025-07-02,C0176,P012,R011,5,0.08,125000,83000,625000,50000.0,575000.0,415000,160000.0
ORD001627,2025-07-02,C0221,P005,R009,8,0.02,120000,84000,960000,19200.0,940800.0,672000,268800.0
ORD007505,2025-07-02,C0179,P009,R013,3,0.2,130000,85000,390000,78000.0,312000.0,255000,57000.0
ORD001542,2025-07-02,C0069,P001,R013,1,0.05,350000,245000,350000,17500.0,332500.0,245000,87500.0
ORD007158,2025-07-02,C0104,P006,R001,3,0.05,95000,62000,285000,14250.0,270750.0,186000,84750.0
ORD004936,2025-07-02,C0036,P008,R006,2,0.2,110000,72000,220000,44000.0,176000.0,144000,32000.0
ORD007843,2025-07-02,C0063,P013,R005,2,0.2,30000,18500,60000,12000.0,48000.0,37000,11000.0
ORD004518,2025-07-02,C0204,P010,R009,3,0.15,320000,215000,960000,144000.0,816000.0,645000,171000.0
ORD004497,2025-07-02,C0150,P009,R005,1,0.05,130000,85000,130000,6500.0,123500.0,85000,38500.0
ORD006323,2025-07-02,C0264,P009,R010,1,0.02,130000,85000,130000,2600.0,127400.0,85000,42400.0
ORD001752,2025-07-02,C0252,P006,R008,4,0.15,95000,62000,380000,57000.0,323000.0,248000,75000.0
ORD002369,2025-07-02,C0221,P002,R012,4,0.08,220000,155000,880000,70400.0,809600.0,620000,189600.0
ORD000779,2025-07-02,C0143,P004,R006,3,0.15,140000,98000,420000,63000.0,357000.0,294000,63000.0
ORD001750,2025-07-02,C0152,P012,R011,2,0.0,125000,83000,250000,0.0,250000.0,166000,84000.0
ORD001523,2025-07-02,C0028,P014,R007,6,0.05,18000,10500,108000,5400.0,102600.0,63000,39600.0
ORD003412,2025-07-03,C0059,P007,R003,8,0.0,180000,118000,1440000,0.0,1440000.0,944000,496000.0
ORD001197,2025-07-03,C0231,P019,R012,4,0.15,45000,29000,180000,27000.0,153000.0,116000,37000.0
ORD005321,2025-07-03,C0126,P014,R004,2,0.0,18000,10500,36000,0.0,36000.0,21000,15000.0
ORD004553,2025-07-03,C0193,P017,R012,5,0.08,75000,50000,375000,30000.0,345000.0,250000,95000.0
ORD007675,2025-07-03,C0063,P015,R012,5,0.1,35000,21000,175000,17500.0,157500.0,105000,52500.0
ORD000291,2025-07-03,C0234,P018,R013,2,0.0,90000,62000,180000,0.0,180000.0,124000,56000.0
ORD003318,2025-07-03,C0162,P018,R008,4,0.02,90000,62000,360000,7200.0,352800.0,248000,104800.0
ORD006702,2025-07-03,C0002,P020,R007,3,0.15,22000,13000,66000,9900.0,56100.0,39000,17100.0
ORD002350,2025-07-03,C0034,P010,R009,4,0.08,320000,215000,1280000,102400.0,1177600.0,860000,317600.0
ORD003586,2025-07-03,C0008,P015,R002,3,0.02,35000,21000,105000,2100.0,102900.0,63000,39900.0
ORD007522,2025-07-03,C0001,P015,R006,6,0.08,35000,21000,210000,16800.0,193200.0,126000,67200.0
ORD003557,2025-07-03,C0142,P007,R008,2,0.0,180000,118000,360000,0.0,360000.0,236000,124000.0
ORD005509,2025-07-03,C0259,P005,R009,1,0.05,120000,84000,120000,6000.0,114000.0,84000,30000.0
ORD002265,2025-07-03,C0142,P003,R008,5,0.0,160000,112000,800000,0.0,800000.0,560000,240000.0
ORD003955,2025-07-04,C0158,P013,R003,2,0.05,30000,18500,60000,3000.0,57000.0,37000,20000.0
ORD001194,2025-07-04,C0095,P004,R001,3,0.2,140000,98000,420000,84000.0,336000.0,294000,42000.0
ORD002723,2025-07-04,C0099,P017,R009,1,0.15,75000,50000,75000,11250.0,63750.0,50000,13750.0
ORD002989,2025-07-04,C0254,P017,R012,1,0.0,75000,50000,75000,0.0,75000.0,50000,25000.0
ORD003463,2025-07-04,C0038,P005,R010,3,0.08,120000,84000,360000,28800.0,331200.0,252000,79200.0
ORD003129,2025-07-04,C0259,P006,R013,3,0.15,95000,62000,285000,42750.0,242250.0,186000,56250.0
ORD004236,2025-07-04,C0056,P014,R013,1,0.05,18000,10500,18000,900.0,17100.0,10500,6600.0
ORD004787,2025-07-04,C0087,P013,R010,2,0.05,30000,18500,60000,3000.0,57000.0,37000,20000.0
ORD000118,2025-07-05,C0061,P011,R004,2,0.15,85000,57000,170000,25500.0,144500.0,114000,30500.0
ORD006677,2025-07-05,C0117,P003,R012,2,0.08,160000,112000,320000,25600.0,294400.0,224000,70400.0
ORD007266,2025-07-05,C0238,P011,R010,8,0.02,85000,57000,680000,13600.0,666400.0,456000,210400.0
ORD005078,2025-07-05,C0031,P005,R012,2,0.02,120000,84000,240000,4800.0,235200.0,168000,67200.0
ORD001680,2025-07-05,C0278,P003,R012,2,0.02,160000,112000,320000,6400.0,313600.0,224000,89600.0
ORD006977,2025-07-05,C0018,P019,R012,1,0.1,45000,29000,45000,4500.0,40500.0,29000,11500.0
ORD005921,2025-07-05,C0053,P018,R012,6,0.2,90000,62000,540000,108000.0,432000.0,372000,60000.0
ORD006089,2025-07-05,C0152,P013,R011,2,0.0,30000,18500,60000,0.0,60000.0,37000,23000.0
ORD007527,2025-07-05,C0088,P009,R008,1,0.15,130000,85000,130000,19500.0,110500.0,85000,25500.0
ORD004222,2025-07-05,C0169,P011,R008,2,0.0,85000,57000,170000,0.0,170000.0,114000,56000.0
ORD001118,2025-07-05,C0104,P009,R009,8,0.0,130000,85000,1040000,0.0,1040000.0,680000,360000.0
ORD005939,2025-07-05,C0059,P004,R010,2,0.0,140000,98000,280000,0.0,280000.0,196000,84000.0
ORD003575,2025-07-05,C0148,P013,R003,1,0.0,30000,18500,30000,0.0,30000.0,18500,11500.0
ORD000825,2025-07-06,C0105,P006,R005,1,0.1,95000,62000,95000,9500.0,85500.0,62000,23500.0
ORD004819,2025-07-06,C0007,P014,R005,4,0.05,18000,10500,72000,3600.0,68400.0,42000,26400.0
ORD005560,2025-07-06,C0069,P012,R001,1,0.0,125000,83000,125000,0.0,125000.0,83000,42000.0
ORD007336,2025-07-06,C0061,P001,R011,3,0.2,350000,245000,1050000,210000.0,840000.0,735000,105000.0
ORD000698,2025-07-06,C0192,P018,R013,5,0.05,90000,62000,450000,22500.0,427500.0,310000,117500.0
ORD002976,2025-07-06,C0244,P018,R012,3,0.02,90000,62000,270000,5400.0,264600.0,186000,78600.0
ORD002615,2025-07-06,C0067,P018,R010,6,0.15,90000,62000,540000,81000.0,459000.0,372000,87000.0
ORD006760,2025-07-06,C0196,P009,R009,4,0.0,130000,85000,520000,0.0,520000.0,340000,180000.0
ORD004174,2025-07-06,C0237,P007,R008,8,0.0,180000,118000,1440000,0.0,1440000.0,944000,496000.0
ORD006146,2025-07-06,C0100,P019,R010,1,0.05,45000,29000,45000,2250.0,42750.0,29000,13750.0
ORD007355,2025-07-06,C0094,P019,R008,2,0.15,45000,29000,90000,13500.0,76500.0,58000,18500.0
ORD003449,2025-07-06,C0192,P004,R006,1,0.0,140000,98000,140000,0.0,140000.0,98000,42000.0
ORD007183,2025-07-06,C0206,P011,R012,2,0.1,85000,57000,170000,17000.0,153000.0,114000,39000.0
ORD003730,2025-07-06,C0005,P005,R001,3,0.08,120000,84000,360000,28800.0,331200.0,252000,79200.0
ORD003438,2025-07-06,C0194,P008,R013,3,0.02,110000,72000,330000,6600.0,323400.0,216000,107400.0
ORD003907,2025-07-06,C0223,P003,R003,4,0.0,160000,112000,640000,0.0,640000.0,448000,192000.0
ORD003828,2025-07-06,C0022,P018,R006,3,0.2,90000,62000,270000,54000.0,216000.0,186000,30000.0
ORD001722,2025-07-07,C0056,P001,R011,3,0.08,350000,245000,1050000,84000.0,966000.0,735000,231000.0
ORD005600,2025-07-07,C0150,P013,R010,8,0.02,30000,18500,240000,4800.0,235200.0,148000,87200.0
ORD000775,2025-07-07,C0052,P014,R009,2,0.02,18000,10500,36000,720.0,35280.0,21000,14280.0
ORD002484,2025-07-07,C0183,P018,R012,4,0.15,90000,62000,360000,54000.0,306000.0,248000,58000.0
ORD005768,2025-07-07,C0101,P002,R006,4,0.1,220000,155000,880000,88000.0,792000.0,620000,172000.0
ORD001787,2025-07-07,C0185,P008,R004,6,0.0,110000,72000,660000,0.0,660000.0,432000,228000.0
ORD002156,2025-07-07,C0014,P011,R008,4,0.15,85000,57000,340000,51000.0,289000.0,228000,61000.0
ORD002333,2025-07-07,C0142,P009,R005,1,0.02,130000,85000,130000,2600.0,127400.0,85000,42400.0
ORD005872,2025-07-07,C0217,P006,R003,2,0.05,95000,62000,190000,9500.0,180500.0,124000,56500.0
ORD005741,2025-07-07,C0213,P006,R003,2,0.08,95000,62000,190000,15200.0,174800.0,124000,50800.0
ORD004152,2025-07-07,C0193,P017,R003,1,0.02,75000,50000,75000,1500.0,73500.0,50000,23500.0
ORD007882,2025-07-07,C0267,P003,R009,1,0.1,160000,112000,160000,16000.0,144000.0,112000,32000.0
ORD004060,2025-07-07,C0012,P009,R011,1,0.0,130000,85000,130000,0.0,130000.0,85000,45000.0
ORD005113,2025-07-07,C0006,P020,R011,4,0.08,22000,13000,88000,7040.0,80960.0,52000,28960.0
ORD003444,2025-07-07,C0203,P012,R013,4,0.05,125000,83000,500000,25000.0,475000.0,332000,143000.0
ORD002980,2025-07-07,C0045,P009,R006,10,0.02,130000,85000,1300000,26000.0,1274000.0,850000,424000.0
ORD001737,2025-07-07,C0104,P002,R013,4,0.05,220000,155000,880000,44000.0,836000.0,620000,216000.0
ORD002345,2025-07-07,C0220,P011,R010,4,0.05,85000,57000,340000,17000.0,323000.0,228000,95000.0
ORD002318,2025-07-07,C0154,P019,R010,5,0.02,45000,29000,225000,4500.0,220500.0,145000,75500.0
ORD004050,2025-07-07,C0112,P005,R006,4,0.05,120000,84000,480000,24000.0,456000.0,336000,120000.0
ORD006852,2025-07-07,C0238,P004,R013,3,0.05,140000,98000,420000,21000.0,399000.0,294000,105000.0
ORD007846,2025-07-07,C0044,P017,R012,5,0.05,75000,50000,375000,18750.0,356250.0,250000,106250.0
ORD000020,2025-07-08,C0055,P010,R012,1,0.08,320000,215000,320000,25600.0,294400.0,215000,79400.0
ORD004468,2025-07-08,C0187,P017,R007,1,0.05,75000,50000,75000,3750.0,71250.0,50000,21250.0
ORD007536,2025-07-08,C0257,P016,R013,4,0.08,55000,35000,220000,17600.0,202400.0,140000,62400.0
ORD004686,2025-07-08,C0144,P006,R013,2,0.05,95000,62000,190000,9500.0,180500.0,124000,56500.0
ORD005602,2025-07-08,C0043,P006,R009,8,0.05,95000,62000,760000,38000.0,722000.0,496000,226000.0
ORD007297,2025-07-08,C0222,P001,R006,2,0.08,350000,245000,700000,56000.0,644000.0,490000,154000.0
ORD004162,2025-07-08,C0262,P003,R003,1,0.02,160000,112000,160000,3200.0,156800.0,112000,44800.0
ORD003902,2025-07-08,C0113,P007,R008,1,0.1,180000,118000,180000,18000.0,162000.0,118000,44000.0
ORD004550,2025-07-08,C0288,P013,R009,4,0.15,30000,18500,120000,18000.0,102000.0,74000,28000.0
ORD003288,2025-07-08,C0281,P020,R008,1,0.15,22000,13000,22000,3300.0,18700.0,13000,5700.0
ORD005554,2025-07-08,C0292,P007,R006,4,0.02,180000,118000,720000,14400.0,705600.0,472000,233600.0
ORD005140,2025-07-08,C0107,P013,R009,4,0.15,30000,18500,120000,18000.0,102000.0,74000,28000.0
ORD007863,2025-07-08,C0256,P002,R013,1,0.0,220000,155000,220000,0.0,220000.0,155000,65000.0
ORD004894,2025-07-08,C0138,P016,R005,4,0.1,55000,35000,220000,22000.0,198000.0,140000,58000.0
ORD002689,2025-07-08,C0198,P002,R009,2,0.02,220000,155000,440000,8800.0,431200.0,310000,121200.0
ORD007468,2025-07-08,C0182,P019,R013,2,0.02,45000,29000,90000,1800.0,88200.0,58000,30200.0
ORD000085,2025-07-09,C0221,P014,R005,5,0.08,18000,10500,90000,7200.0,82800.0,52500,30300.0
ORD003527,2025-07-09,C0172,P020,R010,3,0.0,22000,13000,66000,0.0,66000.0,39000,27000.0
ORD001500,2025-07-09,C0276,P008,R001,10,0.02,110000,72000,1100000,22000.0,1078000.0,720000,358000.0
ORD001938,2025-07-09,C0290,P002,R011,1,0.1,220000,155000,220000,22000.0,198000.0,155000,43000.0
ORD003393,2025-07-09,C0099,P004,R005,5,0.1,140000,98000,700000,70000.0,630000.0,490000,140000.0
ORD001613,2025-07-09,C0232,P001,R011,4,0.05,350000,245000,1400000,70000.0,1330000.0,980000,350000.0
ORD006267,2025-07-09,C0242,P009,R002,2,0.05,130000,85000,260000,13000.0,247000.0,170000,77000.0
ORD004026,2025-07-09,C0296,P019,R012,4,0.05,45000,29000,180000,9000.0,171000.0,116000,55000.0
ORD000170,2025-07-09,C0021,P020,R001,1,0.02,22000,13000,22000,440.0,21560.0,13000,8560.0
ORD004303,2025-07-09,C0055,P004,R007,3,0.2,140000,98000,420000,84000.0,336000.0,294000,42000.0
ORD002076,2025-07-09,C0262,P018,R001,2,0.2,90000,62000,180000,36000.0,144000.0,124000,20000.0
ORD003731,2025-07-09,C0034,P016,R008,2,0.0,55000,35000,110000,0.0,110000.0,70000,40000.0
ORD006303,2025-07-10,C0046,P016,R011,6,0.08,55000,35000,330000,26400.0,303600.0,210000,93600.0
ORD003669,2025-07-10,C0146,P016,R001,2,0.02,55000,35000,110000,2200.0,107800.0,70000,37800.0
ORD007107,2025-07-10,C0159,P005,R010,1,0.1,120000,84000,120000,12000.0,108000.0,84000,24000.0
ORD004453,2025-07-10,C0282,P020,R011,5,0.08,22000,13000,110000,8800.0,101200.0,65000,36200.0
ORD002747,2025-07-10,C0079,P007,R013,3,0.05,180000,118000,540000,27000.0,513000.0,354000,159000.0
ORD003451,2025-07-10,C0106,P010,R013,5,0.02,320000,215000,1600000,32000.0,1568000.0,1075000,493000.0
ORD000906,2025-07-10,C0108,P004,R012,4,0.02,140000,98000,560000,11200.0,548800.0,392000,156800.0
ORD004560,2025-07-10,C0246,P019,R007,1,0.1,45000,29000,45000,4500.0,40500.0,29000,11500.0
ORD003281,2025-07-10,C0043,P002,R003,1,0.0,220000,155000,220000,0.0,220000.0,155000,65000.0
ORD001960,2025-07-10,C0086,P017,R005,1,0.15,75000,50000,75000,11250.0,63750.0,50000,13750.0
ORD007941,2025-07-10,C0138,P008,R005,1,0.1,110000,72000,110000,11000.0,99000.0,72000,27000.0
ORD004473,2025-07-10,C0009,P007,R006,5,0.02,180000,118000,900000,18000.0,882000.0,590000,292000.0
ORD001964,2025-07-10,C0047,P017,R001,1,0.05,75000,50000,75000,3750.0,71250.0,50000,21250.0
ORD006827,2025-07-10,C0113,P010,R003,3,0.0,320000,215000,960000,0.0,960000.0,645000,315000.0
ORD004813,2025-07-10,C0276,P004,R004,8,0.2,140000,98000,1120000,224000.0,896000.0,784000,112000.0
ORD000172,2025-07-10,C0010,P003,R003,5,0.08,160000,112000,800000,64000.0,736000.0,560000,176000.0
ORD002776,2025-07-11,C0107,P012,R008,4,0.05,125000,83000,500000,25000.0,475000.0,332000,143000.0
ORD004505,2025-07-11,C0227,P009,R009,3,0.02,130000,85000,390000,7800.0,382200.0,255000,127200.0
ORD006502,2025-07-11,C0169,P007,R002,1,0.08,180000,118000,180000,14400.0,165600.0,118000,47600.0
ORD005974,2025-07-11,C0119,P014,R006,3,0.02,18000,10500,54000,1080.0,52920.0,31500,21420.0
ORD007678,2025-07-11,C0029,P005,R006,2,0.05,120000,84000,240000,12000.0,228000.0,168000,60000.0
ORD003370,2025-07-11,C0282,P003,R003,2,0.1,160000,112000,320000,32000.0,288000.0,224000,64000.0
ORD004945,2025-07-11,C0292,P017,R011,2,0.0,75000,50000,150000,0.0,150000.0,100000,50000.0
ORD000359,2025-07-11,C0035,P001,R002,2,0.05,350000,245000,700000,35000.0,665000.0,490000,175000.0
ORD006798,2025-07-11,C0053,P018,R007,1,0.05,90000,62000,90000,4500.0,85500.0,62000,23500.0
ORD007178,2025-07-11,C0031,P014,R007,6,0.0,18000,10500,108000,0.0,108000.0,63000,45000.0
ORD004965,2025-07-11,C0006,P015,R010,5,0.02,35000,21000,175000,3500.0,171500.0,105000,66500.0
ORD000946,2025-07-11,C0020,P012,R007,2,0.05,125000,83000,250000,12500.0,237500.0,166000,71500.0
ORD000082,2025-07-11,C0250,P007,R006,6,0.1,180000,118000,1080000,108000.0,972000.0,708000,264000.0
ORD007256,2025-07-11,C0113,P008,R013,2,0.05,110000,72000,220000,11000.0,209000.0,144000,65000.0
ORD003646,2025-07-11,C0115,P018,R003,3,0.1,90000,62000,270000,27000.0,243000.0,186000,57000.0
ORD003639,2025-07-11,C0184,P004,R010,4,0.15,140000,98000,560000,84000.0,476000.0,392000,84000.0
ORD001551,2025-07-11,C0126,P013,R007,1,0.0,30000,18500,30000,0.0,30000.0,18500,11500.0
ORD006402,2025-07-11,C0251,P016,R008,4,0.0,55000,35000,220000,0.0,220000.0,140000,80000.0
ORD003395,2025-07-11,C0262,P014,R012,2,0.1,18000,10500,36000,3600.0,32400.0,21000,11400.0
ORD003543,2025-07-11,C0071,P008,R002,2,0.02,110000,72000,220000,4400.0,215600.0,144000,71600.0
ORD003097,2025-07-12,C0028,P020,R008,1,0.02,22000,13000,22000,440.0,21560.0,13000,8560.0
ORD002174,2025-07-12,C0229,P003,R011,2,0.0,160000,112000,320000,0.0,320000.0,224000,96000.0
ORD006608,2025-07-12,C0110,P017,R012,10,0.0,75000,50000,750000,0.0,750000.0,500000,250000.0
ORD003780,2025-07-12,C0206,P020,R012,4,0.05,22000,13000,88000,4400.0,83600.0,52000,31600.0
ORD006691,2025-07-12,C0075,P019,R007,5,0.15,45000,29000,225000,33750.0,191250.0,145000,46250.0
ORD004040,2025-07-12,C0098,P010,R003,5,0.02,320000,215000,1600000,32000.0,1568000.0,1075000,493000.0
ORD004697,2025-07-12,C0260,P020,R008,5,0.08,22000,13000,110000,8800.0,101200.0,65000,36200.0
ORD002792,2025-07-12,C0278,P018,R013,4,0.0,90000,62000,360000,0.0,360000.0,248000,112000.0
ORD005309,2025-07-12,C0146,P010,R011,1,0.08,320000,215000,320000,25600.0,294400.0,215000,79400.0
ORD001217,2025-07-12,C0050,P007,R005,5,0.05,180000,118000,900000,45000.0,855000.0,590000,265000.0
ORD002657,2025-07-12,C0120,P017,R006,2,0.02,75000,50000,150000,3000.0,147000.0,100000,47000.0
ORD005272,2025-07-12,C0218,P016,R001,2,0.08,55000,35000,110000,8800.0,101200.0,70000,31200.0
ORD003300,2025-07-12,C0014,P015,R011,5,0.15,35000,21000,175000,26250.0,148750.0,105000,43750.0
ORD002323,2025-07-13,C0047,P019,R007,5,0.2,45000,29000,225000,45000.0,180000.0,145000,35000.0
ORD003910,2025-07-13,C0189,P020,R013,2,0.08,22000,13000,44000,3520.0,40480.0,26000,14480.0
ORD005404,2025-07-13,C0243,P005,R005,1,0.02,120000,84000,120000,2400.0,117600.0,84000,33600.0
ORD003977,2025-07-13,C0247,P018,R003,4,0.1,90000,62000,360000,36000.0,324000.0,248000,76000.0
ORD003736,2025-07-13,C0125,P018,R009,2,0.1,90000,62000,180000,18000.0,162000.0,124000,38000.0
ORD003126,2025-07-13,C0244,P011,R008,2,0.05,85000,57000,170000,8500.0,161500.0,114000,47500.0
ORD007179,2025-07-13,C0290,P007,R008,3,0.02,180000,118000,540000,10800.0,529200.0,354000,175200.0
ORD000135,2025-07-13,C0221,P013,R011,3,0.05,30000,18500,90000,4500.0,85500.0,55500,30000.0
ORD002055,2025-07-13,C0121,P004,R003,1,0.0,140000,98000,140000,0.0,140000.0,98000,42000.0
ORD001048,2025-07-13,C0012,P017,R001,4,0.05,75000,50000,300000,15000.0,285000.0,200000,85000.0
ORD002301,2025-07-13,C0269,P011,R006,6,0.0,85000,57000,510000,0.0,510000.0,342000,168000.0
ORD005077,2025-07-13,C0113,P002,R003,1,0.0,220000,155000,220000,0.0,220000.0,155000,65000.0
ORD000413,2025-07-13,C0184,P011,R010,4,0.08,85000,57000,340000,27200.0,312800.0,228000,84800.0
ORD000592,2025-07-13,C0019,P013,R001,5,0.05,30000,18500,150000,7500.0,142500.0,92500,50000.0
ORD002751,2025-07-13,C0173,P015,R006,6,0.1,35000,21000,210000,21000.0,189000.0,126000,63000.0
ORD003601,2025-07-14,C0130,P015,R012,3,0.05,35000,21000,105000,5250.0,99750.0,63000,36750.0
ORD000310,2025-07-14,C0272,P004,R003,4,0.1,140000,98000,560000,56000.0,504000.0,392000,112000.0
ORD007479,2025-07-14,C0262,P013,R012,10,0.0,30000,18500,300000,0.0,300000.0,185000,115000.0
ORD000866,2025-07-14,C0259,P011,R001,2,0.05,85000,57000,170000,8500.0,161500.0,114000,47500.0
ORD004001,2025-07-14,C0232,P018,R004,8,0.0,90000,62000,720000,0.0,720000.0,496000,224000.0
ORD004274,2025-07-14,C0110,P003,R001,2,0.0,160000,112000,320000,0.0,320000.0,224000,96000.0
ORD005981,2025-07-14,C0022,P004,R004,3,0.15,140000,98000,420000,63000.0,357000.0,294000,63000.0
ORD003073,2025-07-14,C0113,P004,R004,1,0.02,140000,98000,140000,2800.0,137200.0,98000,39200.0
ORD003937,2025-07-14,C0133,P004,R010,3,0.08,140000,98000,420000,33600.0,386400.0,294000,92400.0
ORD000309,2025-07-14,C0171,P012,R009,4,0.15,125000,83000,500000,75000.0,425000.0,332000,93000.0
ORD003206,2025-07-14,C0196,P017,R006,2,0.1,75000,50000,150000,15000.0,135000.0,100000,35000.0
ORD002159,2025-07-14,C0050,P018,R002,4,0.02,90000,62000,360000,7200.0,352800.0,248000,104800.0
ORD003939,2025-07-14,C0028,P002,R007,6,0.05,220000,155000,1320000,66000.0,1254000.0,930000,324000.0
ORD002514,2025-07-14,C0251,P016,R002,3,0.08,55000,35000,165000,13200.0,151800.0,105000,46800.0
ORD003859,2025-07-14,C0234,P014,R006,6,0.08,18000,10500,108000,8640.0,99360.0,63000,36360.0
ORD007796,2025-07-14,C0225,P017,R013,2,0.05,75000,50000,150000,7500.0,142500.0,100000,42500.0
ORD006380,2025-07-14,C0124,P011,R004,1,0.05,85000,57000,85000,4250.0,80750.0,57000,23750.0
ORD005350,2025-07-15,C0036,P014,R004,4,0.0,18000,10500,72000,0.0,72000.0,42000,30000.0
ORD001426,2025-07-15,C0152,P014,R007,5,0.05,18000,10500,90000,4500.0,85500.0,52500,33000.0
ORD002172,2025-07-15,C0063,P009,R006,1,0.1,130000,85000,130000,13000.0,117000.0,85000,32000.0
ORD004226,2025-07-15,C0071,P011,R008,2,0.1,85000,57000,170000,17000.0,153000.0,114000,39000.0
ORD005428,2025-07-15,C0050,P018,R007,2,0.1,90000,62000,180000,18000.0,162000.0,124000,38000.0
ORD000942,2025-07-15,C0156,P020,R002,2,0.0,22000,13000,44000,0.0,44000.0,26000,18000.0
ORD007111,2025-07-15,C0272,P011,R011,4,0.05,85000,57000,340000,17000.0,323000.0,228000,95000.0
ORD003008,2025-07-15,C0189,P020,R001,2,0.05,22000,13000,44000,2200.0,41800.0,26000,15800.0
ORD001917,2025-07-15,C0077,P008,R013,3,0.0,110000,72000,330000,0.0,330000.0,216000,114000.0
ORD001803,2025-07-15,C0138,P020,R011,1,0.02,22000,13000,22000,440.0,21560.0,13000,8560.0
ORD000491,2025-07-15,C0300,P004,R013,2,0.0,140000,98000,280000,0.0,280000.0,196000,84000.0
ORD006588,2025-07-15,C0071,P012,R001,1,0.08,125000,83000,125000,10000.0,115000.0,83000,32000.0
ORD000072,2025-07-15,C0258,P004,R006,8,0.02,140000,98000,1120000,22400.0,1097600.0,784000,313600.0
ORD005352,2025-07-15,C0189,P015,R012,4,0.0,35000,21000,140000,0.0,140000.0,84000,56000.0
ORD006369,2025-07-16,C0086,P004,R013,1,0.05,140000,98000,140000,7000.0,133000.0,98000,35000.0
ORD006278,2025-07-16,C0138,P005,R010,1,0.15,120000,84000,120000,18000.0,102000.0,84000,18000.0
ORD004997,2025-07-16,C0072,P012,R001,10,0.15,125000,83000,1250000,187500.0,1062500.0,830000,232500.0
ORD003653,2025-07-16,C0224,P020,R003,2,0.1,22000,13000,44000,4400.0,39600.0,26000,13600.0
ORD004248,2025-07-16,C0171,P010,R005,3,0.05,320000,215000,960000,48000.0,912000.0,645000,267000.0
ORD003750,2025-07-16,C0226,P002,R011,5,0.02,220000,155000,1100000,22000.0,1078000.0,775000,303000.0
ORD005154,2025-07-16,C0192,P004,R009,2,0.15,140000,98000,280000,42000.0,238000.0,196000,42000.0
ORD004494,2025-07-16,C0300,P008,R003,8,0.02,110000,72000,880000,17600.0,862400.0,576000,286400.0
ORD002836,2025-07-16,C0247,P014,R011,2,0.0,18000,10500,36000,0.0,36000.0,21000,15000.0
ORD007598,2025-07-16,C0239,P007,R011,4,0.0,180000,118000,720000,0.0,720000.0,472000,248000.0
ORD007740,2025-07-16,C0213,P019,R007,5,0.0,45000,29000,225000,0.0,225000.0,145000,80000.0
ORD001837,2025-07-17,C0044,P005,R013,1,0.0,120000,84000,120000,0.0,120000.0,84000,36000.0
ORD005871,2025-07-17,C0098,P010,R003,1,0.05,320000,215000,320000,16000.0,304000.0,215000,89000.0
ORD000475,2025-07-17,C0069,P014,R002,2,0.1,18000,10500,36000,3600.0,32400.0,21000,11400.0
ORD005323,2025-07-17,C0280,P019,R005,2,0.0,45000,29000,90000,0.0,90000.0,58000,32000.0
ORD002411,2025-07-17,C0108,P001,R010,2,0.02,350000,245000,700000,14000.0,686000.0,490000,196000.0
ORD006127,2025-07-17,C0207,P003,R010,2,0.15,160000,112000,320000,48000.0,272000.0,224000,48000.0
ORD004707,2025-07-17,C0192,P012,R006,3,0.1,125000,83000,375000,37500.0,337500.0,249000,88500.0
ORD001761,2025-07-17,C0042,P001,R008,1,0.15,350000,245000,350000,52500.0,297500.0,245000,52500.0
ORD006710,2025-07-17,C0172,P017,R008,3,0.1,75000,50000,225000,22500.0,202500.0,150000,52500.0
ORD007365,2025-07-17,C0208,P018,R003,1,0.1,90000,62000,90000,9000.0,81000.0,62000,19000.0
ORD001180,2025-07-17,C0234,P005,R002,2,0.05,120000,84000,240000,12000.0,228000.0,168000,60000.0
ORD004774,2025-07-17,C0117,P016,R006,1,0.05,55000,35000,55000,2750.0,52250.0,35000,17250.0
ORD002755,2025-07-17,C0233,P019,R013,3,0.05,45000,29000,135000,6750.0,128250.0,87000,41250.0
ORD005994,2025-07-17,C0020,P013,R001,1,0.15,30000,18500,30000,4500.0,25500.0,18500,7000.0
ORD001810,2025-07-18,C0048,P002,R011,5,0.0,220000,155000,1100000,0.0,1100000.0,775000,325000.0
ORD004825,2025-07-18,C0015,P018,R001,3,0.15,90000,62000,270000,40500.0,229500.0,186000,43500.0
ORD007309,2025-07-18,C0179,P008,R009,2,0.08,110000,72000,220000,17600.0,202400.0,144000,58400.0
ORD004913,2025-07-18,C0088,P005,R003,2,0.05,120000,84000,240000,12000.0,228000.0,168000,60000.0
ORD004488,2025-07-18,C0137,P002,R006,2,0.02,220000,155000,440000,8800.0,431200.0,310000,121200.0
ORD005207,2025-07-18,C0097,P009,R007,2,0.0,130000,85000,260000,0.0,260000.0,170000,90000.0
ORD002536,2025-07-18,C0067,P008,R012,6,0.0,110000,72000,660000,0.0,660000.0,432000,228000.0
ORD002666,2025-07-18,C0052,P016,R002,2,0.0,55000,35000,110000,0.0,110000.0,70000,40000.0
ORD001004,2025-07-18,C0276,P019,R013,8,0.0,45000,29000,360000,0.0,360000.0,232000,128000.0
ORD006341,2025-07-18,C0279,P004,R009,5,0.08,140000,98000,700000,56000.0,644000.0,490000,154000.0
ORD003116,2025-07-18,C0180,P010,R010,2,0.05,320000,215000,640000,32000.0,608000.0,430000,178000.0
ORD007050,2025-07-18,C0006,P019,R006,2,0.08,45000,29000,90000,7200.0,82800.0,58000,24800.0
ORD005637,2025-07-18,C0252,P020,R013,3,0.02,22000,13000,66000,1320.0,64680.0,39000,25680.0
ORD001573,2025-07-19,C0291,P001,R003,4,0.0,350000,245000,1400000,0.0,1400000.0,980000,420000.0
ORD000747,2025-07-19,C0119,P016,R012,4,0.0,55000,35000,220000,0.0,220000.0,140000,80000.0
ORD005166,2025-07-19,C0096,P010,R001,5,0.02,320000,215000,1600000,32000.0,1568000.0,1075000,493000.0
ORD006052,2025-07-19,C0044,P007,R007,3,0.05,180000,118000,540000,27000.0,513000.0,354000,159000.0
ORD005392,2025-07-19,C0022,P006,R005,4,0.1,95000,62000,380000,38000.0,342000.0,248000,94000.0
ORD007605,2025-07-19,C0248,P007,R012,3,0.02,180000,118000,540000,10800.0,529200.0,354000,175200.0
ORD004068,2025-07-19,C0030,P010,R003,2,0.0,320000,215000,640000,0.0,640000.0,430000,210000.0
ORD007779,2025-07-19,C0287,P007,R002,1,0.0,180000,118000,180000,0.0,180000.0,118000,62000.0
ORD006548,2025-07-19,C0232,P011,R005,6,0.02,85000,57000,510000,10200.0,499800.0,342000,157800.0
ORD004561,2025-07-19,C0237,P009,R009,4,0.05,130000,85000,520000,26000.0,494000.0,340000,154000.0
ORD001564,2025-07-19,C0110,P010,R008,4,0.02,320000,215000,1280000,25600.0,1254400.0,860000,394400.0
ORD005640,2025-07-19,C0034,P019,R010,5,0.15,45000,29000,225000,33750.0,191250.0,145000,46250.0
ORD004902,2025-07-19,C0171,P011,R001,1,0.05,85000,57000,85000,4250.0,80750.0,57000,23750.0
ORD002212,2025-07-20,C0041,P017,R005,4,0.08,75000,50000,300000,24000.0,276000.0,200000,76000.0
ORD002026,2025-07-20,C0076,P009,R009,4,0.08,130000,85000,520000,41600.0,478400.0,340000,138400.0
ORD006814,2025-07-20,C0295,P004,R008,5,0.1,140000,98000,700000,70000.0,630000.0,490000,140000.0
ORD007747,2025-07-20,C0060,P002,R005,4,0.05,220000,155000,880000,44000.0,836000.0,620000,216000.0
ORD000214,2025-07-20,C0250,P017,R008,2,0.1,75000,50000,150000,15000.0,135000.0,100000,35000.0
ORD003160,2025-07-20,C0046,P002,R004,1,0.05,220000,155000,220000,11000.0,209000.0,155000,54000.0
ORD000714,2025-07-20,C0061,P010,R004,4,0.0,320000,215000,1280000,0.0,1280000.0,860000,420000.0
ORD005327,2025-07-20,C0148,P003,R012,4,0.1,160000,112000,640000,64000.0,576000.0,448000,128000.0
ORD000662,2025-07-20,C0225,P008,R011,1,0.2,110000,72000,110000,22000.0,88000.0,72000,16000.0
ORD003967,2025-07-20,C0077,P001,R009,4,0.05,350000,245000,1400000,70000.0,1330000.0,980000,350000.0
ORD001957,2025-07-20,C0188,P008,R003,1,0.05,110000,72000,110000,5500.0,104500.0,72000,32500.0
ORD003510,2025-07-20,C0078,P015,R011,4,0.08,35000,21000,140000,11200.0,128800.0,84000,44800.0
ORD003427,2025-07-20,C0070,P020,R011,1,0.08,22000,13000,22000,1760.0,20240.0,13000,7240.0
ORD003741,2025-07-20,C0153,P012,R005,2,0.0,125000,83000,250000,0.0,250000.0,166000,84000.0
ORD006918,2025-07-20,C0013,P008,R010,1,0.08,110000,72000,110000,8800.0,101200.0,72000,29200.0
ORD004029,2025-07-20,C0104,P019,R007,2,0.0,45000,29000,90000,0.0,90000.0,58000,32000.0
ORD002320,2025-07-20,C0140,P012,R011,10,0.15,125000,83000,1250000,187500.0,1062500.0,830000,232500.0
ORD000543,2025-07-21,C0081,P014,R010,6,0.2,18000,10500,108000,21600.0,86400.0,63000,23400.0
ORD002855,2025-07-21,C0049,P002,R002,1,0.15,220000,155000,220000,33000.0,187000.0,155000,32000.0
ORD003765,2025-07-21,C0023,P006,R009,4,0.05,95000,62000,380000,19000.0,361000.0,248000,113000.0
ORD006648,2025-07-21,C0107,P016,R006,3,0.05,55000,35000,165000,8250.0,156750.0,105000,51750.0
ORD006669,2025-07-21,C0225,P011,R011,2,0.05,85000,57000,170000,8500.0,161500.0,114000,47500.0
ORD002734,2025-07-21,C0049,P001,R010,1,0.02,350000,245000,350000,7000.0,343000.0,245000,98000.0
ORD001720,2025-07-21,C0110,P016,R011,2,0.05,55000,35000,110000,5500.0,104500.0,70000,34500.0
ORD001337,2025-07-21,C0206,P014,R005,1,0.0,18000,10500,18000,0.0,18000.0,10500,7500.0
ORD006807,2025-07-21,C0009,P011,R004,3,0.0,85000,57000,255000,0.0,255000.0,171000,84000.0
ORD002176,2025-07-21,C0018,P011,R009,2,0.0,85000,57000,170000,0.0,170000.0,114000,56000.0
ORD007983,2025-07-21,C0202,P013,R013,4,0.1,30000,18500,120000,12000.0,108000.0,74000,34000.0
ORD002120,2025-07-21,C0003,P018,R006,2,0.02,90000,62000,180000,3600.0,176400.0,124000,52400.0
ORD006103,2025-07-21,C0094,P011,R006,1,0.0,85000,57000,85000,0.0,85000.0,57000,28000.0
ORD001807,2025-07-22,C0049,P009,R008,2,0.05,130000,85000,260000,13000.0,247000.0,170000,77000.0
ORD007484,2025-07-22,C0077,P003,R011,3,0.0,160000,112000,480000,0.0,480000.0,336000,144000.0
ORD006713,2025-07-22,C0169,P017,R012,1,0.0,75000,50000,75000,0.0,75000.0,50000,25000.0
ORD004184,2025-07-22,C0209,P016,R006,8,0.0,55000,35000,440000,0.0,440000.0,280000,160000.0
ORD006668,2025-07-22,C0082,P013,R010,1,0.05,30000,18500,30000,1500.0,28500.0,18500,10000.0
ORD000183,2025-07-22,C0229,P002,R006,1,0.1,220000,155000,220000,22000.0,198000.0,155000,43000.0
ORD003645,2025-07-22,C0261,P009,R011,1,0.0,130000,85000,130000,0.0,130000.0,85000,45000.0
ORD002953,2025-07-22,C0226,P008,R006,8,0.15,110000,72000,880000,132000.0,748000.0,576000,172000.0
ORD001648,2025-07-22,C0111,P001,R005,5,0.05,350000,245000,1750000,87500.0,1662500.0,1225000,437500.0
ORD002007,2025-07-22,C0018,P017,R001,4,0.08,75000,50000,300000,24000.0,276000.0,200000,76000.0
ORD005578,2025-07-22,C0042,P018,R010,2,0.08,90000,62000,180000,14400.0,165600.0,124000,41600.0
ORD007628,2025-07-22,C0186,P019,R011,1,0.0,45000,29000,45000,0.0,45000.0,29000,16000.0
ORD007318,2025-07-22,C0131,P012,R004,8,0.15,125000,83000,1000000,150000.0,850000.0,664000,186000.0
ORD005349,2025-07-23,C0020,P009,R008,1,0.02,130000,85000,130000,2600.0,127400.0,85000,42400.0
ORD005109,2025-07-23,C0014,P002,R008,2,0.0,220000,155000,440000,0.0,440000.0,310000,130000.0
ORD003218,2025-07-23,C0012,P017,R002,8,0.08,75000,50000,600000,48000.0,552000.0,400000,152000.0
ORD005689,2025-07-23,C0105,P010,R002,5,0.1,320000,215000,1600000,160000.0,1440000.0,1075000,365000.0
ORD002866,2025-07-23,C0078,P013,R005,6,0.05,30000,18500,180000,9000.0,171000.0,111000,60000.0
ORD005403,2025-07-23,C0130,P015,R004,1,0.1,35000,21000,35000,3500.0,31500.0,21000,10500.0
ORD006539,2025-07-23,C0028,P005,R007,3,0.15,120000,84000,360000,54000.0,306000.0,252000,54000.0
ORD004053,2025-07-23,C0178,P014,R006,1,0.05,18000,10500,18000,900.0,17100.0,10500,6600.0
ORD002187,2025-07-23,C0223,P010,R011,6,0.15,320000,215000,1920000,288000.0,1632000.0,1290000,342000.0
ORD000033,2025-07-23,C0257,P008,R009,2,0.0,110000,72000,220000,0.0,220000.0,144000,76000.0
ORD005837,2025-07-23,C0007,P015,R012,2,0.0,35000,21000,70000,0.0,70000.0,42000,28000.0
ORD001165,2025-07-23,C0282,P006,R004,2,0.1,95000,62000,190000,19000.0,171000.0,124000,47000.0
ORD007197,2025-07-23,C0250,P005,R009,5,0.05,120000,84000,600000,30000.0,570000.0,420000,150000.0
ORD006452,2025-07-23,C0002,P018,R012,2,0.0,90000,62000,180000,0.0,180000.0,124000,56000.0
ORD007696,2025-07-23,C0061,P018,R005,4,0.15,90000,62000,360000,54000.0,306000.0,248000,58000.0
ORD007423,2025-07-23,C0282,P020,R012,3,0.0,22000,13000,66000,0.0,66000.0,39000,27000.0
ORD002300,2025-07-23,C0238,P013,R008,5,0.02,30000,18500,150000,3000.0,147000.0,92500,54500.0
ORD007003,2025-07-24,C0032,P012,R005,6,0.08,125000,83000,750000,60000.0,690000.0,498000,192000.0
ORD002519,2025-07-24,C0258,P008,R011,2,0.02,110000,72000,220000,4400.0,215600.0,144000,71600.0
ORD007476,2025-07-24,C0143,P018,R011,5,0.0,90000,62000,450000,0.0,450000.0,310000,140000.0
ORD006044,2025-07-24,C0031,P003,R001,1,0.05,160000,112000,160000,8000.0,152000.0,112000,40000.0
ORD003082,2025-07-24,C0184,P020,R010,3,0.0,22000,13000,66000,0.0,66000.0,39000,27000.0
ORD004872,2025-07-24,C0015,P005,R013,1,0.0,120000,84000,120000,0.0,120000.0,84000,36000.0
ORD007366,2025-07-24,C0083,P014,R002,2,0.05,18000,10500,36000,1800.0,34200.0,21000,13200.0
ORD004929,2025-07-24,C0262,P015,R009,2,0.1,35000,21000,70000,7000.0,63000.0,42000,21000.0
ORD002990,2025-07-24,C0038,P012,R011,8,0.15,125000,83000,1000000,150000.0,850000.0,664000,186000.0
ORD002386,2025-07-24,C0279,P009,R009,3,0.05,130000,85000,390000,19500.0,370500.0,255000,115500.0
ORD001798,2025-07-24,C0259,P017,R002,6,0.0,75000,50000,450000,0.0,450000.0,300000,150000.0
ORD006367,2025-07-24,C0153,P020,R012,10,0.02,22000,13000,220000,4400.0,215600.0,130000,85600.0
ORD000299,2025-07-24,C0187,P016,R012,1,0.0,55000,35000,55000,0.0,55000.0,35000,20000.0
ORD004759,2025-07-25,C0090,P008,R006,5,0.08,110000,72000,550000,44000.0,506000.0,360000,146000.0
ORD003465,2025-07-25,C0275,P019,R005,5,0.0,45000,29000,225000,0.0,225000.0,145000,80000.0
ORD003141,2025-07-25,C0227,P006,R008,5,0.05,95000,62000,475000,23750.0,451250.0,310000,141250.0
ORD002811,2025-07-25,C0133,P002,R001,10,0.08,220000,155000,2200000,176000.0,2024000.0,1550000,474000.0
ORD006246,2025-07-25,C0293,P006,R008,4,0.02,95000,62000,380000,7600.0,372400.0,248000,124400.0
ORD001184,2025-07-25,C0109,P011,R005,5,0.1,85000,57000,425000,42500.0,382500.0,285000,97500.0
ORD004018,2025-07-25,C0049,P004,R001,4,0.05,140000,98000,560000,28000.0,532000.0,392000,140000.0
ORD001454,2025-07-25,C0103,P013,R007,6,0.05,30000,18500,180000,9000.0,171000.0,111000,60000.0
ORD002722,2025-07-25,C0299,P008,R004,4,0.15,110000,72000,440000,66000.0,374000.0,288000,86000.0
ORD003993,2025-07-25,C0058,P011,R005,2,0.05,85000,57000,170000,8500.0,161500.0,114000,47500.0
ORD005247,2025-07-25,C0127,P019,R008,1,0.05,45000,29000,45000,2250.0,42750.0,29000,13750.0
ORD004492,2025-07-25,C0148,P018,R011,4,0.0,90000,62000,360000,0.0,360000.0,248000,112000.0
ORD003059,2025-07-25,C0154,P010,R006,6,0.05,320000,215000,1920000,96000.0,1824000.0,1290000,534000.0
ORD001011,2025-07-25,C0013,P013,R005,1,0.15,30000,18500,30000,4500.0,25500.0,18500,7000.0
ORD003213,2025-07-26,C0271,P004,R013,1,0.05,140000,98000,140000,7000.0,133000.0,98000,35000.0
ORD005191,2025-07-26,C0074,P010,R011,2,0.02,320000,215000,640000,12800.0,627200.0,430000,197200.0
ORD003103,2025-07-26,C0203,P008,R008,1,0.2,110000,72000,110000,22000.0,88000.0,72000,16000.0
ORD003311,2025-07-26,C0257,P005,R011,6,0.05,120000,84000,720000,36000.0,684000.0,504000,180000.0
ORD003261,2025-07-26,C0245,P002,R004,2,0.0,220000,155000,440000,0.0,440000.0,310000,130000.0
ORD004077,2025-07-26,C0215,P001,R003,3,0.08,350000,245000,1050000,84000.0,966000.0,735000,231000.0
ORD003194,2025-07-26,C0270,P005,R006,4,0.08,120000,84000,480000,38400.0,441600.0,336000,105600.0
ORD007347,2025-07-26,C0209,P005,R010,4,0.2,120000,84000,480000,96000.0,384000.0,336000,48000.0
ORD003347,2025-07-26,C0144,P010,R002,2,0.0,320000,215000,640000,0.0,640000.0,430000,210000.0
ORD005236,2025-07-26,C0042,P007,R010,3,0.02,180000,118000,540000,10800.0,529200.0,354000,175200.0
ORD007774,2025-07-26,C0112,P013,R007,3,0.02,30000,18500,90000,1800.0,88200.0,55500,32700.0
ORD007152,2025-07-26,C0120,P020,R010,5,0.02,22000,13000,110000,2200.0,107800.0,65000,42800.0
ORD001972,2025-07-26,C0106,P008,R007,1,0.08,110000,72000,110000,8800.0,101200.0,72000,29200.0
ORD002995,2025-07-26,C0260,P014,R009,1,0.0,18000,10500,18000,0.0,18000.0,10500,7500.0
ORD004735,2025-07-26,C0058,P009,R007,6,0.15,130000,85000,780000,117000.0,663000.0,510000,153000.0
ORD001099,2025-07-26,C0208,P007,R012,2,0.02,180000,118000,360000,7200.0,352800.0,236000,116800.0
ORD000270,2025-07-26,C0139,P015,R011,5,0.15,35000,21000,175000,26250.0,148750.0,105000,43750.0
ORD005713,2025-07-26,C0122,P019,R010,1,0.02,45000,29000,45000,900.0,44100.0,29000,15100.0
ORD005627,2025-07-27,C0032,P007,R006,1,0.08,180000,118000,180000,14400.0,165600.0,118000,47600.0
ORD000997,2025-07-27,C0152,P018,R004,5,0.05,90000,62000,450000,22500.0,427500.0,310000,117500.0
ORD004289,2025-07-27,C0172,P009,R008,1,0.02,130000,85000,130000,2600.0,127400.0,85000,42400.0
ORD006466,2025-07-27,C0017,P004,R003,10,0.1,140000,98000,1400000,140000.0,1260000.0,980000,280000.0
ORD006745,2025-07-27,C0123,P001,R012,3,0.15,350000,245000,1050000,157500.0,892500.0,735000,157500.0
ORD003266,2025-07-27,C0027,P007,R007,2,0.08,180000,118000,360000,28800.0,331200.0,236000,95200.0
ORD002870,2025-07-27,C0244,P012,R011,3,0.0,125000,83000,375000,0.0,375000.0,249000,126000.0
ORD006068,2025-07-27,C0232,P011,R001,1,0.0,85000,57000,85000,0.0,85000.0,57000,28000.0
ORD001395,2025-07-27,C0245,P003,R012,2,0.08,160000,112000,320000,25600.0,294400.0,224000,70400.0
ORD006842,2025-07-27,C0151,P013,R013,2,0.05,30000,18500,60000,3000.0,57000.0,37000,20000.0
ORD007332,2025-07-27,C0150,P020,R004,1,0.0,22000,13000,22000,0.0,22000.0,13000,9000.0
ORD007770,2025-07-27,C0240,P001,R007,4,0.0,350000,245000,1400000,0.0,1400000.0,980000,420000.0
ORD001073,2025-07-27,C0250,P020,R009,8,0.0,22000,13000,176000,0.0,176000.0,104000,72000.0
ORD007692,2025-07-27,C0090,P015,R007,1,0.15,35000,21000,35000,5250.0,29750.0,21000,8750.0
ORD003676,2025-07-27,C0149,P007,R003,5,0.15,180000,118000,900000,135000.0,765000.0,590000,175000.0
ORD004810,2025-07-28,C0253,P003,R011,2,0.08,160000,112000,320000,25600.0,294400.0,224000,70400.0
ORD002399,2025-07-28,C0205,P006,R003,10,0.08,95000,62000,950000,76000.0,874000.0,620000,254000.0
ORD006561,2025-07-28,C0162,P004,R005,6,0.02,140000,98000,840000,16800.0,823200.0,588000,235200.0
ORD004459,2025-07-28,C0270,P018,R007,2,0.02,90000,62000,180000,3600.0,176400.0,124000,52400.0
ORD003674,2025-07-28,C0178,P007,R007,8,0.15,180000,118000,1440000,216000.0,1224000.0,944000,280000.0
ORD004498,2025-07-28,C0255,P004,R012,5,0.0,140000,98000,700000,0.0,700000.0,490000,210000.0
ORD007105,2025-07-28,C0108,P014,R012,5,0.02,18000,10500,90000,1800.0,88200.0,52500,35700.0
ORD005361,2025-07-28,C0238,P009,R012,2,0.05,130000,85000,260000,13000.0,247000.0,170000,77000.0
ORD001702,2025-07-28,C0118,P018,R002,1,0.05,90000,62000,90000,4500.0,85500.0,62000,23500.0
ORD005695,2025-07-28,C0235,P011,R008,3,0.0,85000,57000,255000,0.0,255000.0,171000,84000.0
ORD000656,2025-07-28,C0045,P016,R011,2,0.02,55000,35000,110000,2200.0,107800.0,70000,37800.0
ORD001384,2025-07-28,C0026,P010,R004,3,0.15,320000,215000,960000,144000.0,816000.0,645000,171000.0
ORD007135,2025-07-28,C0050,P014,R013,6,0.08,18000,10500,108000,8640.0,99360.0,63000,36360.0
ORD004579,2025-07-28,C0013,P008,R010,1,0.05,110000,72000,110000,5500.0,104500.0,72000,32500.0
ORD004625,2025-07-28,C0166,P013,R003,2,0.15,30000,18500,60000,9000.0,51000.0,37000,14000.0
ORD005947,2025-07-29,C0051,P009,R009,4,0.15,130000,85000,520000,78000.0,442000.0,340000,102000.0
ORD002571,2025-07-29,C0006,P015,R012,3,0.05,35000,21000,105000,5250.0,99750.0,63000,36750.0
ORD003578,2025-07-29,C0023,P018,R005,3,0.0,90000,62000,270000,0.0,270000.0,186000,84000.0
ORD007263,2025-07-29,C0255,P001,R003,1,0.0,350000,245000,350000,0.0,350000.0,245000,105000.0
ORD001973,2025-07-29,C0133,P011,R002,3,0.1,85000,57000,255000,25500.0,229500.0,171000,58500.0
ORD005357,2025-07-29,C0097,P001,R003,5,0.15,350000,245000,1750000,262500.0,1487500.0,1225000,262500.0
ORD005595,2025-07-29,C0239,P020,R005,10,0.0,22000,13000,220000,0.0,220000.0,130000,90000.0
ORD002123,2025-07-29,C0090,P005,R008,6,0.1,120000,84000,720000,72000.0,648000.0,504000,144000.0
ORD002815,2025-07-29,C0116,P018,R005,6,0.15,90000,62000,540000,81000.0,459000.0,372000,87000.0
ORD001887,2025-07-29,C0238,P011,R007,1,0.08,85000,57000,85000,6800.0,78200.0,57000,21200.0
ORD000551,2025-07-29,C0249,P015,R009,4,0.02,35000,21000,140000,2800.0,137200.0,84000,53200.0
ORD006292,2025-07-29,C0030,P016,R009,2,0.15,55000,35000,110000,16500.0,93500.0,70000,23500.0
ORD000953,2025-07-29,C0039,P003,R005,4,0.0,160000,112000,640000,0.0,640000.0,448000,192000.0
ORD006979,2025-07-29,C0029,P011,R005,2,0.02,85000,57000,170000,3400.0,166600.0,114000,52600.0
ORD000520,2025-07-29,C0178,P014,R010,2,0.1,18000,10500,36000,3600.0,32400.0,21000,11400.0
ORD002438,2025-07-29,C0179,P015,R005,4,0.05,35000,21000,140000,7000.0,133000.0,84000,49000.0
ORD005084,2025-07-29,C0010,P007,R009,1,0.02,180000,118000,180000,3600.0,176400.0,118000,58400.0
ORD006490,2025-07-29,C0282,P013,R005,4,0.0,30000,18500,120000,0.0,120000.0,74000,46000.0
ORD007781,2025-07-29,C0281,P001,R010,5,0.05,350000,245000,1750000,87500.0,1662500.0,1225000,437500.0
ORD007193,2025-07-29,C0010,P012,R002,3,0.15,125000,83000,375000,56250.0,318750.0,249000,69750.0
ORD003431,2025-07-30,C0138,P002,R010,1,0.08,220000,155000,220000,17600.0,202400.0,155000,47400.0
ORD003170,2025-07-30,C0045,P001,R007,2,0.08,350000,245000,700000,56000.0,644000.0,490000,154000.0
ORD001709,2025-07-30,C0111,P005,R009,2,0.1,120000,84000,240000,24000.0,216000.0,168000,48000.0
ORD003598,2025-07-30,C0009,P016,R003,6,0.15,55000,35000,330000,49500.0,280500.0,210000,70500.0
ORD007274,2025-07-30,C0060,P002,R005,2,0.02,220000,155000,440000,8800.0,431200.0,310000,121200.0
ORD003279,2025-07-30,C0084,P008,R005,2,0.15,110000,72000,220000,33000.0,187000.0,144000,43000.0
ORD001926,2025-07-30,C0116,P009,R013,1,0.05,130000,85000,130000,6500.0,123500.0,85000,38500.0
ORD007904,2025-07-30,C0098,P001,R011,3,0.15,350000,245000,1050000,157500.0,892500.0,735000,157500.0
ORD001589,2025-07-30,C0003,P018,R002,4,0.2,90000,62000,360000,72000.0,288000.0,248000,40000.0
ORD005331,2025-07-30,C0240,P010,R006,5,0.1,320000,215000,1600000,160000.0,1440000.0,1075000,365000.0
ORD005368,2025-07-30,C0198,P011,R002,4,0.08,85000,57000,340000,27200.0,312800.0,228000,84800.0
ORD006195,2025-07-30,C0007,P020,R008,3,0.2,22000,13000,66000,13200.0,52800.0,39000,13800.0
ORD004067,2025-07-30,C0268,P002,R004,2,0.15,220000,155000,440000,66000.0,374000.0,310000,64000.0
ORD001740,2025-07-30,C0156,P006,R010,1,0.0,95000,62000,95000,0.0,95000.0,62000,33000.0
ORD007310,2025-07-30,C0267,P005,R011,10,0.2,120000,84000,1200000,240000.0,960000.0,840000,120000.0
ORD006794,2025-07-30,C0206,P008,R002,3,0.15,110000,72000,330000,49500.0,280500.0,216000,64500.0
ORD005781,2025-07-30,C0104,P012,R005,2,0.08,125000,83000,250000,20000.0,230000.0,166000,64000.0
ORD004075,2025-07-30,C0179,P002,R001,4,0.02,220000,155000,880000,17600.0,862400.0,620000,242400.0
ORD005891,2025-07-30,C0003,P009,R011,3,0.05,130000,85000,390000,19500.0,370500.0,255000,115500.0
ORD004775,2025-07-30,C0093,P004,R004,3,0.02,140000,98000,420000,8400.0,411600.0,294000,117600.0
ORD000371,2025-07-31,C0212,P013,R010,3,0.0,30000,18500,90000,0.0,90000.0,55500,34500.0
ORD005012,2025-07-31,C0194,P015,R011,5,0.02,35000,21000,175000,3500.0,171500.0,105000,66500.0
ORD004054,2025-07-31,C0136,P017,R010,4,0.02,75000,50000,300000,6000.0,294000.0,200000,94000.0
ORD003766,2025-07-31,C0104,P004,R011,4,0.15,140000,98000,560000,84000.0,476000.0,392000,84000.0
ORD002708,2025-07-31,C0013,P015,R010,8,0.08,35000,21000,280000,22400.0,257600.0,168000,89600.0
ORD004721,2025-07-31,C0269,P011,R013,1,0.02,85000,57000,85000,1700.0,83300.0,57000,26300.0
ORD006054,2025-07-31,C0064,P008,R013,2,0.02,110000,72000,220000,4400.0,215600.0,144000,71600.0
ORD006519,2025-07-31,C0110,P013,R012,3,0.0,30000,18500,90000,0.0,90000.0,55500,34500.0
ORD005694,2025-07-31,C0197,P005,R012,1,0.1,120000,84000,120000,12000.0,108000.0,84000,24000.0
ORD003342,2025-07-31,C0193,P012,R010,5,0.0,125000,83000,625000,0.0,625000.0,415000,210000.0
ORD002940,2025-07-31,C0171,P017,R010,4,0.05,75000,50000,300000,15000.0,285000.0,200000,85000.0
ORD007000,2025-08-01,C0079,P017,R003,10,0.08,75000,50000,750000,60000.0,690000.0,500000,190000.0
ORD007771,2025-08-01,C0019,P020,R005,2,0.05,22000,13000,44000,2200.0,41800.0,26000,15800.0
ORD003026,2025-08-01,C0137,P019,R011,1,0.05,45000,29000,45000,2250.0,42750.0,29000,13750.0
ORD002731,2025-08-01,C0231,P014,R007,1,0.02,18000,10500,18000,360.0,17640.0,10500,7140.0
ORD006540,2025-08-01,C0160,P019,R007,8,0.1,45000,29000,360000,36000.0,324000.0,232000,92000.0
ORD001655,2025-08-01,C0036,P003,R008,3,0.02,160000,112000,480000,9600.0,470400.0,336000,134400.0
ORD006307,2025-08-01,C0123,P006,R008,10,0.0,95000,62000,950000,0.0,950000.0,620000,330000.0
ORD007548,2025-08-01,C0269,P005,R011,6,0.02,120000,84000,720000,14400.0,705600.0,504000,201600.0
ORD005063,2025-08-01,C0218,P012,R008,2,0.05,125000,83000,250000,12500.0,237500.0,166000,71500.0
ORD001534,2025-08-01,C0118,P008,R008,1,0.0,110000,72000,110000,0.0,110000.0,72000,38000.0
ORD006728,2025-08-01,C0237,P006,R007,2,0.1,95000,62000,190000,19000.0,171000.0,124000,47000.0
ORD001531,2025-08-01,C0003,P010,R009,2,0.0,320000,215000,640000,0.0,640000.0,430000,210000.0
ORD001860,2025-08-01,C0289,P008,R006,5,0.1,110000,72000,550000,55000.0,495000.0,360000,135000.0
ORD000182,2025-08-01,C0062,P005,R011,3,0.15,120000,84000,360000,54000.0,306000.0,252000,54000.0
ORD002140,2025-08-01,C0238,P004,R012,8,0.05,140000,98000,1120000,56000.0,1064000.0,784000,280000.0
ORD006799,2025-08-02,C0199,P015,R002,6,0.0,35000,21000,210000,0.0,210000.0,126000,84000.0
ORD002991,2025-08-02,C0221,P016,R002,1,0.2,55000,35000,55000,11000.0,44000.0,35000,9000.0
ORD005446,2025-08-02,C0219,P005,R006,1,0.05,120000,84000,120000,6000.0,114000.0,84000,30000.0
ORD005226,2025-08-02,C0160,P009,R004,4,0.0,130000,85000,520000,0.0,520000.0,340000,180000.0
ORD001035,2025-08-02,C0158,P008,R010,3,0.0,110000,72000,330000,0.0,330000.0,216000,114000.0
ORD000330,2025-08-02,C0008,P011,R010,3,0.08,85000,57000,255000,20400.0,234600.0,171000,63600.0
ORD007728,2025-08-02,C0151,P003,R010,3,0.15,160000,112000,480000,72000.0,408000.0,336000,72000.0
ORD002512,2025-08-02,C0008,P002,R013,1,0.02,220000,155000,220000,4400.0,215600.0,155000,60600.0
ORD002249,2025-08-02,C0164,P006,R007,1,0.02,95000,62000,95000,1900.0,93100.0,62000,31100.0
ORD002061,2025-08-02,C0275,P012,R002,2,0.08,125000,83000,250000,20000.0,230000.0,166000,64000.0
ORD006174,2025-08-02,C0141,P004,R003,1,0.0,140000,98000,140000,0.0,140000.0,98000,42000.0
ORD006067,2025-08-02,C0030,P002,R003,4,0.05,220000,155000,880000,44000.0,836000.0,620000,216000.0
ORD003818,2025-08-02,C0250,P004,R004,3,0.05,140000,98000,420000,21000.0,399000.0,294000,105000.0
ORD006235,2025-08-02,C0294,P008,R011,2,0.05,110000,72000,220000,11000.0,209000.0,144000,65000.0
ORD007427,2025-08-02,C0299,P018,R013,5,0.1,90000,62000,450000,45000.0,405000.0,310000,95000.0
ORD004369,2025-08-02,C0152,P005,R003,5,0.02,120000,84000,600000,12000.0,588000.0,420000,168000.0
ORD005527,2025-08-02,C0080,P001,R010,4,0.02,350000,245000,1400000,28000.0,1372000.0,980000,392000.0
ORD001858,2025-08-02,C0219,P013,R003,8,0.08,30000,18500,240000,19200.0,220800.0,148000,72800.0
ORD006213,2025-08-02,C0163,P006,R002,5,0.02,95000,62000,475000,9500.0,465500.0,310000,155500.0
ORD004994,2025-08-02,C0069,P018,R001,2,0.1,90000,62000,180000,18000.0,162000.0,124000,38000.0
ORD002356,2025-08-03,C0080,P011,R003,5,0.02,85000,57000,425000,8500.0,416500.0,285000,131500.0
ORD005178,2025-08-03,C0192,P017,R011,5,0.0,75000,50000,375000,0.0,375000.0,250000,125000.0
ORD005208,2025-08-03,C0052,P004,R010,1,0.15,140000,98000,140000,21000.0,119000.0,98000,21000.0
ORD002845,2025-08-03,C0280,P009,R006,8,0.02,130000,85000,1040000,20800.0,1019200.0,680000,339200.0
ORD002843,2025-08-03,C0224,P015,R006,3,0.15,35000,21000,105000,15750.0,89250.0,63000,26250.0
ORD007177,2025-08-03,C0200,P007,R003,1,0.05,180000,118000,180000,9000.0,171000.0,118000,53000.0
ORD006891,2025-08-03,C0192,P001,R004,1,0.0,350000,245000,350000,0.0,350000.0,245000,105000.0
ORD006005,2025-08-03,C0246,P003,R004,3,0.0,160000,112000,480000,0.0,480000.0,336000,144000.0
ORD005976,2025-08-03,C0191,P002,R003,3,0.02,220000,155000,660000,13200.0,646800.0,465000,181800.0
ORD003336,2025-08-03,C0074,P010,R003,1,0.0,320000,215000,320000,0.0,320000.0,215000,105000.0
ORD004112,2025-08-03,C0273,P001,R003,4,0.0,350000,245000,1400000,0.0,1400000.0,980000,420000.0
ORD005725,2025-08-03,C0129,P002,R005,2,0.05,220000,155000,440000,22000.0,418000.0,310000,108000.0
ORD004536,2025-08-03,C0021,P010,R002,10,0.05,320000,215000,3200000,160000.0,3040000.0,2150000,890000.0
ORD000577,2025-08-03,C0045,P015,R003,2,0.15,35000,21000,70000,10500.0,59500.0,42000,17500.0
ORD006822,2025-08-03,C0072,P015,R011,2,0.1,35000,21000,70000,7000.0,63000.0,42000,21000.0
ORD000123,2025-08-03,C0149,P011,R002,3,0.1,85000,57000,255000,25500.0,229500.0,171000,58500.0
ORD004828,2025-08-03,C0240,P020,R004,5,0.05,22000,13000,110000,5500.0,104500.0,65000,39500.0
ORD005917,2025-08-04,C0038,P015,R009,2,0.15,35000,21000,70000,10500.0,59500.0,42000,17500.0
ORD000347,2025-08-04,C0287,P015,R007,2,0.08,35000,21000,70000,5600.0,64400.0,42000,22400.0
ORD002554,2025-08-04,C0126,P011,R005,2,0.2,85000,57000,170000,34000.0,136000.0,114000,22000.0
ORD000742,2025-08-04,C0277,P020,R010,3,0.2,22000,13000,66000,13200.0,52800.0,39000,13800.0
ORD000856,2025-08-04,C0072,P005,R002,1,0.0,120000,84000,120000,0.0,120000.0,84000,36000.0
ORD005669,2025-08-04,C0246,P013,R010,1,0.0,30000,18500,30000,0.0,30000.0,18500,11500.0
ORD005702,2025-08-04,C0200,P017,R001,10,0.1,75000,50000,750000,75000.0,675000.0,500000,175000.0
ORD006053,2025-08-04,C0082,P016,R006,2,0.0,55000,35000,110000,0.0,110000.0,70000,40000.0
ORD001189,2025-08-04,C0230,P004,R007,4,0.02,140000,98000,560000,11200.0,548800.0,392000,156800.0
ORD000896,2025-08-04,C0120,P006,R001,8,0.1,95000,62000,760000,76000.0,684000.0,496000,188000.0
ORD006674,2025-08-04,C0156,P020,R006,1,0.08,22000,13000,22000,1760.0,20240.0,13000,7240.0
ORD001443,2025-08-04,C0298,P008,R003,1,0.1,110000,72000,110000,11000.0,99000.0,72000,27000.0
ORD004512,2025-08-04,C0205,P013,R005,3,0.2,30000,18500,90000,18000.0,72000.0,55500,16500.0
ORD007504,2025-08-04,C0077,P013,R012,1,0.1,30000,18500,30000,3000.0,27000.0,18500,8500.0
ORD002274,2025-08-04,C0071,P014,R003,6,0.08,18000,10500,108000,8640.0,99360.0,63000,36360.0
ORD005024,2025-08-04,C0246,P016,R003,1,0.1,55000,35000,55000,5500.0,49500.0,35000,14500.0
ORD004661,2025-08-04,C0288,P005,R013,4,0.0,120000,84000,480000,0.0,480000.0,336000,144000.0
ORD000497,2025-08-04,C0115,P018,R013,1,0.0,90000,62000,90000,0.0,90000.0,62000,28000.0
ORD007934,2025-08-05,C0280,P009,R004,6,0.02,130000,85000,780000,15600.0,764400.0,510000,254400.0
ORD007340,2025-08-05,C0112,P016,R009,2,0.1,55000,35000,110000,11000.0,99000.0,70000,29000.0
ORD000147,2025-08-05,C0241,P008,R011,2,0.0,110000,72000,220000,0.0,220000.0,144000,76000.0
ORD001610,2025-08-05,C0037,P012,R010,3,0.1,125000,83000,375000,37500.0,337500.0,249000,88500.0
ORD000090,2025-08-05,C0300,P020,R009,2,0.15,22000,13000,44000,6600.0,37400.0,26000,11400.0
ORD004516,2025-08-05,C0093,P002,R007,5,0.05,220000,155000,1100000,55000.0,1045000.0,775000,270000.0
ORD001192,2025-08-05,C0260,P005,R001,2,0.1,120000,84000,240000,24000.0,216000.0,168000,48000.0
ORD005414,2025-08-05,C0053,P011,R009,1,0.05,85000,57000,85000,4250.0,80750.0,57000,23750.0
ORD003227,2025-08-05,C0249,P005,R009,2,0.0,120000,84000,240000,0.0,240000.0,168000,72000.0
ORD004140,2025-08-05,C0198,P016,R013,3,0.02,55000,35000,165000,3300.0,161700.0,105000,56700.0
ORD000721,2025-08-05,C0277,P017,R013,3,0.15,75000,50000,225000,33750.0,191250.0,150000,41250.0
ORD004130,2025-08-05,C0215,P013,R012,4,0.15,30000,18500,120000,18000.0,102000.0,74000,28000.0
ORD005635,2025-08-05,C0220,P018,R002,2,0.0,90000,62000,180000,0.0,180000.0,124000,56000.0
ORD006383,2025-08-05,C0112,P007,R009,2,0.02,180000,118000,360000,7200.0,352800.0,236000,116800.0
ORD003695,2025-08-05,C0198,P017,R010,2,0.08,75000,50000,150000,12000.0,138000.0,100000,38000.0
ORD000233,2025-08-05,C0292,P007,R002,8,0.02,180000,118000,1440000,28800.0,1411200.0,944000,467200.0
ORD007618,2025-08-06,C0255,P006,R011,4,0.02,95000,62000,380000,7600.0,372400.0,248000,124400.0
ORD003425,2025-08-06,C0261,P019,R004,3,0.0,45000,29000,135000,0.0,135000.0,87000,48000.0
ORD000034,2025-08-06,C0135,P020,R006,3,0.08,22000,13000,66000,5280.0,60720.0,39000,21720.0
ORD000843,2025-08-06,C0279,P019,R009,6,0.08,45000,29000,270000,21600.0,248400.0,174000,74400.0
ORD001361,2025-08-06,C0253,P020,R002,3,0.0,22000,13000,66000,0.0,66000.0,39000,27000.0
ORD005079,2025-08-06,C0007,P017,R007,2,0.02,75000,50000,150000,3000.0,147000.0,100000,47000.0
ORD006107,2025-08-06,C0147,P001,R005,5,0.0,350000,245000,1750000,0.0,1750000.0,1225000,525000.0
ORD001937,2025-08-06,C0057,P002,R002,6,0.0,220000,155000,1320000,0.0,1320000.0,930000,390000.0
ORD003563,2025-08-06,C0199,P016,R006,4,0.15,55000,35000,220000,33000.0,187000.0,140000,47000.0
ORD007228,2025-08-06,C0211,P014,R012,2,0.0,18000,10500,36000,0.0,36000.0,21000,15000.0
ORD007610,2025-08-06,C0058,P010,R009,6,0.05,320000,215000,1920000,96000.0,1824000.0,1290000,534000.0
ORD000518,2025-08-06,C0245,P003,R007,1,0.05,160000,112000,160000,8000.0,152000.0,112000,40000.0
ORD001220,2025-08-06,C0134,P018,R012,3,0.15,90000,62000,270000,40500.0,229500.0,186000,43500.0
ORD002415,2025-08-06,C0210,P003,R003,5,0.02,160000,112000,800000,16000.0,784000.0,560000,224000.0
ORD002854,2025-08-06,C0048,P017,R003,4,0.0,75000,50000,300000,0.0,300000.0,200000,100000.0
ORD002523,2025-08-06,C0220,P004,R012,1,0.1,140000,98000,140000,14000.0,126000.0,98000,28000.0
ORD006388,2025-08-06,C0243,P016,R013,5,0.0,55000,35000,275000,0.0,275000.0,175000,100000.0
ORD005613,2025-08-06,C0012,P010,R009,3,0.05,320000,215000,960000,48000.0,912000.0,645000,267000.0
ORD007833,2025-08-06,C0070,P016,R004,3,0.0,55000,35000,165000,0.0,165000.0,105000,60000.0
ORD005136,2025-08-07,C0026,P019,R011,10,0.05,45000,29000,450000,22500.0,427500.0,290000,137500.0
ORD006356,2025-08-07,C0242,P018,R012,1,0.0,90000,62000,90000,0.0,90000.0,62000,28000.0
ORD001976,2025-08-07,C0008,P019,R009,5,0.0,45000,29000,225000,0.0,225000.0,145000,80000.0
ORD007431,2025-08-07,C0238,P017,R001,2,0.1,75000,50000,150000,15000.0,135000.0,100000,35000.0
ORD004786,2025-08-07,C0155,P011,R012,6,0.0,85000,57000,510000,0.0,510000.0,342000,168000.0
ORD004744,2025-08-07,C0254,P006,R013,2,0.05,95000,62000,190000,9500.0,180500.0,124000,56500.0
ORD005294,2025-08-07,C0107,P018,R006,3,0.08,90000,62000,270000,21600.0,248400.0,186000,62400.0
ORD002877,2025-08-07,C0281,P009,R003,4,0.2,130000,85000,520000,104000.0,416000.0,340000,76000.0
ORD006529,2025-08-07,C0198,P015,R003,1,0.05,35000,21000,35000,1750.0,33250.0,21000,12250.0
ORD003175,2025-08-08,C0262,P013,R003,3,0.05,30000,18500,90000,4500.0,85500.0,55500,30000.0
ORD001324,2025-08-08,C0058,P018,R013,6,0.05,90000,62000,540000,27000.0,513000.0,372000,141000.0
ORD004241,2025-08-08,C0285,P008,R011,2,0.0,110000,72000,220000,0.0,220000.0,144000,76000.0
ORD003454,2025-08-08,C0020,P019,R013,3,0.08,45000,29000,135000,10800.0,124200.0,87000,37200.0
ORD006016,2025-08-08,C0137,P010,R004,2,0.2,320000,215000,640000,128000.0,512000.0,430000,82000.0
ORD001602,2025-08-08,C0013,P002,R009,8,0.05,220000,155000,1760000,88000.0,1672000.0,1240000,432000.0
ORD005671,2025-08-08,C0251,P008,R012,5,0.15,110000,72000,550000,82500.0,467500.0,360000,107500.0
ORD001897,2025-08-08,C0295,P012,R010,10,0.05,125000,83000,1250000,62500.0,1187500.0,830000,357500.0
ORD000028,2025-08-08,C0184,P016,R007,4,0.15,55000,35000,220000,33000.0,187000.0,140000,47000.0
ORD001792,2025-08-08,C0126,P004,R010,3,0.05,140000,98000,420000,21000.0,399000.0,294000,105000.0
ORD001235,2025-08-08,C0293,P016,R009,3,0.15,55000,35000,165000,24750.0,140250.0,105000,35250.0
ORD001794,2025-08-08,C0088,P004,R009,3,0.0,140000,98000,420000,0.0,420000.0,294000,126000.0
ORD000162,2025-08-08,C0029,P005,R006,10,0.05,120000,84000,1200000,60000.0,1140000.0,840000,300000.0
ORD006571,2025-08-08,C0153,P018,R004,2,0.1,90000,62000,180000,18000.0,162000.0,124000,38000.0
ORD004086,2025-08-08,C0278,P008,R004,1,0.15,110000,72000,110000,16500.0,93500.0,72000,21500.0
ORD007327,2025-08-09,C0149,P012,R008,4,0.2,125000,83000,500000,100000.0,400000.0,332000,68000.0
ORD005672,2025-08-09,C0051,P009,R002,1,0.02,130000,85000,130000,2600.0,127400.0,85000,42400.0
ORD001728,2025-08-09,C0171,P018,R007,4,0.02,90000,62000,360000,7200.0,352800.0,248000,104800.0
ORD005171,2025-08-09,C0273,P012,R002,6,0.2,125000,83000,750000,150000.0,600000.0,498000,102000.0
ORD007994,2025-08-09,C0072,P011,R003,1,0.0,85000,57000,85000,0.0,85000.0,57000,28000.0
ORD005132,2025-08-09,C0065,P006,R004,2,0.05,95000,62000,190000,9500.0,180500.0,124000,56500.0
ORD006315,2025-08-09,C0235,P006,R006,5,0.05,95000,62000,475000,23750.0,451250.0,310000,141250.0
ORD007156,2025-08-09,C0153,P006,R005,6,0.02,95000,62000,570000,11400.0,558600.0,372000,186600.0
ORD001268,2025-08-09,C0013,P003,R010,5,0.1,160000,112000,800000,80000.0,720000.0,560000,160000.0
ORD003879,2025-08-09,C0198,P005,R010,5,0.08,120000,84000,600000,48000.0,552000.0,420000,132000.0
ORD005288,2025-08-09,C0242,P013,R011,5,0.2,30000,18500,150000,30000.0,120000.0,92500,27500.0
ORD003138,2025-08-09,C0223,P006,R011,8,0.0,95000,62000,760000,0.0,760000.0,496000,264000.0
ORD002676,2025-08-09,C0083,P012,R012,1,0.05,125000,83000,125000,6250.0,118750.0,83000,35750.0
ORD001509,2025-08-09,C0293,P019,R002,6,0.05,45000,29000,270000,13500.0,256500.0,174000,82500.0
ORD004428,2025-08-09,C0184,P003,R004,3,0.1,160000,112000,480000,48000.0,432000.0,336000,96000.0
ORD006499,2025-08-09,C0245,P014,R011,2,0.05,18000,10500,36000,1800.0,34200.0,21000,13200.0
ORD003207,2025-08-10,C0078,P015,R012,2,0.02,35000,21000,70000,1400.0,68600.0,42000,26600.0
ORD000596,2025-08-10,C0112,P018,R005,6,0.1,90000,62000,540000,54000.0,486000.0,372000,114000.0
ORD001637,2025-08-10,C0014,P007,R001,3,0.08,180000,118000,540000,43200.0,496800.0,354000,142800.0
ORD004188,2025-08-10,C0248,P010,R013,6,0.0,320000,215000,1920000,0.0,1920000.0,1290000,630000.0
ORD006317,2025-08-10,C0294,P004,R007,2,0.0,140000,98000,280000,0.0,280000.0,196000,84000.0
ORD004608,2025-08-10,C0029,P002,R006,1,0.02,220000,155000,220000,4400.0,215600.0,155000,60600.0
ORD003315,2025-08-10,C0062,P007,R012,10,0.0,180000,118000,1800000,0.0,1800000.0,1180000,620000.0
ORD006221,2025-08-10,C0073,P014,R003,8,0.0,18000,10500,144000,0.0,144000.0,84000,60000.0
ORD004554,2025-08-10,C0146,P005,R013,2,0.05,120000,84000,240000,12000.0,228000.0,168000,60000.0
ORD007229,2025-08-10,C0243,P015,R005,3,0.02,35000,21000,105000,2100.0,102900.0,63000,39900.0
ORD000939,2025-08-10,C0031,P019,R010,6,0.05,45000,29000,270000,13500.0,256500.0,174000,82500.0
ORD002009,2025-08-10,C0088,P011,R009,4,0.08,85000,57000,340000,27200.0,312800.0,228000,84800.0
ORD006109,2025-08-10,C0176,P014,R001,3,0.02,18000,10500,54000,1080.0,52920.0,31500,21420.0
ORD000766,2025-08-11,C0076,P015,R013,4,0.0,35000,21000,140000,0.0,140000.0,84000,56000.0
ORD001604,2025-08-11,C0047,P018,R005,1,0.08,90000,62000,90000,7200.0,82800.0,62000,20800.0
ORD000045,2025-08-11,C0067,P014,R011,1,0.05,18000,10500,18000,900.0,17100.0,10500,6600.0
ORD007823,2025-08-11,C0135,P001,R001,2,0.02,350000,245000,700000,14000.0,686000.0,490000,196000.0
ORD002143,2025-08-11,C0061,P020,R010,1,0.0,22000,13000,22000,0.0,22000.0,13000,9000.0
ORD000928,2025-08-11,C0023,P017,R011,1,0.05,75000,50000,75000,3750.0,71250.0,50000,21250.0
ORD003382,2025-08-11,C0193,P010,R013,5,0.0,320000,215000,1600000,0.0,1600000.0,1075000,525000.0
ORD006424,2025-08-11,C0195,P002,R009,2,0.0,220000,155000,440000,0.0,440000.0,310000,130000.0
ORD002573,2025-08-11,C0132,P018,R002,6,0.15,90000,62000,540000,81000.0,459000.0,372000,87000.0
ORD001196,2025-08-11,C0032,P006,R007,4,0.2,95000,62000,380000,76000.0,304000.0,248000,56000.0
ORD000120,2025-08-11,C0285,P009,R004,5,0.05,130000,85000,650000,32500.0,617500.0,425000,192500.0
ORD003345,2025-08-11,C0071,P001,R012,6,0.08,350000,245000,2100000,168000.0,1932000.0,1470000,462000.0
ORD007858,2025-08-11,C0089,P012,R012,4,0.05,125000,83000,500000,25000.0,475000.0,332000,143000.0
ORD001060,2025-08-11,C0026,P005,R009,2,0.15,120000,84000,240000,36000.0,204000.0,168000,36000.0
ORD006985,2025-08-11,C0118,P010,R010,5,0.02,320000,215000,1600000,32000.0,1568000.0,1075000,493000.0
ORD000404,2025-08-11,C0254,P001,R003,3,0.0,350000,245000,1050000,0.0,1050000.0,735000,315000.0
ORD000887,2025-08-12,C0111,P002,R001,10,0.1,220000,155000,2200000,220000.0,1980000.0,1550000,430000.0
ORD004582,2025-08-12,C0092,P020,R013,5,0.05,22000,13000,110000,5500.0,104500.0,65000,39500.0
ORD005563,2025-08-12,C0211,P019,R011,2,0.08,45000,29000,90000,7200.0,82800.0,58000,24800.0
ORD004240,2025-08-12,C0173,P005,R012,5,0.02,120000,84000,600000,12000.0,588000.0,420000,168000.0
ORD006479,2025-08-12,C0012,P006,R011,3,0.05,95000,62000,285000,14250.0,270750.0,186000,84750.0
ORD000921,2025-08-12,C0243,P012,R004,5,0.1,125000,83000,625000,62500.0,562500.0,415000,147500.0
ORD001687,2025-08-12,C0294,P005,R002,2,0.1,120000,84000,240000,24000.0,216000.0,168000,48000.0
ORD003440,2025-08-12,C0281,P011,R009,5,0.1,85000,57000,425000,42500.0,382500.0,285000,97500.0
ORD007031,2025-08-12,C0128,P018,R005,4,0.05,90000,62000,360000,18000.0,342000.0,248000,94000.0
ORD000228,2025-08-12,C0215,P004,R002,4,0.1,140000,98000,560000,56000.0,504000.0,392000,112000.0
ORD000936,2025-08-12,C0067,P017,R005,6,0.05,75000,50000,450000,22500.0,427500.0,300000,127500.0
ORD003872,2025-08-12,C0058,P007,R010,5,0.15,180000,118000,900000,135000.0,765000.0,590000,175000.0
ORD000422,2025-08-13,C0274,P007,R005,4,0.08,180000,118000,720000,57600.0,662400.0,472000,190400.0
ORD002508,2025-08-13,C0110,P011,R007,2,0.1,85000,57000,170000,17000.0,153000.0,114000,39000.0
ORD003925,2025-08-13,C0177,P015,R007,2,0.0,35000,21000,70000,0.0,70000.0,42000,28000.0
ORD004414,2025-08-13,C0164,P009,R003,1,0.1,130000,85000,130000,13000.0,117000.0,85000,32000.0
ORD007252,2025-08-13,C0004,P019,R005,2,0.05,45000,29000,90000,4500.0,85500.0,58000,27500.0
ORD003787,2025-08-13,C0067,P016,R012,3,0.1,55000,35000,165000,16500.0,148500.0,105000,43500.0
ORD000471,2025-08-13,C0050,P012,R005,2,0.05,125000,83000,250000,12500.0,237500.0,166000,71500.0
ORD005543,2025-08-13,C0216,P004,R001,5,0.02,140000,98000,700000,14000.0,686000.0,490000,196000.0
ORD005664,2025-08-13,C0070,P011,R007,1,0.15,85000,57000,85000,12750.0,72250.0,57000,15250.0
ORD006830,2025-08-13,C0106,P012,R007,2,0.0,125000,83000,250000,0.0,250000.0,166000,84000.0
ORD006321,2025-08-13,C0230,P006,R012,1,0.0,95000,62000,95000,0.0,95000.0,62000,33000.0
ORD001045,2025-08-13,C0213,P018,R002,4,0.1,90000,62000,360000,36000.0,324000.0,248000,76000.0
ORD006564,2025-08-13,C0205,P018,R012,1,0.05,90000,62000,90000,4500.0,85500.0,62000,23500.0
ORD004380,2025-08-13,C0030,P005,R003,5,0.08,120000,84000,600000,48000.0,552000.0,420000,132000.0
ORD007933,2025-08-13,C0145,P005,R005,4,0.05,120000,84000,480000,24000.0,456000.0,336000,120000.0
ORD000834,2025-08-14,C0045,P008,R012,6,0.02,110000,72000,660000,13200.0,646800.0,432000,214800.0
ORD000842,2025-08-14,C0282,P014,R013,3,0.02,18000,10500,54000,1080.0,52920.0,31500,21420.0
ORD002517,2025-08-14,C0219,P016,R007,3,0.0,55000,35000,165000,0.0,165000.0,105000,60000.0
ORD000646,2025-08-14,C0028,P010,R010,3,0.02,320000,215000,960000,19200.0,940800.0,645000,295800.0
ORD006128,2025-08-14,C0049,P012,R011,5,0.08,125000,83000,625000,50000.0,575000.0,415000,160000.0
ORD003413,2025-08-14,C0021,P017,R009,3,0.1,75000,50000,225000,22500.0,202500.0,150000,52500.0
ORD004808,2025-08-14,C0157,P016,R013,2,0.1,55000,35000,110000,11000.0,99000.0,70000,29000.0
ORD005067,2025-08-14,C0237,P001,R010,4,0.05,350000,245000,1400000,70000.0,1330000.0,980000,350000.0
ORD007738,2025-08-14,C0210,P016,R013,10,0.05,55000,35000,550000,27500.0,522500.0,350000,172500.0
ORD000875,2025-08-14,C0246,P008,R009,2,0.05,110000,72000,220000,11000.0,209000.0,144000,65000.0
ORD001622,2025-08-14,C0038,P012,R003,8,0.2,125000,83000,1000000,200000.0,800000.0,664000,136000.0
ORD001343,2025-08-14,C0006,P016,R008,1,0.0,55000,35000,55000,0.0,55000.0,35000,20000.0
ORD005185,2025-08-14,C0030,P018,R005,5,0.05,90000,62000,450000,22500.0,427500.0,310000,117500.0
ORD004281,2025-08-14,C0031,P001,R003,10,0.0,350000,245000,3500000,0.0,3500000.0,2450000,1050000.0
ORD001932,2025-08-14,C0077,P017,R009,1,0.15,75000,50000,75000,11250.0,63750.0,50000,13750.0
ORD007623,2025-08-14,C0107,P014,R009,1,0.05,18000,10500,18000,900.0,17100.0,10500,6600.0
ORD006485,2025-08-14,C0039,P020,R013,4,0.02,22000,13000,88000,1760.0,86240.0,52000,34240.0
ORD005156,2025-08-14,C0262,P014,R007,2,0.0,18000,10500,36000,0.0,36000.0,21000,15000.0
ORD005937,2025-08-14,C0178,P005,R010,3,0.1,120000,84000,360000,36000.0,324000.0,252000,72000.0
ORD006211,2025-08-14,C0157,P016,R008,3,0.08,55000,35000,165000,13200.0,151800.0,105000,46800.0
ORD007371,2025-08-14,C0179,P011,R006,5,0.05,85000,57000,425000,21250.0,403750.0,285000,118750.0
ORD000185,2025-08-15,C0035,P013,R003,1,0.2,30000,18500,30000,6000.0,24000.0,18500,5500.0
ORD003546,2025-08-15,C0169,P015,R008,2,0.08,35000,21000,70000,5600.0,64400.0,42000,22400.0
ORD005314,2025-08-15,C0005,P017,R001,1,0.02,75000,50000,75000,1500.0,73500.0,50000,23500.0
ORD000699,2025-08-15,C0232,P009,R007,1,0.02,130000,85000,130000,2600.0,127400.0,85000,42400.0
ORD001716,2025-08-15,C0221,P004,R001,4,0.0,140000,98000,560000,0.0,560000.0,392000,168000.0
ORD001870,2025-08-15,C0237,P009,R002,6,0.08,130000,85000,780000,62400.0,717600.0,510000,207600.0
ORD001919,2025-08-15,C0255,P008,R012,6,0.2,110000,72000,660000,132000.0,528000.0,432000,96000.0
ORD005490,2025-08-15,C0241,P004,R013,1,0.0,140000,98000,140000,0.0,140000.0,98000,42000.0
ORD002463,2025-08-15,C0245,P007,R009,4,0.0,180000,118000,720000,0.0,720000.0,472000,248000.0
ORD001966,2025-08-15,C0146,P018,R009,5,0.05,90000,62000,450000,22500.0,427500.0,310000,117500.0
ORD007552,2025-08-15,C0225,P009,R003,10,0.05,130000,85000,1300000,65000.0,1235000.0,850000,385000.0
ORD001545,2025-08-15,C0047,P020,R005,3,0.02,22000,13000,66000,1320.0,64680.0,39000,25680.0
ORD002434,2025-08-15,C0284,P019,R001,1,0.1,45000,29000,45000,4500.0,40500.0,29000,11500.0
ORD000957,2025-08-15,C0296,P010,R012,3,0.08,320000,215000,960000,76800.0,883200.0,645000,238200.0
ORD006080,2025-08-15,C0083,P013,R005,2,0.2,30000,18500,60000,12000.0,48000.0,37000,11000.0
ORD003434,2025-08-15,C0031,P003,R004,6,0.08,160000,112000,960000,76800.0,883200.0,672000,211200.0
ORD006152,2025-08-15,C0231,P019,R001,2,0.05,45000,29000,90000,4500.0,85500.0,58000,27500.0
ORD007899,2025-08-16,C0158,P012,R004,1,0.08,125000,83000,125000,10000.0,115000.0,83000,32000.0
ORD006117,2025-08-16,C0205,P002,R012,1,0.0,220000,155000,220000,0.0,220000.0,155000,65000.0
ORD006533,2025-08-16,C0146,P020,R005,5,0.2,22000,13000,110000,22000.0,88000.0,65000,23000.0
ORD006634,2025-08-16,C0010,P012,R011,1,0.05,125000,83000,125000,6250.0,118750.0,83000,35750.0
ORD001799,2025-08-16,C0091,P016,R003,4,0.0,55000,35000,220000,0.0,220000.0,140000,80000.0
ORD002503,2025-08-16,C0246,P004,R008,3,0.05,140000,98000,420000,21000.0,399000.0,294000,105000.0
ORD006989,2025-08-16,C0215,P020,R008,5,0.02,22000,13000,110000,2200.0,107800.0,65000,42800.0
ORD003860,2025-08-16,C0298,P008,R013,4,0.0,110000,72000,440000,0.0,440000.0,288000,152000.0
ORD003571,2025-08-16,C0030,P018,R010,3,0.2,90000,62000,270000,54000.0,216000.0,186000,30000.0
ORD004674,2025-08-16,C0141,P016,R001,4,0.02,55000,35000,220000,4400.0,215600.0,140000,75600.0
ORD000379,2025-08-16,C0112,P005,R006,2,0.1,120000,84000,240000,24000.0,216000.0,168000,48000.0
ORD000496,2025-08-16,C0208,P008,R010,2,0.05,110000,72000,220000,11000.0,209000.0,144000,65000.0
ORD002271,2025-08-16,C0106,P011,R006,4,0.02,85000,57000,340000,6800.0,333200.0,228000,105200.0
ORD001586,2025-08-16,C0219,P018,R009,2,0.08,90000,62000,180000,14400.0,165600.0,124000,41600.0
ORD000452,2025-08-17,C0137,P003,R001,8,0.1,160000,112000,1280000,128000.0,1152000.0,896000,256000.0
ORD004683,2025-08-17,C0030,P002,R004,3,0.1,220000,155000,660000,66000.0,594000.0,465000,129000.0
ORD006574,2025-08-17,C0082,P017,R006,4,0.1,75000,50000,300000,30000.0,270000.0,200000,70000.0
ORD003442,2025-08-17,C0163,P003,R008,4,0.0,160000,112000,640000,0.0,640000.0,448000,192000.0
ORD007745,2025-08-17,C0083,P019,R005,1,0.0,45000,29000,45000,0.0,45000.0,29000,16000.0
ORD000271,2025-08-17,C0039,P001,R006,6,0.1,350000,245000,2100000,210000.0,1890000.0,1470000,420000.0
ORD001145,2025-08-17,C0254,P012,R006,1,0.02,125000,83000,125000,2500.0,122500.0,83000,39500.0
ORD005783,2025-08-17,C0114,P017,R010,5,0.05,75000,50000,375000,18750.0,356250.0,250000,106250.0
ORD000728,2025-08-17,C0187,P011,R010,6,0.05,85000,57000,510000,25500.0,484500.0,342000,142500.0
ORD007121,2025-08-17,C0082,P006,R003,3,0.15,95000,62000,285000,42750.0,242250.0,186000,56250.0
ORD004845,2025-08-17,C0001,P010,R010,3,0.0,320000,215000,960000,0.0,960000.0,645000,315000.0
ORD004205,2025-08-17,C0284,P010,R004,6,0.08,320000,215000,1920000,153600.0,1766400.0,1290000,476400.0
ORD007192,2025-08-17,C0090,P015,R011,2,0.0,35000,21000,70000,0.0,70000.0,42000,28000.0
ORD006595,2025-08-17,C0089,P007,R004,3,0.0,180000,118000,540000,0.0,540000.0,354000,186000.0
ORD006231,2025-08-17,C0038,P011,R008,1,0.05,85000,57000,85000,4250.0,80750.0,57000,23750.0
ORD006181,2025-08-17,C0087,P016,R002,2,0.2,55000,35000,110000,22000.0,88000.0,70000,18000.0
ORD005898,2025-08-17,C0120,P007,R013,1,0.0,180000,118000,180000,0.0,180000.0,118000,62000.0
ORD003494,2025-08-17,C0232,P014,R002,6,0.08,18000,10500,108000,8640.0,99360.0,63000,36360.0
ORD001676,2025-08-17,C0101,P007,R005,1,0.05,180000,118000,180000,9000.0,171000.0,118000,53000.0
ORD000403,2025-08-17,C0256,P008,R006,4,0.05,110000,72000,440000,22000.0,418000.0,288000,130000.0
ORD000184,2025-08-17,C0095,P001,R010,2,0.05,350000,245000,700000,35000.0,665000.0,490000,175000.0
ORD000614,2025-08-17,C0243,P002,R005,2,0.02,220000,155000,440000,8800.0,431200.0,310000,121200.0
ORD005066,2025-08-17,C0168,P017,R011,4,0.15,75000,50000,300000,45000.0,255000.0,200000,55000.0
ORD007546,2025-08-17,C0272,P017,R004,2,0.08,75000,50000,150000,12000.0,138000.0,100000,38000.0
ORD001376,2025-08-18,C0264,P016,R003,10,0.1,55000,35000,550000,55000.0,495000.0,350000,145000.0
ORD007053,2025-08-18,C0005,P016,R008,3,0.02,55000,35000,165000,3300.0,161700.0,105000,56700.0
ORD003749,2025-08-18,C0218,P013,R003,3,0.05,30000,18500,90000,4500.0,85500.0,55500,30000.0
ORD005601,2025-08-18,C0189,P014,R010,1,0.02,18000,10500,18000,360.0,17640.0,10500,7140.0
ORD002879,2025-08-18,C0014,P014,R013,1,0.05,18000,10500,18000,900.0,17100.0,10500,6600.0
ORD005615,2025-08-18,C0198,P004,R010,4,0.15,140000,98000,560000,84000.0,476000.0,392000,84000.0
ORD006707,2025-08-18,C0240,P004,R001,6,0.05,140000,98000,840000,42000.0,798000.0,588000,210000.0
ORD003234,2025-08-18,C0043,P011,R005,1,0.05,85000,57000,85000,4250.0,80750.0,57000,23750.0
ORD006951,2025-08-18,C0252,P003,R005,4,0.05,160000,112000,640000,32000.0,608000.0,448000,160000.0
ORD000129,2025-08-18,C0196,P005,R005,2,0.08,120000,84000,240000,19200.0,220800.0,168000,52800.0
ORD004571,2025-08-18,C0034,P005,R010,3,0.0,120000,84000,360000,0.0,360000.0,252000,108000.0
ORD006486,2025-08-18,C0038,P014,R012,1,0.05,18000,10500,18000,900.0,17100.0,10500,6600.0
ORD007417,2025-08-18,C0049,P003,R013,10,0.08,160000,112000,1600000,128000.0,1472000.0,1120000,352000.0
ORD002485,2025-08-18,C0036,P014,R006,3,0.02,18000,10500,54000,1080.0,52920.0,31500,21420.0
ORD000483,2025-08-19,C0297,P009,R004,1,0.02,130000,85000,130000,2600.0,127400.0,85000,42400.0
ORD005813,2025-08-19,C0044,P005,R004,3,0.05,120000,84000,360000,18000.0,342000.0,252000,90000.0
ORD000364,2025-08-19,C0202,P003,R004,3,0.0,160000,112000,480000,0.0,480000.0,336000,144000.0
ORD006002,2025-08-19,C0163,P017,R005,5,0.08,75000,50000,375000,30000.0,345000.0,250000,95000.0
ORD006406,2025-08-19,C0199,P004,R007,3,0.0,140000,98000,420000,0.0,420000.0,294000,126000.0
ORD005263,2025-08-19,C0121,P019,R012,1,0.0,45000,29000,45000,0.0,45000.0,29000,16000.0
ORD001693,2025-08-19,C0235,P004,R004,2,0.02,140000,98000,280000,5600.0,274400.0,196000,78400.0
ORD001138,2025-08-19,C0025,P015,R006,3,0.02,35000,21000,105000,2100.0,102900.0,63000,39900.0
ORD002358,2025-08-19,C0031,P003,R013,6,0.1,160000,112000,960000,96000.0,864000.0,672000,192000.0
ORD001513,2025-08-19,C0206,P020,R005,3,0.08,22000,13000,66000,5280.0,60720.0,39000,21720.0
ORD005456,2025-08-19,C0173,P014,R004,5,0.02,18000,10500,90000,1800.0,88200.0,52500,35700.0
ORD007712,2025-08-19,C0211,P016,R011,3,0.05,55000,35000,165000,8250.0,156750.0,105000,51750.0
ORD002044,2025-08-20,C0193,P018,R010,6,0.02,90000,62000,540000,10800.0,529200.0,372000,157200.0
ORD004527,2025-08-20,C0287,P016,R003,4,0.08,55000,35000,220000,17600.0,202400.0,140000,62400.0
ORD005061,2025-08-20,C0128,P013,R005,3,0.0,30000,18500,90000,0.0,90000.0,55500,34500.0
ORD005057,2025-08-20,C0077,P013,R005,2,0.05,30000,18500,60000,3000.0,57000.0,37000,20000.0
ORD007795,2025-08-20,C0196,P009,R003,2,0.08,130000,85000,260000,20800.0,239200.0,170000,69200.0
ORD001584,2025-08-20,C0070,P003,R010,1,0.0,160000,112000,160000,0.0,160000.0,112000,48000.0
ORD003123,2025-08-20,C0166,P007,R007,2,0.08,180000,118000,360000,28800.0,331200.0,236000,95200.0
ORD007977,2025-08-20,C0295,P016,R005,2,0.0,55000,35000,110000,0.0,110000.0,70000,40000.0
ORD007516,2025-08-20,C0064,P002,R003,5,0.1,220000,155000,1100000,110000.0,990000.0,775000,215000.0
ORD005979,2025-08-20,C0177,P007,R008,1,0.05,180000,118000,180000,9000.0,171000.0,118000,53000.0
ORD004315,2025-08-20,C0103,P004,R011,2,0.0,140000,98000,280000,0.0,280000.0,196000,84000.0
ORD004087,2025-08-20,C0099,P009,R006,6,0.05,130000,85000,780000,39000.0,741000.0,510000,231000.0
ORD003531,2025-08-20,C0225,P009,R003,2,0.02,130000,85000,260000,5200.0,254800.0,170000,84800.0
ORD006409,2025-08-20,C0193,P002,R009,2,0.05,220000,155000,440000,22000.0,418000.0,310000,108000.0
ORD001562,2025-08-20,C0206,P005,R013,3,0.08,120000,84000,360000,28800.0,331200.0,252000,79200.0
ORD006138,2025-08-20,C0238,P020,R007,3,0.08,22000,13000,66000,5280.0,60720.0,39000,21720.0
ORD004344,2025-08-21,C0174,P020,R005,4,0.0,22000,13000,88000,0.0,88000.0,52000,36000.0
ORD000099,2025-08-21,C0115,P002,R005,6,0.05,220000,155000,1320000,66000.0,1254000.0,930000,324000.0
ORD006411,2025-08-21,C0077,P014,R004,3,0.05,18000,10500,54000,2700.0,51300.0,31500,19800.0
ORD003545,2025-08-21,C0079,P003,R010,3,0.1,160000,112000,480000,48000.0,432000.0,336000,96000.0
ORD000925,2025-08-21,C0029,P018,R009,5,0.05,90000,62000,450000,22500.0,427500.0,310000,117500.0
ORD000190,2025-08-21,C0025,P016,R001,3,0.02,55000,35000,165000,3300.0,161700.0,105000,56700.0
ORD000935,2025-08-21,C0004,P008,R009,1,0.05,110000,72000,110000,5500.0,104500.0,72000,32500.0
ORD007543,2025-08-21,C0115,P004,R010,1,0.05,140000,98000,140000,7000.0,133000.0,98000,35000.0
ORD002083,2025-08-21,C0053,P017,R005,4,0.05,75000,50000,300000,15000.0,285000.0,200000,85000.0
ORD000375,2025-08-21,C0252,P014,R009,2,0.08,18000,10500,36000,2880.0,33120.0,21000,12120.0
ORD004909,2025-08-21,C0227,P013,R003,4,0.02,30000,18500,120000,2400.0,117600.0,74000,43600.0
ORD006379,2025-08-21,C0253,P009,R009,5,0.05,130000,85000,650000,32500.0,617500.0,425000,192500.0
ORD003791,2025-08-21,C0013,P011,R007,4,0.02,85000,57000,340000,6800.0,333200.0,228000,105200.0
ORD001640,2025-08-21,C0069,P016,R013,4,0.05,55000,35000,220000,11000.0,209000.0,140000,69000.0
ORD005930,2025-08-21,C0145,P018,R007,10,0.05,90000,62000,900000,45000.0,855000.0,620000,235000.0
ORD007969,2025-08-21,C0234,P008,R005,10,0.1,110000,72000,1100000,110000.0,990000.0,720000,270000.0
ORD002532,2025-08-21,C0294,P012,R006,5,0.1,125000,83000,625000,62500.0,562500.0,415000,147500.0
ORD000320,2025-08-21,C0103,P015,R005,10,0.08,35000,21000,350000,28000.0,322000.0,210000,112000.0
ORD002360,2025-08-21,C0048,P002,R007,2,0.08,220000,155000,440000,35200.0,404800.0,310000,94800.0
ORD007237,2025-08-22,C0170,P001,R004,2,0.08,350000,245000,700000,56000.0,644000.0,490000,154000.0
ORD002200,2025-08-22,C0044,P012,R011,5,0.08,125000,83000,625000,50000.0,575000.0,415000,160000.0
ORD006560,2025-08-22,C0217,P002,R006,1,0.05,220000,155000,220000,11000.0,209000.0,155000,54000.0
ORD007975,2025-08-22,C0194,P009,R006,3,0.05,130000,85000,390000,19500.0,370500.0,255000,115500.0
ORD005832,2025-08-22,C0274,P001,R009,10,0.0,350000,245000,3500000,0.0,3500000.0,2450000,1050000.0
ORD007914,2025-08-22,C0243,P006,R004,1,0.02,95000,62000,95000,1900.0,93100.0,62000,31100.0
ORD001699,2025-08-22,C0005,P007,R002,5,0.0,180000,118000,900000,0.0,900000.0,590000,310000.0
ORD003343,2025-08-22,C0127,P006,R002,1,0.05,95000,62000,95000,4750.0,90250.0,62000,28250.0
ORD003056,2025-08-22,C0204,P009,R011,10,0.15,130000,85000,1300000,195000.0,1105000.0,850000,255000.0
ORD006295,2025-08-22,C0290,P003,R009,1,0.15,160000,112000,160000,24000.0,136000.0,112000,24000.0
ORD001650,2025-08-23,C0240,P005,R012,2,0.05,120000,84000,240000,12000.0,228000.0,168000,60000.0
ORD007939,2025-08-23,C0112,P006,R008,2,0.0,95000,62000,190000,0.0,190000.0,124000,66000.0
ORD006351,2025-08-23,C0136,P019,R004,4,0.08,45000,29000,180000,14400.0,165600.0,116000,49600.0
ORD003149,2025-08-23,C0272,P017,R005,2,0.0,75000,50000,150000,0.0,150000.0,100000,50000.0
ORD006332,2025-08-23,C0299,P007,R004,4,0.0,180000,118000,720000,0.0,720000.0,472000,248000.0
ORD006158,2025-08-23,C0140,P012,R008,2,0.15,125000,83000,250000,37500.0,212500.0,166000,46500.0
ORD006396,2025-08-23,C0089,P015,R010,1,0.15,35000,21000,35000,5250.0,29750.0,21000,8750.0
ORD002462,2025-08-23,C0162,P010,R013,2,0.05,320000,215000,640000,32000.0,608000.0,430000,178000.0
ORD002580,2025-08-23,C0131,P015,R001,1,0.2,35000,21000,35000,7000.0,28000.0,21000,7000.0
ORD007974,2025-08-23,C0175,P018,R012,3,0.15,90000,62000,270000,40500.0,229500.0,186000,43500.0
ORD000664,2025-08-23,C0136,P008,R004,1,0.08,110000,72000,110000,8800.0,101200.0,72000,29200.0
ORD003262,2025-08-23,C0206,P007,R005,3,0.08,180000,118000,540000,43200.0,496800.0,354000,142800.0
ORD002137,2025-08-23,C0142,P006,R012,8,0.05,95000,62000,760000,38000.0,722000.0,496000,226000.0
ORD007501,2025-08-23,C0251,P013,R003,1,0.2,30000,18500,30000,6000.0,24000.0,18500,5500.0
ORD002418,2025-08-23,C0218,P013,R008,5,0.1,30000,18500,150000,15000.0,135000.0,92500,42500.0
ORD000124,2025-08-23,C0204,P004,R010,2,0.02,140000,98000,280000,5600.0,274400.0,196000,78400.0
ORD003052,2025-08-23,C0069,P019,R002,1,0.05,45000,29000,45000,2250.0,42750.0,29000,13750.0
ORD005405,2025-08-23,C0212,P011,R006,4,0.15,85000,57000,340000,51000.0,289000.0,228000,61000.0
ORD002435,2025-08-24,C0249,P012,R006,8,0.0,125000,83000,1000000,0.0,1000000.0,664000,336000.0
ORD006987,2025-08-24,C0031,P018,R006,6,0.05,90000,62000,540000,27000.0,513000.0,372000,141000.0
ORD006322,2025-08-24,C0265,P008,R010,2,0.02,110000,72000,220000,4400.0,215600.0,144000,71600.0
ORD004367,2025-08-24,C0292,P006,R004,4,0.15,95000,62000,380000,57000.0,323000.0,248000,75000.0
ORD006824,2025-08-24,C0057,P002,R003,3,0.1,220000,155000,660000,66000.0,594000.0,465000,129000.0
ORD004613,2025-08-24,C0231,P009,R010,1,0.2,130000,85000,130000,26000.0,104000.0,85000,19000.0
ORD005617,2025-08-24,C0110,P014,R007,1,0.0,18000,10500,18000,0.0,18000.0,10500,7500.0
ORD003366,2025-08-24,C0202,P004,R007,8,0.1,140000,98000,1120000,112000.0,1008000.0,784000,224000.0
ORD005020,2025-08-24,C0164,P011,R012,3,0.0,85000,57000,255000,0.0,255000.0,171000,84000.0
ORD001647,2025-08-24,C0273,P003,R002,5,0.08,160000,112000,800000,64000.0,736000.0,560000,176000.0
ORD006326,2025-08-24,C0226,P016,R006,4,0.08,55000,35000,220000,17600.0,202400.0,140000,62400.0
ORD001014,2025-08-24,C0291,P013,R002,5,0.0,30000,18500,150000,0.0,150000.0,92500,57500.0
ORD005830,2025-08-24,C0245,P017,R002,10,0.05,75000,50000,750000,37500.0,712500.0,500000,212500.0
ORD000443,2025-08-24,C0203,P019,R006,1,0.1,45000,29000,45000,4500.0,40500.0,29000,11500.0
ORD006481,2025-08-24,C0028,P001,R001,2,0.0,350000,245000,700000,0.0,700000.0,490000,210000.0
ORD000266,2025-08-24,C0073,P007,R008,2,0.05,180000,118000,360000,18000.0,342000.0,236000,106000.0
ORD000018,2025-08-25,C0163,P011,R008,2,0.0,85000,57000,170000,0.0,170000.0,114000,56000.0
ORD006217,2025-08-25,C0044,P012,R005,5,0.05,125000,83000,625000,31250.0,593750.0,415000,178750.0
ORD003735,2025-08-25,C0230,P016,R004,1,0.05,55000,35000,55000,2750.0,52250.0,35000,17250.0
ORD007436,2025-08-25,C0254,P009,R011,8,0.05,130000,85000,1040000,52000.0,988000.0,680000,308000.0
ORD006250,2025-08-25,C0166,P002,R001,2,0.05,220000,155000,440000,22000.0,418000.0,310000,108000.0
ORD005310,2025-08-25,C0125,P015,R010,2,0.05,35000,21000,70000,3500.0,66500.0,42000,24500.0
ORD005513,2025-08-25,C0014,P012,R011,5,0.0,125000,83000,625000,0.0,625000.0,415000,210000.0
ORD003800,2025-08-25,C0073,P015,R003,2,0.0,35000,21000,70000,0.0,70000.0,42000,28000.0
ORD001121,2025-08-25,C0294,P010,R007,5,0.02,320000,215000,1600000,32000.0,1568000.0,1075000,493000.0
ORD005135,2025-08-25,C0086,P015,R001,3,0.08,35000,21000,105000,8400.0,96600.0,63000,33600.0
ORD003458,2025-08-25,C0154,P006,R012,10,0.05,95000,62000,950000,47500.0,902500.0,620000,282500.0
ORD006130,2025-08-25,C0170,P020,R010,3,0.05,22000,13000,66000,3300.0,62700.0,39000,23700.0
ORD001402,2025-08-25,C0192,P017,R005,2,0.08,75000,50000,150000,12000.0,138000.0,100000,38000.0
ORD005317,2025-08-25,C0294,P004,R003,2,0.05,140000,98000,280000,14000.0,266000.0,196000,70000.0
ORD002919,2025-08-25,C0092,P004,R006,6,0.15,140000,98000,840000,126000.0,714000.0,588000,126000.0
ORD004566,2025-08-25,C0145,P010,R013,2,0.08,320000,215000,640000,51200.0,588800.0,430000,158800.0
ORD003953,2025-08-25,C0248,P014,R001,4,0.0,18000,10500,72000,0.0,72000.0,42000,30000.0
ORD003652,2025-08-25,C0263,P001,R013,3,0.1,350000,245000,1050000,105000.0,945000.0,735000,210000.0
ORD007742,2025-08-25,C0157,P010,R007,3,0.08,320000,215000,960000,76800.0,883200.0,645000,238200.0
ORD003648,2025-08-25,C0265,P019,R008,4,0.02,45000,29000,180000,3600.0,176400.0,116000,60400.0
ORD005134,2025-08-25,C0278,P018,R003,5,0.05,90000,62000,450000,22500.0,427500.0,310000,117500.0
ORD003190,2025-08-25,C0032,P015,R012,5,0.05,35000,21000,175000,8750.0,166250.0,105000,61250.0
ORD003525,2025-08-25,C0294,P001,R002,4,0.02,350000,245000,1400000,28000.0,1372000.0,980000,392000.0
ORD000659,2025-08-25,C0234,P011,R003,3,0.08,85000,57000,255000,20400.0,234600.0,171000,63600.0
ORD004986,2025-08-26,C0156,P014,R012,8,0.05,18000,10500,144000,7200.0,136800.0,84000,52800.0
ORD006453,2025-08-26,C0274,P019,R001,5,0.1,45000,29000,225000,22500.0,202500.0,145000,57500.0
ORD007278,2025-08-26,C0187,P019,R011,3,0.15,45000,29000,135000,20250.0,114750.0,87000,27750.0
ORD005299,2025-08-26,C0204,P007,R011,8,0.05,180000,118000,1440000,72000.0,1368000.0,944000,424000.0
ORD003400,2025-08-26,C0020,P016,R002,5,0.15,55000,35000,275000,41250.0,233750.0,175000,58750.0
ORD005775,2025-08-26,C0102,P020,R008,4,0.05,22000,13000,88000,4400.0,83600.0,52000,31600.0
ORD003504,2025-08-26,C0162,P007,R010,4,0.05,180000,118000,720000,36000.0,684000.0,472000,212000.0
ORD004943,2025-08-26,C0136,P014,R005,10,0.05,18000,10500,180000,9000.0,171000.0,105000,66000.0
ORD001646,2025-08-26,C0248,P010,R007,3,0.05,320000,215000,960000,48000.0,912000.0,645000,267000.0
ORD001463,2025-08-26,C0222,P014,R003,3,0.05,18000,10500,54000,2700.0,51300.0,31500,19800.0
ORD001885,2025-08-26,C0266,P009,R009,4,0.08,130000,85000,520000,41600.0,478400.0,340000,138400.0
ORD000613,2025-08-27,C0196,P017,R005,6,0.0,75000,50000,450000,0.0,450000.0,300000,150000.0
ORD001439,2025-08-27,C0120,P004,R005,1,0.05,140000,98000,140000,7000.0,133000.0,98000,35000.0
ORD006788,2025-08-27,C0157,P020,R010,2,0.15,22000,13000,44000,6600.0,37400.0,26000,11400.0
ORD006374,2025-08-27,C0004,P016,R011,3,0.05,55000,35000,165000,8250.0,156750.0,105000,51750.0
ORD003205,2025-08-27,C0018,P011,R004,1,0.02,85000,57000,85000,1700.0,83300.0,57000,26300.0
ORD003081,2025-08-27,C0063,P001,R010,4,0.15,350000,245000,1400000,210000.0,1190000.0,980000,210000.0
ORD006802,2025-08-27,C0172,P016,R013,2,0.05,55000,35000,110000,5500.0,104500.0,70000,34500.0
ORD007377,2025-08-27,C0271,P011,R012,1,0.15,85000,57000,85000,12750.0,72250.0,57000,15250.0
ORD003685,2025-08-27,C0215,P007,R007,2,0.05,180000,118000,360000,18000.0,342000.0,236000,106000.0
ORD000229,2025-08-27,C0017,P004,R004,2,0.02,140000,98000,280000,5600.0,274400.0,196000,78400.0
ORD003333,2025-08-27,C0106,P008,R012,8,0.0,110000,72000,880000,0.0,880000.0,576000,304000.0
ORD006971,2025-08-27,C0186,P012,R011,3,0.1,125000,83000,375000,37500.0,337500.0,249000,88500.0
ORD005212,2025-08-27,C0001,P001,R002,6,0.15,350000,245000,2100000,315000.0,1785000.0,1470000,315000.0
ORD003883,2025-08-27,C0203,P007,R008,2,0.08,180000,118000,360000,28800.0,331200.0,236000,95200.0
ORD000331,2025-08-27,C0051,P020,R003,1,0.08,22000,13000,22000,1760.0,20240.0,13000,7240.0
ORD000808,2025-08-27,C0149,P010,R011,1,0.02,320000,215000,320000,6400.0,313600.0,215000,98600.0
ORD003833,2025-08-27,C0276,P014,R002,4,0.0,18000,10500,72000,0.0,72000.0,42000,30000.0
ORD005533,2025-08-27,C0042,P012,R002,1,0.02,125000,83000,125000,2500.0,122500.0,83000,39500.0
ORD003041,2025-08-27,C0184,P020,R001,1,0.0,22000,13000,22000,0.0,22000.0,13000,9000.0
ORD002798,2025-08-28,C0013,P012,R012,3,0.2,125000,83000,375000,75000.0,300000.0,249000,51000.0
ORD006549,2025-08-28,C0148,P016,R008,3,0.02,55000,35000,165000,3300.0,161700.0,105000,56700.0
ORD007298,2025-08-28,C0090,P004,R012,2,0.0,140000,98000,280000,0.0,280000.0,196000,84000.0
ORD006435,2025-08-28,C0261,P017,R005,8,0.08,75000,50000,600000,48000.0,552000.0,400000,152000.0
ORD006407,2025-08-28,C0147,P007,R001,8,0.05,180000,118000,1440000,72000.0,1368000.0,944000,424000.0
ORD006281,2025-08-28,C0156,P017,R013,2,0.02,75000,50000,150000,3000.0,147000.0,100000,47000.0
ORD007357,2025-08-28,C0038,P019,R006,5,0.1,45000,29000,225000,22500.0,202500.0,145000,57500.0
ORD002100,2025-08-28,C0216,P011,R012,2,0.05,85000,57000,170000,8500.0,161500.0,114000,47500.0
ORD004417,2025-08-29,C0136,P014,R008,2,0.05,18000,10500,36000,1800.0,34200.0,21000,13200.0
ORD004712,2025-08-29,C0188,P008,R012,2,0.05,110000,72000,220000,11000.0,209000.0,144000,65000.0
ORD001311,2025-08-29,C0012,P015,R007,3,0.05,35000,21000,105000,5250.0,99750.0,63000,36750.0
ORD002395,2025-08-29,C0273,P003,R001,1,0.08,160000,112000,160000,12800.0,147200.0,112000,35200.0
ORD005479,2025-08-29,C0290,P018,R005,1,0.08,90000,62000,90000,7200.0,82800.0,62000,20800.0
ORD007538,2025-08-29,C0065,P001,R005,1,0.02,350000,245000,350000,7000.0,343000.0,245000,98000.0
ORD003825,2025-08-29,C0034,P015,R003,1,0.02,35000,21000,35000,700.0,34300.0,21000,13300.0
ORD001043,2025-08-30,C0046,P008,R003,3,0.05,110000,72000,330000,16500.0,313500.0,216000,97500.0
ORD001188,2025-08-30,C0044,P013,R007,2,0.02,30000,18500,60000,1200.0,58800.0,37000,21800.0
ORD003003,2025-08-30,C0157,P020,R006,4,0.05,22000,13000,88000,4400.0,83600.0,52000,31600.0
ORD003640,2025-08-30,C0260,P020,R012,8,0.15,22000,13000,176000,26400.0,149600.0,104000,45600.0
ORD006514,2025-08-30,C0138,P017,R008,3,0.0,75000,50000,225000,0.0,225000.0,150000,75000.0
ORD001340,2025-08-30,C0083,P003,R011,5,0.02,160000,112000,800000,16000.0,784000.0,560000,224000.0
ORD005037,2025-08-30,C0129,P013,R003,5,0.15,30000,18500,150000,22500.0,127500.0,92500,35000.0
ORD001532,2025-08-30,C0193,P018,R002,5,0.0,90000,62000,450000,0.0,450000.0,310000,140000.0
ORD000221,2025-08-30,C0041,P008,R012,5,0.0,110000,72000,550000,0.0,550000.0,360000,190000.0
ORD007483,2025-08-30,C0196,P004,R008,5,0.05,140000,98000,700000,35000.0,665000.0,490000,175000.0
ORD000944,2025-08-30,C0147,P014,R012,4,0.1,18000,10500,72000,7200.0,64800.0,42000,22800.0
ORD002558,2025-08-30,C0183,P006,R005,2,0.0,95000,62000,190000,0.0,190000.0,124000,66000.0
ORD001561,2025-08-30,C0112,P013,R007,1,0.02,30000,18500,30000,600.0,29400.0,18500,10900.0
ORD000400,2025-08-31,C0121,P018,R011,4,0.0,90000,62000,360000,0.0,360000.0,248000,112000.0
ORD004057,2025-08-31,C0272,P006,R001,3,0.1,95000,62000,285000,28500.0,256500.0,186000,70500.0
ORD001086,2025-08-31,C0221,P001,R001,1,0.2,350000,245000,350000,70000.0,280000.0,245000,35000.0
ORD005769,2025-08-31,C0186,P017,R013,4,0.05,75000,50000,300000,15000.0,285000.0,200000,85000.0
ORD006208,2025-08-31,C0115,P008,R009,1,0.0,110000,72000,110000,0.0,110000.0,72000,38000.0
ORD000837,2025-08-31,C0193,P017,R012,5,0.05,75000,50000,375000,18750.0,356250.0,250000,106250.0
ORD005712,2025-08-31,C0142,P008,R006,1,0.1,110000,72000,110000,11000.0,99000.0,72000,27000.0
ORD001850,2025-08-31,C0016,P020,R010,3,0.0,22000,13000,66000,0.0,66000.0,39000,27000.0
ORD007999,2025-09-01,C0046,P004,R003,6,0.02,140000,98000,840000,16800.0,823200.0,588000,235200.0
ORD000547,2025-09-01,C0041,P019,R006,3,0.08,45000,29000,135000,10800.0,124200.0,87000,37200.0
ORD001436,2025-09-01,C0251,P013,R004,6,0.0,30000,18500,180000,0.0,180000.0,111000,69000.0
ORD007260,2025-09-01,C0097,P018,R001,6,0.0,90000,62000,540000,0.0,540000.0,372000,168000.0
ORD006172,2025-09-01,C0109,P019,R011,2,0.0,45000,29000,90000,0.0,90000.0,58000,32000.0
ORD004135,2025-09-01,C0121,P013,R010,6,0.08,30000,18500,180000,14400.0,165600.0,111000,54600.0
ORD007320,2025-09-01,C0242,P016,R008,4,0.05,55000,35000,220000,11000.0,209000.0,140000,69000.0
ORD000709,2025-09-01,C0013,P012,R011,2,0.15,125000,83000,250000,37500.0,212500.0,166000,46500.0
ORD003562,2025-09-01,C0010,P008,R005,2,0.05,110000,72000,220000,11000.0,209000.0,144000,65000.0
ORD007943,2025-09-02,C0007,P005,R004,1,0.05,120000,84000,120000,6000.0,114000.0,84000,30000.0
ORD007018,2025-09-02,C0168,P019,R005,4,0.02,45000,29000,180000,3600.0,176400.0,116000,60400.0
ORD003916,2025-09-02,C0254,P013,R001,3,0.02,30000,18500,90000,1800.0,88200.0,55500,32700.0
ORD000805,2025-09-02,C0002,P006,R011,3,0.02,95000,62000,285000,5700.0,279300.0,186000,93300.0
ORD003084,2025-09-02,C0026,P005,R010,2,0.0,120000,84000,240000,0.0,240000.0,168000,72000.0
ORD004392,2025-09-02,C0197,P005,R007,5,0.1,120000,84000,600000,60000.0,540000.0,420000,120000.0
ORD004020,2025-09-02,C0191,P014,R007,10,0.15,18000,10500,180000,27000.0,153000.0,105000,48000.0
ORD002769,2025-09-02,C0146,P016,R008,4,0.08,55000,35000,220000,17600.0,202400.0,140000,62400.0
ORD003691,2025-09-02,C0193,P004,R003,2,0.05,140000,98000,280000,14000.0,266000.0,196000,70000.0
ORD002603,2025-09-02,C0273,P009,R003,3,0.02,130000,85000,390000,7800.0,382200.0,255000,127200.0
ORD002203,2025-09-02,C0257,P006,R006,2,0.1,95000,62000,190000,19000.0,171000.0,124000,47000.0
ORD003620,2025-09-03,C0075,P007,R006,4,0.02,180000,118000,720000,14400.0,705600.0,472000,233600.0
ORD004952,2025-09-03,C0175,P017,R011,6,0.2,75000,50000,450000,90000.0,360000.0,300000,60000.0
ORD001526,2025-09-03,C0229,P005,R006,8,0.1,120000,84000,960000,96000.0,864000.0,672000,192000.0
ORD005030,2025-09-03,C0048,P014,R006,6,0.02,18000,10500,108000,2160.0,105840.0,63000,42840.0
ORD002260,2025-09-03,C0234,P008,R011,3,0.05,110000,72000,330000,16500.0,313500.0,216000,97500.0
ORD007043,2025-09-03,C0001,P013,R007,10,0.02,30000,18500,300000,6000.0,294000.0,185000,109000.0
ORD005234,2025-09-03,C0182,P014,R013,6,0.0,18000,10500,108000,0.0,108000.0,63000,45000.0
ORD007055,2025-09-03,C0112,P005,R004,4,0.05,120000,84000,480000,24000.0,456000.0,336000,120000.0
ORD004134,2025-09-03,C0040,P004,R001,4,0.0,140000,98000,560000,0.0,560000.0,392000,168000.0
ORD007069,2025-09-03,C0047,P012,R012,5,0.02,125000,83000,625000,12500.0,612500.0,415000,197500.0
ORD001119,2025-09-03,C0215,P014,R004,4,0.02,18000,10500,72000,1440.0,70560.0,42000,28560.0
ORD005924,2025-09-03,C0044,P009,R010,2,0.1,130000,85000,260000,26000.0,234000.0,170000,64000.0
ORD006689,2025-09-03,C0283,P015,R008,4,0.1,35000,21000,140000,14000.0,126000.0,84000,42000.0
ORD004209,2025-09-03,C0137,P003,R003,2,0.1,160000,112000,320000,32000.0,288000.0,224000,64000.0
ORD003952,2025-09-03,C0209,P016,R009,2,0.05,55000,35000,110000,5500.0,104500.0,70000,34500.0
ORD004875,2025-09-04,C0027,P003,R004,3,0.0,160000,112000,480000,0.0,480000.0,336000,144000.0
ORD003663,2025-09-04,C0159,P001,R004,3,0.05,350000,245000,1050000,52500.0,997500.0,735000,262500.0
ORD004035,2025-09-04,C0104,P005,R004,5,0.08,120000,84000,600000,48000.0,552000.0,420000,132000.0
ORD007415,2025-09-04,C0164,P001,R007,10,0.0,350000,245000,3500000,0.0,3500000.0,2450000,1050000.0
ORD002636,2025-09-04,C0194,P017,R002,10,0.0,75000,50000,750000,0.0,750000.0,500000,250000.0
ORD004602,2025-09-04,C0220,P017,R008,10,0.1,75000,50000,750000,75000.0,675000.0,500000,175000.0
ORD001913,2025-09-04,C0102,P014,R006,2,0.08,18000,10500,36000,2880.0,33120.0,21000,12120.0
ORD000022,2025-09-04,C0193,P014,R010,8,0.05,18000,10500,144000,7200.0,136800.0,84000,52800.0
ORD003461,2025-09-04,C0059,P009,R004,2,0.1,130000,85000,260000,26000.0,234000.0,170000,64000.0
ORD002605,2025-09-04,C0210,P006,R001,8,0.2,95000,62000,760000,152000.0,608000.0,496000,112000.0
ORD003572,2025-09-04,C0082,P018,R002,3,0.1,90000,62000,270000,27000.0,243000.0,186000,57000.0
ORD005210,2025-09-04,C0182,P012,R006,3,0.02,125000,83000,375000,7500.0,367500.0,249000,118500.0
ORD003407,2025-09-04,C0203,P017,R007,1,0.15,75000,50000,75000,11250.0,63750.0,50000,13750.0
ORD003046,2025-09-04,C0283,P020,R004,3,0.0,22000,13000,66000,0.0,66000.0,39000,27000.0
ORD003060,2025-09-04,C0274,P003,R009,1,0.15,160000,112000,160000,24000.0,136000.0,112000,24000.0
ORD004463,2025-09-04,C0185,P013,R008,3,0.05,30000,18500,90000,4500.0,85500.0,55500,30000.0
ORD005041,2025-09-05,C0293,P013,R013,3,0.05,30000,18500,90000,4500.0,85500.0,55500,30000.0
ORD001953,2025-09-05,C0220,P015,R013,2,0.02,35000,21000,70000,1400.0,68600.0,42000,26600.0
ORD001407,2025-09-05,C0108,P002,R007,3,0.02,220000,155000,660000,13200.0,646800.0,465000,181800.0
ORD002562,2025-09-05,C0173,P020,R001,2,0.02,22000,13000,44000,880.0,43120.0,26000,17120.0
ORD007608,2025-09-05,C0204,P002,R011,2,0.15,220000,155000,440000,66000.0,374000.0,310000,64000.0
ORD002906,2025-09-05,C0294,P016,R010,6,0.02,55000,35000,330000,6600.0,323400.0,210000,113400.0
ORD007583,2025-09-05,C0006,P013,R006,1,0.0,30000,18500,30000,0.0,30000.0,18500,11500.0
ORD005643,2025-09-05,C0212,P016,R012,5,0.08,55000,35000,275000,22000.0,253000.0,175000,78000.0
ORD006003,2025-09-05,C0202,P012,R008,1,0.05,125000,83000,125000,6250.0,118750.0,83000,35750.0
ORD004692,2025-09-05,C0128,P020,R004,2,0.05,22000,13000,44000,2200.0,41800.0,26000,15800.0
ORD002935,2025-09-05,C0145,P016,R005,5,0.05,55000,35000,275000,13750.0,261250.0,175000,86250.0
ORD003801,2025-09-05,C0076,P020,R006,2,0.15,22000,13000,44000,6600.0,37400.0,26000,11400.0
ORD002698,2025-09-05,C0115,P004,R006,2,0.0,140000,98000,280000,0.0,280000.0,196000,84000.0
ORD000282,2025-09-06,C0180,P014,R011,5,0.1,18000,10500,90000,9000.0,81000.0,52500,28500.0
ORD003703,2025-09-06,C0109,P003,R003,3,0.0,160000,112000,480000,0.0,480000.0,336000,144000.0
ORD006678,2025-09-06,C0154,P007,R009,6,0.0,180000,118000,1080000,0.0,1080000.0,708000,372000.0
ORD007054,2025-09-06,C0182,P014,R007,2,0.08,18000,10500,36000,2880.0,33120.0,21000,12120.0
ORD004409,2025-09-06,C0152,P004,R005,3,0.02,140000,98000,420000,8400.0,411600.0,294000,117600.0
ORD004319,2025-09-06,C0045,P020,R002,4,0.0,22000,13000,88000,0.0,88000.0,52000,36000.0
ORD005649,2025-09-06,C0016,P012,R008,4,0.08,125000,83000,500000,40000.0,460000.0,332000,128000.0
ORD005667,2025-09-06,C0207,P015,R011,1,0.08,35000,21000,35000,2800.0,32200.0,21000,11200.0
ORD000327,2025-09-06,C0119,P003,R009,1,0.1,160000,112000,160000,16000.0,144000.0,112000,32000.0
ORD006488,2025-09-06,C0179,P002,R012,2,0.02,220000,155000,440000,8800.0,431200.0,310000,121200.0
ORD007865,2025-09-06,C0127,P007,R013,3,0.15,180000,118000,540000,81000.0,459000.0,354000,105000.0
ORD000260,2025-09-07,C0042,P006,R012,1,0.02,95000,62000,95000,1900.0,93100.0,62000,31100.0
ORD007961,2025-09-07,C0044,P010,R008,2,0.08,320000,215000,640000,51200.0,588800.0,430000,158800.0
ORD003629,2025-09-07,C0022,P002,R005,8,0.02,220000,155000,1760000,35200.0,1724800.0,1240000,484800.0
ORD003592,2025-09-07,C0220,P018,R012,6,0.0,90000,62000,540000,0.0,540000.0,372000,168000.0
ORD006280,2025-09-07,C0201,P019,R010,4,0.05,45000,29000,180000,9000.0,171000.0,116000,55000.0
ORD001111,2025-09-07,C0007,P003,R013,4,0.0,160000,112000,640000,0.0,640000.0,448000,192000.0
ORD002103,2025-09-07,C0091,P011,R006,5,0.05,85000,57000,425000,21250.0,403750.0,285000,118750.0
ORD005102,2025-09-07,C0139,P018,R012,3,0.15,90000,62000,270000,40500.0,229500.0,186000,43500.0
ORD000759,2025-09-07,C0293,P016,R010,6,0.0,55000,35000,330000,0.0,330000.0,210000,120000.0
ORD003161,2025-09-07,C0236,P018,R005,2,0.05,90000,62000,180000,9000.0,171000.0,124000,47000.0
ORD001800,2025-09-07,C0259,P017,R002,2,0.0,75000,50000,150000,0.0,150000.0,100000,50000.0
ORD004027,2025-09-08,C0106,P013,R001,2,0.05,30000,18500,60000,3000.0,57000.0,37000,20000.0
ORD005087,2025-09-08,C0122,P007,R006,3,0.0,180000,118000,540000,0.0,540000.0,354000,186000.0
ORD003101,2025-09-08,C0038,P008,R008,5,0.0,110000,72000,550000,0.0,550000.0,360000,190000.0
ORD000879,2025-09-08,C0166,P020,R001,8,0.0,22000,13000,176000,0.0,176000.0,104000,72000.0
ORD003790,2025-09-08,C0300,P006,R006,2,0.0,95000,62000,190000,0.0,190000.0,124000,66000.0
ORD000797,2025-09-08,C0135,P002,R005,4,0.08,220000,155000,880000,70400.0,809600.0,620000,189600.0
ORD004253,2025-09-08,C0078,P006,R005,3,0.05,95000,62000,285000,14250.0,270750.0,186000,84750.0
ORD001190,2025-09-08,C0108,P005,R011,2,0.15,120000,84000,240000,36000.0,204000.0,168000,36000.0
ORD004656,2025-09-08,C0084,P012,R013,3,0.05,125000,83000,375000,18750.0,356250.0,249000,107250.0
ORD001068,2025-09-08,C0186,P010,R004,2,0.1,320000,215000,640000,64000.0,576000.0,430000,146000.0
ORD001171,2025-09-08,C0003,P007,R004,10,0.0,180000,118000,1800000,0.0,1800000.0,1180000,620000.0
ORD005933,2025-09-08,C0064,P001,R011,2,0.0,350000,245000,700000,0.0,700000.0,490000,210000.0
ORD005198,2025-09-08,C0224,P011,R008,1,0.05,85000,57000,85000,4250.0,80750.0,57000,23750.0
ORD001975,2025-09-08,C0212,P019,R010,5,0.02,45000,29000,225000,4500.0,220500.0,145000,75500.0
ORD000222,2025-09-08,C0186,P019,R007,1,0.05,45000,29000,45000,2250.0,42750.0,29000,13750.0
ORD005432,2025-09-09,C0004,P005,R010,3,0.1,120000,84000,360000,36000.0,324000.0,252000,72000.0
ORD002982,2025-09-09,C0154,P002,R011,4,0.0,220000,155000,880000,0.0,880000.0,620000,260000.0
ORD000151,2025-09-09,C0236,P008,R007,3,0.1,110000,72000,330000,33000.0,297000.0,216000,81000.0
ORD002588,2025-09-09,C0182,P013,R009,1,0.0,30000,18500,30000,0.0,30000.0,18500,11500.0
ORD003576,2025-09-09,C0177,P003,R005,2,0.2,160000,112000,320000,64000.0,256000.0,224000,32000.0
ORD002461,2025-09-09,C0035,P008,R009,8,0.1,110000,72000,880000,88000.0,792000.0,576000,216000.0
ORD005364,2025-09-09,C0091,P016,R011,1,0.05,55000,35000,55000,2750.0,52250.0,35000,17250.0
ORD006982,2025-09-10,C0064,P007,R001,2,0.02,180000,118000,360000,7200.0,352800.0,236000,116800.0
ORD000340,2025-09-10,C0268,P005,R013,3,0.0,120000,84000,360000,0.0,360000.0,252000,108000.0
ORD003846,2025-09-10,C0172,P005,R011,8,0.0,120000,84000,960000,0.0,960000.0,672000,288000.0
ORD005840,2025-09-10,C0259,P002,R010,5,0.15,220000,155000,1100000,165000.0,935000.0,775000,160000.0
ORD004352,2025-09-10,C0131,P015,R004,2,0.02,35000,21000,70000,1400.0,68600.0,42000,26600.0
ORD006967,2025-09-10,C0066,P019,R013,3,0.15,45000,29000,135000,20250.0,114750.0,87000,27750.0
ORD006393,2025-09-10,C0176,P009,R012,1,0.15,130000,85000,130000,19500.0,110500.0,85000,25500.0
ORD003249,2025-09-10,C0263,P007,R002,1,0.05,180000,118000,180000,9000.0,171000.0,118000,53000.0
ORD000216,2025-09-10,C0290,P019,R008,8,0.0,45000,29000,360000,0.0,360000.0,232000,128000.0
ORD007210,2025-09-10,C0111,P009,R010,6,0.15,130000,85000,780000,117000.0,663000.0,510000,153000.0
ORD006705,2025-09-10,C0297,P014,R009,3,0.02,18000,10500,54000,1080.0,52920.0,31500,21420.0
ORD005017,2025-09-10,C0131,P020,R012,2,0.1,22000,13000,44000,4400.0,39600.0,26000,13600.0
ORD004193,2025-09-10,C0039,P013,R003,1,0.1,30000,18500,30000,3000.0,27000.0,18500,8500.0
ORD001491,2025-09-10,C0152,P007,R004,2,0.0,180000,118000,360000,0.0,360000.0,236000,124000.0
ORD007267,2025-09-10,C0015,P018,R001,2,0.0,90000,62000,180000,0.0,180000.0,124000,56000.0
ORD000066,2025-09-10,C0105,P019,R005,3,0.05,45000,29000,135000,6750.0,128250.0,87000,41250.0
ORD007908,2025-09-10,C0190,P007,R009,2,0.05,180000,118000,360000,18000.0,342000.0,236000,106000.0
ORD006688,2025-09-10,C0179,P008,R005,3,0.02,110000,72000,330000,6600.0,323400.0,216000,107400.0
ORD000128,2025-09-10,C0194,P016,R013,2,0.15,55000,35000,110000,16500.0,93500.0,70000,23500.0
ORD006769,2025-09-10,C0070,P001,R009,2,0.1,350000,245000,700000,70000.0,630000.0,490000,140000.0
ORD001457,2025-09-10,C0300,P003,R013,1,0.08,160000,112000,160000,12800.0,147200.0,112000,35200.0
ORD004590,2025-09-10,C0241,P013,R011,1,0.1,30000,18500,30000,3000.0,27000.0,18500,8500.0
ORD004931,2025-09-11,C0035,P013,R010,2,0.15,30000,18500,60000,9000.0,51000.0,37000,14000.0
ORD000039,2025-09-11,C0026,P018,R012,4,0.0,90000,62000,360000,0.0,360000.0,248000,112000.0
ORD002738,2025-09-11,C0077,P007,R001,2,0.05,180000,118000,360000,18000.0,342000.0,236000,106000.0
ORD000511,2025-09-11,C0009,P004,R012,3,0.05,140000,98000,420000,21000.0,399000.0,294000,105000.0
ORD002700,2025-09-11,C0273,P004,R010,1,0.05,140000,98000,140000,7000.0,133000.0,98000,35000.0
ORD005112,2025-09-11,C0127,P020,R003,1,0.05,22000,13000,22000,1100.0,20900.0,13000,7900.0
ORD006460,2025-09-11,C0198,P014,R002,2,0.2,18000,10500,36000,7200.0,28800.0,21000,7800.0
ORD000490,2025-09-11,C0257,P016,R013,4,0.15,55000,35000,220000,33000.0,187000.0,140000,47000.0
ORD001867,2025-09-11,C0030,P016,R011,6,0.05,55000,35000,330000,16500.0,313500.0,210000,103500.0
ORD007761,2025-09-11,C0297,P004,R011,3,0.0,140000,98000,420000,0.0,420000.0,294000,126000.0
ORD001482,2025-09-11,C0183,P014,R013,1,0.15,18000,10500,18000,2700.0,15300.0,10500,4800.0
ORD001774,2025-09-11,C0167,P020,R002,5,0.05,22000,13000,110000,5500.0,104500.0,65000,39500.0
ORD001352,2025-09-11,C0219,P004,R011,3,0.05,140000,98000,420000,21000.0,399000.0,294000,105000.0
ORD005103,2025-09-12,C0294,P020,R009,1,0.15,22000,13000,22000,3300.0,18700.0,13000,5700.0
ORD005616,2025-09-12,C0248,P019,R003,2,0.0,45000,29000,90000,0.0,90000.0,58000,32000.0
ORD003471,2025-09-12,C0265,P011,R002,1,0.05,85000,57000,85000,4250.0,80750.0,57000,23750.0
ORD005820,2025-09-12,C0060,P016,R013,4,0.05,55000,35000,220000,11000.0,209000.0,140000,69000.0
ORD004191,2025-09-12,C0032,P005,R012,1,0.1,120000,84000,120000,12000.0,108000.0,84000,24000.0
ORD005127,2025-09-12,C0217,P019,R011,1,0.05,45000,29000,45000,2250.0,42750.0,29000,13750.0
ORD005188,2025-09-12,C0067,P010,R012,2,0.02,320000,215000,640000,12800.0,627200.0,430000,197200.0
ORD002014,2025-09-12,C0109,P002,R013,6,0.08,220000,155000,1320000,105600.0,1214400.0,930000,284400.0
ORD007047,2025-09-12,C0214,P016,R002,6,0.0,55000,35000,330000,0.0,330000.0,210000,120000.0
ORD005393,2025-09-12,C0080,P008,R005,8,0.02,110000,72000,880000,17600.0,862400.0,576000,286400.0
ORD006030,2025-09-12,C0067,P008,R012,6,0.05,110000,72000,660000,33000.0,627000.0,432000,195000.0
ORD005141,2025-09-12,C0248,P001,R009,4,0.15,350000,245000,1400000,210000.0,1190000.0,980000,210000.0
ORD005880,2025-09-12,C0088,P007,R009,2,0.02,180000,118000,360000,7200.0,352800.0,236000,116800.0
ORD002624,2025-09-12,C0078,P009,R009,2,0.02,130000,85000,260000,5200.0,254800.0,170000,84800.0
ORD007867,2025-09-12,C0139,P015,R011,3,0.08,35000,21000,105000,8400.0,96600.0,63000,33600.0
ORD005147,2025-09-13,C0215,P017,R002,3,0.15,75000,50000,225000,33750.0,191250.0,150000,41250.0
ORD006059,2025-09-13,C0231,P001,R009,1,0.08,350000,245000,350000,28000.0,322000.0,245000,77000.0
ORD003797,2025-09-13,C0060,P018,R002,8,0.1,90000,62000,720000,72000.0,648000.0,496000,152000.0
ORD007963,2025-09-13,C0119,P020,R006,4,0.0,22000,13000,88000,0.0,88000.0,52000,36000.0
ORD002661,2025-09-13,C0018,P004,R006,3,0.05,140000,98000,420000,21000.0,399000.0,294000,105000.0
ORD004607,2025-09-13,C0063,P019,R005,5,0.05,45000,29000,225000,11250.0,213750.0,145000,68750.0
ORD003338,2025-09-13,C0123,P020,R009,2,0.05,22000,13000,44000,2200.0,41800.0,26000,15800.0
ORD000218,2025-09-13,C0066,P017,R006,1,0.08,75000,50000,75000,6000.0,69000.0,50000,19000.0
ORD001649,2025-09-13,C0038,P003,R009,1,0.0,160000,112000,160000,0.0,160000.0,112000,48000.0
ORD000645,2025-09-13,C0032,P004,R010,5,0.0,140000,98000,700000,0.0,700000.0,490000,210000.0
ORD003151,2025-09-13,C0142,P019,R009,2,0.0,45000,29000,90000,0.0,90000.0,58000,32000.0
ORD002992,2025-09-13,C0187,P010,R013,4,0.08,320000,215000,1280000,102400.0,1177600.0,860000,317600.0
ORD004194,2025-09-14,C0101,P015,R006,3,0.02,35000,21000,105000,2100.0,102900.0,63000,39900.0
ORD007508,2025-09-14,C0121,P006,R006,4,0.0,95000,62000,380000,0.0,380000.0,248000,132000.0
ORD005622,2025-09-14,C0071,P018,R006,1,0.2,90000,62000,90000,18000.0,72000.0,62000,10000.0
ORD001157,2025-09-14,C0046,P018,R008,6,0.02,90000,62000,540000,10800.0,529200.0,372000,157200.0
ORD007376,2025-09-14,C0073,P005,R001,1,0.08,120000,84000,120000,9600.0,110400.0,84000,26400.0
ORD007838,2025-09-14,C0224,P003,R002,1,0.08,160000,112000,160000,12800.0,147200.0,112000,35200.0
ORD002322,2025-09-14,C0046,P018,R007,3,0.02,90000,62000,270000,5400.0,264600.0,186000,78600.0
ORD007296,2025-09-14,C0211,P006,R002,2,0.08,95000,62000,190000,15200.0,174800.0,124000,50800.0
ORD007395,2025-09-14,C0204,P018,R007,4,0.0,90000,62000,360000,0.0,360000.0,248000,112000.0
ORD007148,2025-09-14,C0297,P002,R010,8,0.08,220000,155000,1760000,140800.0,1619200.0,1240000,379200.0
ORD000338,2025-09-14,C0083,P013,R002,5,0.1,30000,18500,150000,15000.0,135000.0,92500,42500.0
ORD006331,2025-09-14,C0099,P001,R001,2,0.05,350000,245000,700000,35000.0,665000.0,490000,175000.0
ORD000990,2025-09-14,C0286,P020,R001,3,0.08,22000,13000,66000,5280.0,60720.0,39000,21720.0
ORD007134,2025-09-14,C0071,P017,R012,3,0.02,75000,50000,225000,4500.0,220500.0,150000,70500.0
ORD000918,2025-09-15,C0035,P020,R006,5,0.02,22000,13000,110000,2200.0,107800.0,65000,42800.0
ORD005064,2025-09-15,C0235,P007,R011,3,0.0,180000,118000,540000,0.0,540000.0,354000,186000.0
ORD003821,2025-09-15,C0030,P007,R009,3,0.15,180000,118000,540000,81000.0,459000.0,354000,105000.0
ORD007748,2025-09-15,C0188,P015,R008,1,0.02,35000,21000,35000,700.0,34300.0,21000,13300.0
ORD005339,2025-09-15,C0269,P005,R001,5,0.08,120000,84000,600000,48000.0,552000.0,420000,132000.0
ORD002898,2025-09-15,C0193,P007,R005,3,0.15,180000,118000,540000,81000.0,459000.0,354000,105000.0
ORD005106,2025-09-15,C0074,P016,R005,2,0.08,55000,35000,110000,8800.0,101200.0,70000,31200.0
ORD000051,2025-09-15,C0142,P018,R013,3,0.2,90000,62000,270000,54000.0,216000.0,186000,30000.0
ORD005599,2025-09-15,C0224,P002,R007,3,0.05,220000,155000,660000,33000.0,627000.0,465000,162000.0
ORD002133,2025-09-15,C0235,P010,R005,3,0.0,320000,215000,960000,0.0,960000.0,645000,315000.0
ORD003235,2025-09-15,C0221,P003,R011,3,0.05,160000,112000,480000,24000.0,456000.0,336000,120000.0
ORD007640,2025-09-15,C0298,P001,R008,2,0.05,350000,245000,700000,35000.0,665000.0,490000,175000.0
ORD006318,2025-09-15,C0076,P005,R007,4,0.05,120000,84000,480000,24000.0,456000.0,336000,120000.0
ORD000845,2025-09-16,C0266,P008,R006,3,0.0,110000,72000,330000,0.0,330000.0,216000,114000.0
ORD001380,2025-09-16,C0194,P018,R004,2,0.0,90000,62000,180000,0.0,180000.0,124000,56000.0
ORD005728,2025-09-16,C0127,P015,R013,3,0.05,35000,21000,105000,5250.0,99750.0,63000,36750.0
ORD005466,2025-09-16,C0141,P004,R009,6,0.0,140000,98000,840000,0.0,840000.0,588000,252000.0
ORD006124,2025-09-16,C0068,P009,R007,2,0.05,130000,85000,260000,13000.0,247000.0,170000,77000.0
ORD001893,2025-09-16,C0069,P002,R013,1,0.0,220000,155000,220000,0.0,220000.0,155000,65000.0
ORD005100,2025-09-16,C0115,P004,R008,5,0.15,140000,98000,700000,105000.0,595000.0,490000,105000.0
ORD000197,2025-09-16,C0196,P005,R012,8,0.1,120000,84000,960000,96000.0,864000.0,672000,192000.0
ORD007807,2025-09-16,C0116,P013,R001,10,0.08,30000,18500,300000,24000.0,276000.0,185000,91000.0
ORD005624,2025-09-16,C0239,P009,R013,1,0.08,130000,85000,130000,10400.0,119600.0,85000,34600.0
ORD004218,2025-09-16,C0203,P012,R004,3,0.15,125000,83000,375000,56250.0,318750.0,249000,69750.0
ORD000431,2025-09-16,C0159,P010,R012,2,0.0,320000,215000,640000,0.0,640000.0,430000,210000.0
ORD005505,2025-09-16,C0255,P005,R009,5,0.0,120000,84000,600000,0.0,600000.0,420000,180000.0
ORD004663,2025-09-17,C0082,P012,R013,5,0.02,125000,83000,625000,12500.0,612500.0,415000,197500.0
ORD004156,2025-09-17,C0268,P010,R013,3,0.1,320000,215000,960000,96000.0,864000.0,645000,219000.0
ORD001505,2025-09-17,C0047,P009,R008,4,0.08,130000,85000,520000,41600.0,478400.0,340000,138400.0
ORD001782,2025-09-17,C0213,P001,R011,3,0.05,350000,245000,1050000,52500.0,997500.0,735000,262500.0
ORD006203,2025-09-17,C0013,P012,R012,1,0.08,125000,83000,125000,10000.0,115000.0,83000,32000.0
ORD007521,2025-09-17,C0295,P014,R010,1,0.2,18000,10500,18000,3600.0,14400.0,10500,3900.0
ORD007756,2025-09-17,C0224,P015,R004,8,0.02,35000,21000,280000,5600.0,274400.0,168000,106400.0
ORD001900,2025-09-17,C0118,P014,R009,1,0.02,18000,10500,18000,360.0,17640.0,10500,7140.0
ORD001762,2025-09-17,C0104,P005,R012,10,0.08,120000,84000,1200000,96000.0,1104000.0,840000,264000.0
ORD001910,2025-09-17,C0007,P019,R012,2,0.02,45000,29000,90000,1800.0,88200.0,58000,30200.0
ORD002599,2025-09-17,C0180,P002,R007,2,0.1,220000,155000,440000,44000.0,396000.0,310000,86000.0
ORD005809,2025-09-17,C0109,P020,R008,6,0.02,22000,13000,132000,2640.0,129360.0,78000,51360.0
ORD004176,2025-09-17,C0217,P006,R002,1,0.08,95000,62000,95000,7600.0,87400.0,62000,25400.0
ORD002385,2025-09-17,C0056,P004,R012,2,0.2,140000,98000,280000,56000.0,224000.0,196000,28000.0
ORD007913,2025-09-17,C0076,P001,R007,2,0.08,350000,245000,700000,56000.0,644000.0,490000,154000.0
ORD004103,2025-09-17,C0046,P001,R007,4,0.05,350000,245000,1400000,70000.0,1330000.0,980000,350000.0
ORD002328,2025-09-17,C0119,P010,R007,2,0.08,320000,215000,640000,51200.0,588800.0,430000,158800.0
ORD003299,2025-09-17,C0194,P017,R003,1,0.02,75000,50000,75000,1500.0,73500.0,50000,23500.0
ORD006255,2025-09-18,C0052,P020,R011,10,0.05,22000,13000,220000,11000.0,209000.0,130000,79000.0
ORD006043,2025-09-18,C0293,P001,R004,2,0.05,350000,245000,700000,35000.0,665000.0,490000,175000.0
ORD005619,2025-09-18,C0250,P018,R013,3,0.0,90000,62000,270000,0.0,270000.0,186000,84000.0
ORD000500,2025-09-18,C0082,P015,R005,5,0.1,35000,21000,175000,17500.0,157500.0,105000,52500.0
ORD001780,2025-09-18,C0138,P008,R007,1,0.0,110000,72000,110000,0.0,110000.0,72000,38000.0
ORD004464,2025-09-18,C0145,P006,R003,5,0.0,95000,62000,475000,0.0,475000.0,310000,165000.0
ORD000644,2025-09-18,C0008,P010,R003,4,0.1,320000,215000,1280000,128000.0,1152000.0,860000,292000.0
ORD003032,2025-09-18,C0054,P018,R005,3,0.05,90000,62000,270000,13500.0,256500.0,186000,70500.0
ORD007308,2025-09-18,C0046,P010,R010,3,0.05,320000,215000,960000,48000.0,912000.0,645000,267000.0
ORD001595,2025-09-18,C0107,P013,R012,2,0.08,30000,18500,60000,4800.0,55200.0,37000,18200.0
ORD000873,2025-09-18,C0231,P001,R006,1,0.05,350000,245000,350000,17500.0,332500.0,245000,87500.0
ORD000433,2025-09-18,C0058,P003,R001,4,0.0,160000,112000,640000,0.0,640000.0,448000,192000.0
ORD001146,2025-09-18,C0121,P001,R001,1,0.05,350000,245000,350000,17500.0,332500.0,245000,87500.0
ORD007788,2025-09-18,C0139,P002,R012,3,0.0,220000,155000,660000,0.0,660000.0,465000,195000.0
ORD001682,2025-09-18,C0263,P018,R007,3,0.0,90000,62000,270000,0.0,270000.0,186000,84000.0
ORD005292,2025-09-19,C0042,P002,R007,6,0.15,220000,155000,1320000,198000.0,1122000.0,930000,192000.0
ORD002201,2025-09-19,C0196,P019,R005,2,0.0,45000,29000,90000,0.0,90000.0,58000,32000.0
ORD006229,2025-09-19,C0259,P007,R006,3,0.1,180000,118000,540000,54000.0,486000.0,354000,132000.0
ORD007768,2025-09-19,C0085,P015,R012,1,0.0,35000,21000,35000,0.0,35000.0,21000,14000.0
ORD006547,2025-09-19,C0160,P020,R012,1,0.0,22000,13000,22000,0.0,22000.0,13000,9000.0
ORD002060,2025-09-19,C0173,P004,R008,8,0.02,140000,98000,1120000,22400.0,1097600.0,784000,313600.0
ORD002766,2025-09-19,C0227,P011,R010,1,0.08,85000,57000,85000,6800.0,78200.0,57000,21200.0
ORD000895,2025-09-19,C0098,P011,R008,8,0.0,85000,57000,680000,0.0,680000.0,456000,224000.0
ORD005477,2025-09-19,C0027,P002,R001,3,0.0,220000,155000,660000,0.0,660000.0,465000,195000.0
ORD003829,2025-09-19,C0287,P015,R006,4,0.1,35000,21000,140000,14000.0,126000.0,84000,42000.0
ORD001429,2025-09-19,C0146,P005,R011,2,0.05,120000,84000,240000,12000.0,228000.0,168000,60000.0
ORD002062,2025-09-19,C0064,P005,R001,2,0.02,120000,84000,240000,4800.0,235200.0,168000,67200.0
ORD002921,2025-09-19,C0097,P002,R011,2,0.02,220000,155000,440000,8800.0,431200.0,310000,121200.0
ORD001305,2025-09-20,C0217,P010,R009,5,0.05,320000,215000,1600000,80000.0,1520000.0,1075000,445000.0
ORD002449,2025-09-20,C0280,P017,R004,5,0.08,75000,50000,375000,30000.0,345000.0,250000,95000.0
ORD001354,2025-09-20,C0226,P011,R012,8,0.1,85000,57000,680000,68000.0,612000.0,456000,156000.0
ORD001502,2025-09-20,C0173,P016,R003,8,0.15,55000,35000,440000,66000.0,374000.0,280000,94000.0
ORD004092,2025-09-20,C0026,P015,R004,4,0.0,35000,21000,140000,0.0,140000.0,84000,56000.0
ORD003841,2025-09-20,C0196,P002,R010,3,0.1,220000,155000,660000,66000.0,594000.0,465000,129000.0
ORD003236,2025-09-21,C0001,P009,R004,1,0.08,130000,85000,130000,10400.0,119600.0,85000,34600.0
ORD001063,2025-09-21,C0019,P016,R010,1,0.05,55000,35000,55000,2750.0,52250.0,35000,17250.0
ORD005883,2025-09-21,C0107,P017,R005,10,0.15,75000,50000,750000,112500.0,637500.0,500000,137500.0
ORD007987,2025-09-21,C0171,P016,R003,4,0.1,55000,35000,220000,22000.0,198000.0,140000,58000.0
ORD007656,2025-09-21,C0040,P005,R012,2,0.2,120000,84000,240000,48000.0,192000.0,168000,24000.0
ORD000616,2025-09-21,C0035,P007,R003,6,0.1,180000,118000,1080000,108000.0,972000.0,708000,264000.0
ORD000597,2025-09-21,C0251,P006,R004,3,0.15,95000,62000,285000,42750.0,242250.0,186000,56250.0
ORD002308,2025-09-21,C0106,P006,R003,6,0.08,95000,62000,570000,45600.0,524400.0,372000,152400.0
ORD007033,2025-09-21,C0205,P009,R006,4,0.15,130000,85000,520000,78000.0,442000.0,340000,102000.0
ORD001388,2025-09-21,C0183,P007,R012,1,0.0,180000,118000,180000,0.0,180000.0,118000,62000.0
ORD003346,2025-09-21,C0137,P019,R008,4,0.05,45000,29000,180000,9000.0,171000.0,116000,55000.0
ORD005644,2025-09-21,C0072,P013,R006,1,0.02,30000,18500,30000,600.0,29400.0,18500,10900.0
ORD002003,2025-09-22,C0134,P006,R006,1,0.0,95000,62000,95000,0.0,95000.0,62000,33000.0
ORD004871,2025-09-22,C0254,P008,R007,6,0.0,110000,72000,660000,0.0,660000.0,432000,228000.0
ORD004244,2025-09-22,C0185,P015,R003,2,0.0,35000,21000,70000,0.0,70000.0,42000,28000.0
ORD002634,2025-09-22,C0013,P011,R001,2,0.1,85000,57000,170000,17000.0,153000.0,114000,39000.0
ORD006890,2025-09-22,C0180,P017,R013,4,0.08,75000,50000,300000,24000.0,276000.0,200000,76000.0
ORD003174,2025-09-22,C0231,P001,R010,2,0.05,350000,245000,700000,35000.0,665000.0,490000,175000.0
ORD002326,2025-09-22,C0130,P012,R012,2,0.1,125000,83000,250000,25000.0,225000.0,166000,59000.0
ORD004650,2025-09-22,C0145,P015,R007,4,0.1,35000,21000,140000,14000.0,126000.0,84000,42000.0
ORD001922,2025-09-22,C0209,P004,R006,1,0.15,140000,98000,140000,21000.0,119000.0,98000,21000.0
ORD007360,2025-09-22,C0196,P015,R006,4,0.15,35000,21000,140000,21000.0,119000.0,84000,35000.0
ORD000101,2025-09-22,C0259,P020,R013,10,0.0,22000,13000,220000,0.0,220000.0,130000,90000.0
ORD005365,2025-09-22,C0133,P016,R004,4,0.02,55000,35000,220000,4400.0,215600.0,140000,75600.0
ORD007687,2025-09-22,C0138,P005,R013,3,0.08,120000,84000,360000,28800.0,331200.0,252000,79200.0
ORD003522,2025-09-22,C0132,P020,R001,3,0.0,22000,13000,66000,0.0,66000.0,39000,27000.0
ORD004287,2025-09-23,C0015,P017,R006,1,0.05,75000,50000,75000,3750.0,71250.0,50000,21250.0
ORD007772,2025-09-23,C0261,P015,R004,4,0.02,35000,21000,140000,2800.0,137200.0,84000,53200.0
ORD003397,2025-09-23,C0143,P018,R002,2,0.05,90000,62000,180000,9000.0,171000.0,124000,47000.0
ORD001455,2025-09-23,C0112,P012,R005,4,0.1,125000,83000,500000,50000.0,450000.0,332000,118000.0
ORD007207,2025-09-23,C0204,P020,R001,3,0.15,22000,13000,66000,9900.0,56100.0,39000,17100.0
ORD005290,2025-09-23,C0252,P009,R002,1,0.02,130000,85000,130000,2600.0,127400.0,85000,42400.0
ORD002903,2025-09-23,C0102,P007,R003,3,0.2,180000,118000,540000,108000.0,432000.0,354000,78000.0
ORD002653,2025-09-23,C0276,P007,R003,4,0.05,180000,118000,720000,36000.0,684000.0,472000,212000.0
ORD002122,2025-09-23,C0175,P014,R010,5,0.1,18000,10500,90000,9000.0,81000.0,52500,28500.0
ORD000810,2025-09-23,C0299,P015,R010,5,0.02,35000,21000,175000,3500.0,171500.0,105000,66500.0
ORD004897,2025-09-23,C0278,P004,R012,5,0.2,140000,98000,700000,140000.0,560000.0,490000,70000.0
ORD006863,2025-09-23,C0288,P007,R009,3,0.1,180000,118000,540000,54000.0,486000.0,354000,132000.0
ORD005039,2025-09-23,C0214,P011,R009,3,0.1,85000,57000,255000,25500.0,229500.0,171000,58500.0
ORD004477,2025-09-24,C0172,P001,R002,8,0.2,350000,245000,2800000,560000.0,2240000.0,1960000,280000.0
ORD002545,2025-09-24,C0077,P009,R008,1,0.05,130000,85000,130000,6500.0,123500.0,85000,38500.0
ORD000863,2025-09-24,C0060,P001,R013,2,0.02,350000,245000,700000,14000.0,686000.0,490000,196000.0
ORD003184,2025-09-24,C0244,P004,R002,3,0.1,140000,98000,420000,42000.0,378000.0,294000,84000.0
ORD002258,2025-09-24,C0202,P012,R003,1,0.02,125000,83000,125000,2500.0,122500.0,83000,39500.0
ORD007554,2025-09-24,C0204,P012,R004,1,0.08,125000,83000,125000,10000.0,115000.0,83000,32000.0
ORD006534,2025-09-24,C0143,P011,R013,1,0.0,85000,57000,85000,0.0,85000.0,57000,28000.0
ORD005004,2025-09-24,C0135,P013,R007,10,0.08,30000,18500,300000,24000.0,276000.0,185000,91000.0
ORD001262,2025-09-24,C0022,P013,R012,5,0.02,30000,18500,150000,3000.0,147000.0,92500,54500.0
ORD004093,2025-09-24,C0136,P009,R009,8,0.0,130000,85000,1040000,0.0,1040000.0,680000,360000.0
ORD006010,2025-09-24,C0034,P019,R006,4,0.0,45000,29000,180000,0.0,180000.0,116000,64000.0
ORD007945,2025-09-24,C0080,P010,R008,4,0.2,320000,215000,1280000,256000.0,1024000.0,860000,164000.0
ORD004978,2025-09-24,C0185,P015,R009,4,0.0,35000,21000,140000,0.0,140000.0,84000,56000.0
ORD004187,2025-09-25,C0089,P011,R001,1,0.02,85000,57000,85000,1700.0,83300.0,57000,26300.0
ORD000058,2025-09-25,C0205,P004,R006,4,0.08,140000,98000,560000,44800.0,515200.0,392000,123200.0
ORD001120,2025-09-25,C0054,P018,R003,4,0.08,90000,62000,360000,28800.0,331200.0,248000,83200.0
ORD003528,2025-09-25,C0051,P002,R009,3,0.08,220000,155000,660000,52800.0,607200.0,465000,142200.0
ORD007123,2025-09-25,C0059,P008,R004,6,0.05,110000,72000,660000,33000.0,627000.0,432000,195000.0
ORD004937,2025-09-25,C0223,P012,R005,2,0.2,125000,83000,250000,50000.0,200000.0,166000,34000.0
ORD001890,2025-09-25,C0296,P005,R002,10,0.0,120000,84000,1200000,0.0,1200000.0,840000,360000.0
ORD004483,2025-09-25,C0272,P013,R013,3,0.05,30000,18500,90000,4500.0,85500.0,55500,30000.0
ORD001877,2025-09-25,C0208,P009,R013,1,0.15,130000,85000,130000,19500.0,110500.0,85000,25500.0
ORD002019,2025-09-25,C0274,P017,R010,3,0.0,75000,50000,225000,0.0,225000.0,150000,75000.0
ORD005497,2025-09-25,C0269,P004,R008,3,0.1,140000,98000,420000,42000.0,378000.0,294000,84000.0
ORD000264,2025-09-25,C0066,P015,R013,2,0.0,35000,21000,70000,0.0,70000.0,42000,28000.0
ORD007667,2025-09-25,C0122,P017,R012,10,0.0,75000,50000,750000,0.0,750000.0,500000,250000.0
ORD002135,2025-09-25,C0116,P015,R002,3,0.08,35000,21000,105000,8400.0,96600.0,63000,33600.0
ORD006694,2025-09-25,C0123,P013,R013,6,0.0,30000,18500,180000,0.0,180000.0,111000,69000.0
ORD003352,2025-09-25,C0017,P017,R004,6,0.0,75000,50000,450000,0.0,450000.0,300000,150000.0
ORD000684,2025-09-25,C0223,P016,R011,1,0.02,55000,35000,55000,1100.0,53900.0,35000,18900.0
ORD000751,2025-09-25,C0008,P001,R002,5,0.05,350000,245000,1750000,87500.0,1662500.0,1225000,437500.0
ORD007392,2025-09-25,C0069,P018,R002,2,0.08,90000,62000,180000,14400.0,165600.0,124000,41600.0
ORD007035,2025-09-25,C0104,P014,R009,2,0.05,18000,10500,36000,1800.0,34200.0,21000,13200.0
ORD007724,2025-09-25,C0177,P005,R012,1,0.1,120000,84000,120000,12000.0,108000.0,84000,24000.0
ORD002098,2025-09-25,C0036,P018,R003,3,0.0,90000,62000,270000,0.0,270000.0,186000,84000.0
ORD004325,2025-09-26,C0037,P017,R006,3,0.05,75000,50000,225000,11250.0,213750.0,150000,63750.0
ORD005908,2025-09-26,C0076,P008,R011,2,0.02,110000,72000,220000,4400.0,215600.0,144000,71600.0
ORD001908,2025-09-26,C0165,P008,R003,2,0.02,110000,72000,220000,4400.0,215600.0,144000,71600.0
ORD003689,2025-09-26,C0053,P016,R005,1,0.08,55000,35000,55000,4400.0,50600.0,35000,15600.0
ORD003567,2025-09-26,C0271,P016,R005,2,0.08,55000,35000,110000,8800.0,101200.0,70000,31200.0
ORD003183,2025-09-26,C0286,P018,R009,1,0.05,90000,62000,90000,4500.0,85500.0,62000,23500.0
ORD007240,2025-09-26,C0240,P018,R011,4,0.08,90000,62000,360000,28800.0,331200.0,248000,83200.0
ORD000003,2025-09-26,C0216,P010,R004,4,0.02,320000,215000,1280000,25600.0,1254400.0,860000,394400.0
ORD004099,2025-09-26,C0220,P009,R004,5,0.2,130000,85000,650000,130000.0,520000.0,425000,95000.0
ORD003090,2025-09-26,C0065,P016,R007,6,0.05,55000,35000,330000,16500.0,313500.0,210000,103500.0
ORD007723,2025-09-26,C0032,P002,R011,1,0.1,220000,155000,220000,22000.0,198000.0,155000,43000.0
ORD007881,2025-09-26,C0092,P005,R004,4,0.05,120000,84000,480000,24000.0,456000.0,336000,120000.0
ORD005452,2025-09-26,C0245,P005,R009,4,0.05,120000,84000,480000,24000.0,456000.0,336000,120000.0
ORD000453,2025-09-27,C0237,P007,R004,2,0.0,180000,118000,360000,0.0,360000.0,236000,124000.0
ORD005815,2025-09-27,C0156,P003,R005,2,0.15,160000,112000,320000,48000.0,272000.0,224000,48000.0
ORD001795,2025-09-27,C0151,P020,R003,1,0.02,22000,13000,22000,440.0,21560.0,13000,8560.0
ORD002788,2025-09-27,C0245,P008,R009,3,0.1,110000,72000,330000,33000.0,297000.0,216000,81000.0
ORD005788,2025-09-27,C0195,P012,R013,1,0.0,125000,83000,125000,0.0,125000.0,83000,42000.0
ORD007155,2025-09-27,C0276,P014,R009,4,0.0,18000,10500,72000,0.0,72000.0,42000,30000.0
ORD004802,2025-09-27,C0025,P005,R002,3,0.02,120000,84000,360000,7200.0,352800.0,252000,100800.0
ORD006739,2025-09-27,C0289,P009,R002,3,0.0,130000,85000,390000,0.0,390000.0,255000,135000.0
ORD004519,2025-09-27,C0282,P008,R008,2,0.0,110000,72000,220000,0.0,220000.0,144000,76000.0
ORD003786,2025-09-27,C0157,P016,R012,4,0.15,55000,35000,220000,33000.0,187000.0,140000,47000.0
ORD001155,2025-09-27,C0265,P013,R009,10,0.05,30000,18500,300000,15000.0,285000.0,185000,100000.0
ORD000955,2025-09-27,C0300,P020,R001,4,0.02,22000,13000,88000,1760.0,86240.0,52000,34240.0
ORD001986,2025-09-27,C0271,P006,R001,4,0.1,95000,62000,380000,38000.0,342000.0,248000,94000.0
ORD006962,2025-09-27,C0043,P002,R009,5,0.05,220000,155000,1100000,55000.0,1045000.0,775000,270000.0
ORD006972,2025-09-27,C0284,P003,R009,2,0.0,160000,112000,320000,0.0,320000.0,224000,96000.0
ORD004587,2025-09-27,C0289,P014,R004,1,0.2,18000,10500,18000,3600.0,14400.0,10500,3900.0
ORD006632,2025-09-27,C0102,P011,R004,6,0.0,85000,57000,510000,0.0,510000.0,342000,168000.0
ORD006431,2025-09-27,C0159,P015,R008,2,0.0,35000,21000,70000,0.0,70000.0,42000,28000.0
ORD003445,2025-09-27,C0096,P006,R010,4,0.02,95000,62000,380000,7600.0,372400.0,248000,124400.0
ORD007412,2025-09-28,C0138,P004,R001,4,0.05,140000,98000,560000,28000.0,532000.0,392000,140000.0
ORD005620,2025-09-28,C0163,P017,R013,1,0.05,75000,50000,75000,3750.0,71250.0,50000,21250.0
ORD000974,2025-09-28,C0192,P015,R001,8,0.1,35000,21000,280000,28000.0,252000.0,168000,84000.0
ORD004214,2025-09-28,C0117,P007,R004,1,0.2,180000,118000,180000,36000.0,144000.0,118000,26000.0
ORD000995,2025-09-28,C0244,P018,R003,4,0.05,90000,62000,360000,18000.0,342000.0,248000,94000.0
ORD006171,2025-09-28,C0107,P006,R005,2,0.02,95000,62000,190000,3800.0,186200.0,124000,62200.0
ORD002932,2025-09-28,C0154,P016,R004,4,0.05,55000,35000,220000,11000.0,209000.0,140000,69000.0
ORD003419,2025-09-28,C0129,P004,R007,2,0.1,140000,98000,280000,28000.0,252000.0,196000,56000.0
ORD005366,2025-09-28,C0123,P012,R010,2,0.02,125000,83000,250000,5000.0,245000.0,166000,79000.0
ORD006708,2025-09-28,C0023,P006,R009,8,0.02,95000,62000,760000,15200.0,744800.0,496000,248800.0
ORD007300,2025-09-28,C0172,P013,R006,1,0.05,30000,18500,30000,1500.0,28500.0,18500,10000.0
ORD004971,2025-09-28,C0083,P017,R005,1,0.02,75000,50000,75000,1500.0,73500.0,50000,23500.0
ORD004601,2025-09-28,C0145,P006,R003,2,0.05,95000,62000,190000,9500.0,180500.0,124000,56500.0
ORD003605,2025-09-28,C0235,P009,R001,2,0.1,130000,85000,260000,26000.0,234000.0,170000,64000.0
ORD005650,2025-09-28,C0075,P001,R010,5,0.0,350000,245000,1750000,0.0,1750000.0,1225000,525000.0
ORD007970,2025-09-28,C0028,P007,R001,5,0.02,180000,118000,900000,18000.0,882000.0,590000,292000.0
ORD004827,2025-09-28,C0118,P004,R012,1,0.08,140000,98000,140000,11200.0,128800.0,98000,30800.0
ORD007051,2025-09-28,C0156,P003,R003,2,0.02,160000,112000,320000,6400.0,313600.0,224000,89600.0
ORD005714,2025-09-28,C0285,P005,R010,1,0.2,120000,84000,120000,24000.0,96000.0,84000,12000.0
ORD002683,2025-09-28,C0064,P012,R008,3,0.05,125000,83000,375000,18750.0,356250.0,249000,107250.0
ORD007088,2025-09-28,C0116,P015,R010,5,0.2,35000,21000,175000,35000.0,140000.0,105000,35000.0
ORD002587,2025-09-29,C0142,P009,R013,1,0.0,130000,85000,130000,0.0,130000.0,85000,45000.0
ORD006112,2025-09-29,C0131,P009,R004,6,0.15,130000,85000,780000,117000.0,663000.0,510000,153000.0
ORD003498,2025-09-29,C0261,P016,R004,3,0.0,55000,35000,165000,0.0,165000.0,105000,60000.0
ORD004460,2025-09-29,C0205,P008,R006,4,0.1,110000,72000,440000,44000.0,396000.0,288000,108000.0
ORD007068,2025-09-29,C0192,P015,R006,5,0.1,35000,21000,175000,17500.0,157500.0,105000,52500.0
ORD000019,2025-09-29,C0097,P008,R003,8,0.0,110000,72000,880000,0.0,880000.0,576000,304000.0
ORD000806,2025-09-29,C0195,P003,R006,6,0.02,160000,112000,960000,19200.0,940800.0,672000,268800.0
ORD001950,2025-09-29,C0067,P019,R012,10,0.05,45000,29000,450000,22500.0,427500.0,290000,137500.0
ORD002733,2025-09-29,C0253,P019,R001,1,0.0,45000,29000,45000,0.0,45000.0,29000,16000.0
ORD004731,2025-09-30,C0149,P007,R002,4,0.15,180000,118000,720000,108000.0,612000.0,472000,140000.0
ORD007283,2025-09-30,C0181,P006,R008,6,0.05,95000,62000,570000,28500.0,541500.0,372000,169500.0
ORD004850,2025-09-30,C0048,P001,R004,5,0.15,350000,245000,1750000,262500.0,1487500.0,1225000,262500.0
ORD002246,2025-09-30,C0249,P006,R002,6,0.0,95000,62000,570000,0.0,570000.0,372000,198000.0
ORD000363,2025-09-30,C0013,P006,R004,2,0.08,95000,62000,190000,15200.0,174800.0,124000,50800.0
ORD000771,2025-09-30,C0232,P017,R008,2,0.05,75000,50000,150000,7500.0,142500.0,100000,42500.0
ORD003534,2025-09-30,C0189,P004,R003,6,0.0,140000,98000,840000,0.0,840000.0,588000,252000.0
ORD004752,2025-09-30,C0035,P019,R001,1,0.02,45000,29000,45000,900.0,44100.0,29000,15100.0
ORD006360,2025-09-30,C0218,P014,R005,4,0.2,18000,10500,72000,14400.0,57600.0,42000,15600.0
ORD001725,2025-09-30,C0131,P001,R001,4,0.1,350000,245000,1400000,140000.0,1260000.0,980000,280000.0
ORD001948,2025-09-30,C0255,P004,R011,2,0.05,140000,98000,280000,14000.0,266000.0,196000,70000.0
ORD007690,2025-09-30,C0015,P005,R009,5,0.02,120000,84000,600000,12000.0,588000.0,420000,168000.0
ORD003554,2025-09-30,C0108,P018,R008,4,0.0,90000,62000,360000,0.0,360000.0,248000,112000.0
ORD003485,2025-09-30,C0263,P004,R011,5,0.0,140000,98000,700000,0.0,700000.0,490000,210000.0
ORD004886,2025-09-30,C0206,P012,R002,2,0.05,125000,83000,250000,12500.0,237500.0,166000,71500.0
ORD000091,2025-09-30,C0133,P007,R010,1,0.0,180000,118000,180000,0.0,180000.0,118000,62000.0
ORD004529,2025-09-30,C0129,P009,R011,1,0.05,130000,85000,130000,6500.0,123500.0,85000,38500.0
ORD004125,2025-09-30,C0095,P019,R010,3,0.2,45000,29000,135000,27000.0,108000.0,87000,21000.0
ORD001625,2025-09-30,C0217,P008,R006,1,0.2,110000,72000,110000,22000.0,88000.0,72000,16000.0
ORD001013,2025-09-30,C0111,P015,R011,1,0.0,35000,21000,35000,0.0,35000.0,21000,14000.0
ORD004636,2025-09-30,C0167,P020,R004,4,0.2,22000,13000,88000,17600.0,70400.0,52000,18400.0
ORD006137,2025-09-30,C0131,P012,R011,8,0.05,125000,83000,1000000,50000.0,950000.0,664000,286000.0
ORD002602,2025-09-30,C0074,P019,R010,3,0.1,45000,29000,135000,13500.0,121500.0,87000,34500.0
ORD006238,2025-10-01,C0065,P013,R012,4,0.15,30000,18500,120000,18000.0,102000.0,74000,28000.0
ORD006182,2025-10-01,C0241,P005,R002,2,0.02,120000,84000,240000,4800.0,235200.0,168000,67200.0
ORD002594,2025-10-01,C0296,P010,R005,1,0.08,320000,215000,320000,25600.0,294400.0,215000,79400.0
ORD000799,2025-10-01,C0197,P009,R001,2,0.0,130000,85000,260000,0.0,260000.0,170000,90000.0
ORD000356,2025-10-01,C0216,P003,R013,2,0.05,160000,112000,320000,16000.0,304000.0,224000,80000.0
ORD006969,2025-10-01,C0105,P019,R008,1,0.05,45000,29000,45000,2250.0,42750.0,29000,13750.0
ORD002644,2025-10-01,C0260,P003,R002,6,0.15,160000,112000,960000,144000.0,816000.0,672000,144000.0
ORD004447,2025-10-01,C0266,P011,R007,6,0.08,85000,57000,510000,40800.0,469200.0,342000,127200.0
ORD007331,2025-10-01,C0017,P012,R013,4,0.08,125000,83000,500000,40000.0,460000.0,332000,128000.0
ORD004857,2025-10-01,C0130,P019,R008,4,0.0,45000,29000,180000,0.0,180000.0,116000,64000.0
ORD001023,2025-10-01,C0175,P008,R002,6,0.02,110000,72000,660000,13200.0,646800.0,432000,214800.0
ORD004217,2025-10-01,C0134,P011,R003,4,0.15,85000,57000,340000,51000.0,289000.0,228000,61000.0
ORD002450,2025-10-01,C0028,P012,R009,2,0.02,125000,83000,250000,5000.0,245000.0,166000,79000.0
ORD005085,2025-10-02,C0061,P008,R013,4,0.0,110000,72000,440000,0.0,440000.0,288000,152000.0
ORD007012,2025-10-02,C0165,P012,R008,5,0.08,125000,83000,625000,50000.0,575000.0,415000,160000.0
ORD000735,2025-10-02,C0139,P004,R005,2,0.1,140000,98000,280000,28000.0,252000.0,196000,56000.0
ORD006926,2025-10-02,C0205,P013,R004,5,0.05,30000,18500,150000,7500.0,142500.0,92500,50000.0
ORD002963,2025-10-02,C0185,P011,R008,5,0.1,85000,57000,425000,42500.0,382500.0,285000,97500.0
ORD004347,2025-10-02,C0209,P010,R010,8,0.0,320000,215000,2560000,0.0,2560000.0,1720000,840000.0
ORD007641,2025-10-02,C0176,P001,R011,1,0.1,350000,245000,350000,35000.0,315000.0,245000,70000.0
ORD005889,2025-10-02,C0178,P017,R007,4,0.08,75000,50000,300000,24000.0,276000.0,200000,76000.0
ORD001990,2025-10-02,C0258,P006,R013,1,0.05,95000,62000,95000,4750.0,90250.0,62000,28250.0
ORD006644,2025-10-02,C0092,P003,R013,3,0.2,160000,112000,480000,96000.0,384000.0,336000,48000.0
ORD007480,2025-10-02,C0252,P013,R005,5,0.08,30000,18500,150000,12000.0,138000.0,92500,45500.0
ORD005330,2025-10-02,C0217,P015,R007,4,0.08,35000,21000,140000,11200.0,128800.0,84000,44800.0
ORD004083,2025-10-02,C0082,P006,R004,2,0.08,95000,62000,190000,15200.0,174800.0,124000,50800.0
ORD006993,2025-10-03,C0049,P002,R012,4,0.05,220000,155000,880000,44000.0,836000.0,620000,216000.0
ORD002025,2025-10-03,C0141,P011,R001,4,0.08,85000,57000,340000,27200.0,312800.0,228000,84800.0
ORD003349,2025-10-03,C0269,P003,R013,1,0.1,160000,112000,160000,16000.0,144000.0,112000,32000.0
ORD003240,2025-10-03,C0278,P001,R009,5,0.0,350000,245000,1750000,0.0,1750000.0,1225000,525000.0
ORD003277,2025-10-03,C0027,P007,R013,4,0.05,180000,118000,720000,36000.0,684000.0,472000,212000.0
ORD003360,2025-10-03,C0300,P003,R005,6,0.0,160000,112000,960000,0.0,960000.0,672000,288000.0
ORD005886,2025-10-03,C0220,P013,R013,2,0.0,30000,18500,60000,0.0,60000.0,37000,23000.0
ORD003481,2025-10-03,C0197,P016,R009,2,0.02,55000,35000,110000,2200.0,107800.0,70000,37800.0
ORD004055,2025-10-03,C0018,P011,R005,4,0.0,85000,57000,340000,0.0,340000.0,228000,112000.0
ORD004935,2025-10-03,C0273,P012,R012,5,0.15,125000,83000,625000,93750.0,531250.0,415000,116250.0
ORD007201,2025-10-03,C0296,P017,R006,6,0.0,75000,50000,450000,0.0,450000.0,300000,150000.0
ORD001187,2025-10-03,C0016,P006,R005,2,0.1,95000,62000,190000,19000.0,171000.0,124000,47000.0
ORD006914,2025-10-03,C0197,P011,R006,2,0.0,85000,57000,170000,0.0,170000.0,114000,56000.0
ORD005736,2025-10-03,C0166,P003,R007,5,0.08,160000,112000,800000,64000.0,736000.0,560000,176000.0
ORD001159,2025-10-03,C0019,P018,R006,1,0.0,90000,62000,90000,0.0,90000.0,62000,28000.0
ORD006427,2025-10-03,C0049,P007,R010,3,0.08,180000,118000,540000,43200.0,496800.0,354000,142800.0
ORD006373,2025-10-03,C0175,P006,R004,3,0.08,95000,62000,285000,22800.0,262200.0,186000,76200.0
ORD002148,2025-10-04,C0128,P008,R009,1,0.02,110000,72000,110000,2200.0,107800.0,72000,35800.0
ORD001323,2025-10-04,C0180,P010,R005,4,0.0,320000,215000,1280000,0.0,1280000.0,860000,420000.0
ORD002299,2025-10-04,C0100,P013,R003,1,0.1,30000,18500,30000,3000.0,27000.0,18500,8500.0
ORD006850,2025-10-04,C0158,P020,R008,2,0.1,22000,13000,44000,4400.0,39600.0,26000,13600.0
ORD001935,2025-10-04,C0156,P019,R009,2,0.08,45000,29000,90000,7200.0,82800.0,58000,24800.0
ORD002566,2025-10-04,C0269,P005,R002,5,0.1,120000,84000,600000,60000.0,540000.0,420000,120000.0
ORD001853,2025-10-04,C0253,P010,R013,1,0.2,320000,215000,320000,64000.0,256000.0,215000,41000.0
ORD005460,2025-10-04,C0262,P003,R004,4,0.08,160000,112000,640000,51200.0,588800.0,448000,140800.0
ORD005313,2025-10-04,C0109,P010,R002,4,0.05,320000,215000,1280000,64000.0,1216000.0,860000,356000.0
ORD003014,2025-10-04,C0136,P010,R002,5,0.02,320000,215000,1600000,32000.0,1568000.0,1075000,493000.0
ORD000393,2025-10-04,C0251,P001,R012,3,0.02,350000,245000,1050000,21000.0,1029000.0,735000,294000.0
ORD000079,2025-10-04,C0208,P020,R009,2,0.0,22000,13000,44000,0.0,44000.0,26000,18000.0
ORD001583,2025-10-04,C0011,P013,R013,1,0.0,30000,18500,30000,0.0,30000.0,18500,11500.0
ORD007545,2025-10-04,C0018,P001,R002,5,0.02,350000,245000,1750000,35000.0,1715000.0,1225000,490000.0
ORD003292,2025-10-04,C0062,P020,R003,3,0.05,22000,13000,66000,3300.0,62700.0,39000,23700.0
ORD004143,2025-10-05,C0186,P017,R006,10,0.02,75000,50000,750000,15000.0,735000.0,500000,235000.0
ORD004183,2025-10-05,C0067,P015,R013,8,0.08,35000,21000,280000,22400.0,257600.0,168000,89600.0
ORD002659,2025-10-05,C0196,P001,R002,3,0.08,350000,245000,1050000,84000.0,966000.0,735000,231000.0
ORD007231,2025-10-05,C0061,P012,R013,3,0.0,125000,83000,375000,0.0,375000.0,249000,126000.0
ORD000941,2025-10-05,C0019,P014,R012,3,0.02,18000,10500,54000,1080.0,52920.0,31500,21420.0
ORD005878,2025-10-05,C0009,P020,R013,1,0.1,22000,13000,22000,2200.0,19800.0,13000,6800.0
ORD002531,2025-10-05,C0008,P010,R011,1,0.02,320000,215000,320000,6400.0,313600.0,215000,98600.0
ORD002219,2025-10-05,C0113,P005,R005,1,0.0,120000,84000,120000,0.0,120000.0,84000,36000.0
ORD006895,2025-10-05,C0098,P020,R008,1,0.15,22000,13000,22000,3300.0,18700.0,13000,5700.0
ORD003892,2025-10-05,C0086,P013,R003,2,0.02,30000,18500,60000,1200.0,58800.0,37000,21800.0
ORD005927,2025-10-05,C0216,P002,R008,1,0.05,220000,155000,220000,11000.0,209000.0,155000,54000.0
ORD007686,2025-10-05,C0243,P015,R006,3,0.08,35000,21000,105000,8400.0,96600.0,63000,33600.0
ORD004738,2025-10-05,C0187,P015,R007,3,0.08,35000,21000,105000,8400.0,96600.0,63000,33600.0
ORD000663,2025-10-05,C0142,P020,R012,1,0.1,22000,13000,22000,2200.0,19800.0,13000,6800.0
ORD001664,2025-10-05,C0174,P020,R011,3,0.05,22000,13000,66000,3300.0,62700.0,39000,23700.0
ORD003666,2025-10-05,C0087,P003,R009,2,0.2,160000,112000,320000,64000.0,256000.0,224000,32000.0
ORD006349,2025-10-05,C0078,P018,R002,4,0.0,90000,62000,360000,0.0,360000.0,248000,112000.0
ORD004652,2025-10-05,C0121,P012,R010,3,0.05,125000,83000,375000,18750.0,356250.0,249000,107250.0
ORD004947,2025-10-05,C0129,P016,R005,2,0.15,55000,35000,110000,16500.0,93500.0,70000,23500.0
ORD007099,2025-10-06,C0139,P019,R004,1,0.0,45000,29000,45000,0.0,45000.0,29000,16000.0
ORD007141,2025-10-06,C0033,P004,R009,2,0.08,140000,98000,280000,22400.0,257600.0,196000,61600.0
ORD005360,2025-10-06,C0242,P003,R005,5,0.08,160000,112000,800000,64000.0,736000.0,560000,176000.0
ORD002699,2025-10-06,C0039,P015,R013,4,0.15,35000,21000,140000,21000.0,119000.0,84000,35000.0
ORD007830,2025-10-06,C0208,P016,R011,8,0.02,55000,35000,440000,8800.0,431200.0,280000,151200.0
ORD006087,2025-10-06,C0191,P020,R008,3,0.0,22000,13000,66000,0.0,66000.0,39000,27000.0
ORD005086,2025-10-06,C0050,P008,R009,1,0.08,110000,72000,110000,8800.0,101200.0,72000,29200.0
ORD005408,2025-10-06,C0226,P006,R011,5,0.0,95000,62000,475000,0.0,475000.0,310000,165000.0
ORD000089,2025-10-06,C0093,P014,R009,4,0.0,18000,10500,72000,0.0,72000.0,42000,30000.0
ORD001403,2025-10-06,C0080,P010,R003,2,0.08,320000,215000,640000,51200.0,588800.0,430000,158800.0
ORD003489,2025-10-06,C0287,P001,R005,4,0.15,350000,245000,1400000,210000.0,1190000.0,980000,210000.0
ORD002144,2025-10-06,C0018,P008,R003,1,0.02,110000,72000,110000,2200.0,107800.0,72000,35800.0
ORD001946,2025-10-06,C0075,P009,R009,2,0.05,130000,85000,260000,13000.0,247000.0,170000,77000.0
ORD004778,2025-10-06,C0163,P015,R007,1,0.0,35000,21000,35000,0.0,35000.0,21000,14000.0
ORD001248,2025-10-06,C0063,P007,R003,4,0.1,180000,118000,720000,72000.0,648000.0,472000,176000.0
ORD001358,2025-10-07,C0062,P010,R007,2,0.05,320000,215000,640000,32000.0,608000.0,430000,178000.0
ORD006232,2025-10-07,C0142,P011,R008,4,0.15,85000,57000,340000,51000.0,289000.0,228000,61000.0
ORD000651,2025-10-07,C0212,P009,R013,3,0.08,130000,85000,390000,31200.0,358800.0,255000,103800.0
ORD002686,2025-10-07,C0025,P017,R005,8,0.02,75000,50000,600000,12000.0,588000.0,400000,188000.0
ORD002240,2025-10-07,C0045,P019,R004,10,0.0,45000,29000,450000,0.0,450000.0,290000,160000.0
ORD003984,2025-10-07,C0242,P007,R012,3,0.08,180000,118000,540000,43200.0,496800.0,354000,142800.0
ORD007275,2025-10-07,C0125,P019,R009,2,0.05,45000,29000,90000,4500.0,85500.0,58000,27500.0
ORD006248,2025-10-07,C0113,P017,R009,4,0.2,75000,50000,300000,60000.0,240000.0,200000,40000.0
ORD006071,2025-10-07,C0271,P005,R012,4,0.0,120000,84000,480000,0.0,480000.0,336000,144000.0
ORD005591,2025-10-08,C0179,P020,R011,2,0.0,22000,13000,44000,0.0,44000.0,26000,18000.0
ORD005888,2025-10-08,C0244,P013,R006,1,0.08,30000,18500,30000,2400.0,27600.0,18500,9100.0
ORD006981,2025-10-08,C0149,P002,R004,4,0.08,220000,155000,880000,70400.0,809600.0,620000,189600.0
ORD001674,2025-10-08,C0072,P013,R004,3,0.08,30000,18500,90000,7200.0,82800.0,55500,27300.0
ORD006825,2025-10-08,C0257,P014,R001,6,0.02,18000,10500,108000,2160.0,105840.0,63000,42840.0
ORD003870,2025-10-08,C0211,P017,R010,1,0.1,75000,50000,75000,7500.0,67500.0,50000,17500.0
ORD000308,2025-10-08,C0070,P013,R011,3,0.15,30000,18500,90000,13500.0,76500.0,55500,21000.0
ORD002366,2025-10-08,C0180,P006,R011,1,0.15,95000,62000,95000,14250.0,80750.0,62000,18750.0
ORD003799,2025-10-08,C0245,P018,R009,1,0.05,90000,62000,90000,4500.0,85500.0,62000,23500.0
ORD000660,2025-10-08,C0189,P020,R011,1,0.0,22000,13000,22000,0.0,22000.0,13000,9000.0
ORD007136,2025-10-08,C0080,P013,R006,4,0.1,30000,18500,120000,12000.0,108000.0,74000,34000.0
ORD005177,2025-10-08,C0084,P012,R002,1,0.02,125000,83000,125000,2500.0,122500.0,83000,39500.0
ORD006345,2025-10-08,C0285,P014,R006,2,0.05,18000,10500,36000,1800.0,34200.0,21000,13200.0
ORD001984,2025-10-08,C0193,P008,R003,3,0.1,110000,72000,330000,33000.0,297000.0,216000,81000.0
ORD007900,2025-10-08,C0007,P001,R012,4,0.08,350000,245000,1400000,112000.0,1288000.0,980000,308000.0
ORD000386,2025-10-09,C0263,P006,R013,2,0.15,95000,62000,190000,28500.0,161500.0,124000,37500.0
ORD004925,2025-10-09,C0117,P016,R002,5,0.2,55000,35000,275000,55000.0,220000.0,175000,45000.0
ORD005905,2025-10-09,C0090,P017,R009,5,0.1,75000,50000,375000,37500.0,337500.0,250000,87500.0
ORD001176,2025-10-09,C0250,P010,R003,3,0.08,320000,215000,960000,76800.0,883200.0,645000,238200.0
ORD000231,2025-10-09,C0114,P015,R009,1,0.02,35000,21000,35000,700.0,34300.0,21000,13300.0
ORD002663,2025-10-09,C0271,P014,R005,10,0.05,18000,10500,180000,9000.0,171000.0,105000,66000.0
ORD007549,2025-10-09,C0080,P007,R005,1,0.08,180000,118000,180000,14400.0,165600.0,118000,47600.0
ORD003609,2025-10-09,C0212,P016,R012,1,0.08,55000,35000,55000,4400.0,50600.0,35000,15600.0
ORD003595,2025-10-09,C0036,P017,R002,2,0.1,75000,50000,150000,15000.0,135000.0,100000,35000.0
ORD003087,2025-10-09,C0073,P006,R005,2,0.08,95000,62000,190000,15200.0,174800.0,124000,50800.0
ORD007348,2025-10-09,C0271,P009,R012,3,0.08,130000,85000,390000,31200.0,358800.0,255000,103800.0
ORD005107,2025-10-09,C0263,P005,R005,4,0.15,120000,84000,480000,72000.0,408000.0,336000,72000.0
ORD006262,2025-10-09,C0089,P011,R009,3,0.02,85000,57000,255000,5100.0,249900.0,171000,78900.0
ORD001658,2025-10-10,C0056,P014,R001,2,0.02,18000,10500,36000,720.0,35280.0,21000,14280.0
ORD005338,2025-10-10,C0279,P006,R001,3,0.05,95000,62000,285000,14250.0,270750.0,186000,84750.0
ORD000508,2025-10-10,C0063,P013,R005,8,0.0,30000,18500,240000,0.0,240000.0,148000,92000.0
ORD006230,2025-10-10,C0220,P016,R013,2,0.08,55000,35000,110000,8800.0,101200.0,70000,31200.0
ORD003958,2025-10-10,C0249,P012,R002,4,0.15,125000,83000,500000,75000.0,425000.0,332000,93000.0
ORD002063,2025-10-10,C0101,P009,R005,5,0.02,130000,85000,650000,13000.0,637000.0,425000,212000.0
ORD005675,2025-10-10,C0025,P001,R010,1,0.05,350000,245000,350000,17500.0,332500.0,245000,87500.0
ORD002889,2025-10-10,C0164,P014,R011,3,0.0,18000,10500,54000,0.0,54000.0,31500,22500.0
ORD002794,2025-10-10,C0203,P017,R007,2,0.1,75000,50000,150000,15000.0,135000.0,100000,35000.0
ORD005991,2025-10-10,C0286,P014,R013,8,0.02,18000,10500,144000,2880.0,141120.0,84000,57120.0
ORD001894,2025-10-10,C0006,P019,R008,2,0.05,45000,29000,90000,4500.0,85500.0,58000,27500.0
ORD007162,2025-10-10,C0262,P001,R011,6,0.0,350000,245000,2100000,0.0,2100000.0,1470000,630000.0
ORD004166,2025-10-10,C0189,P016,R002,3,0.1,55000,35000,165000,16500.0,148500.0,105000,43500.0
ORD002823,2025-10-10,C0217,P003,R008,10,0.0,160000,112000,1600000,0.0,1600000.0,1120000,480000.0
ORD006120,2025-10-10,C0189,P004,R008,3,0.05,140000,98000,420000,21000.0,399000.0,294000,105000.0
ORD003839,2025-10-10,C0207,P011,R005,2,0.0,85000,57000,170000,0.0,170000.0,114000,56000.0
ORD003011,2025-10-10,C0059,P016,R011,6,0.15,55000,35000,330000,49500.0,280500.0,210000,70500.0
ORD005050,2025-10-10,C0151,P004,R005,1,0.05,140000,98000,140000,7000.0,133000.0,98000,35000.0
ORD004568,2025-10-10,C0155,P002,R003,4,0.1,220000,155000,880000,88000.0,792000.0,620000,172000.0
ORD003602,2025-10-10,C0195,P001,R012,5,0.0,350000,245000,1750000,0.0,1750000.0,1225000,525000.0
ORD004666,2025-10-10,C0168,P003,R008,1,0.05,160000,112000,160000,8000.0,152000.0,112000,40000.0
ORD002687,2025-10-10,C0256,P016,R007,4,0.08,55000,35000,220000,17600.0,202400.0,140000,62400.0
ORD002909,2025-10-11,C0231,P020,R008,2,0.15,22000,13000,44000,6600.0,37400.0,26000,11400.0
ORD006306,2025-10-11,C0261,P020,R005,4,0.02,22000,13000,88000,1760.0,86240.0,52000,34240.0
ORD001563,2025-10-11,C0131,P013,R013,3,0.0,30000,18500,90000,0.0,90000.0,55500,34500.0
ORD004547,2025-10-11,C0015,P013,R012,2,0.05,30000,18500,60000,3000.0,57000.0,37000,20000.0
ORD005151,2025-10-11,C0167,P016,R009,1,0.15,55000,35000,55000,8250.0,46750.0,35000,11750.0
ORD001991,2025-10-11,C0065,P006,R008,4,0.02,95000,62000,380000,7600.0,372400.0,248000,124400.0
ORD003734,2025-10-11,C0071,P005,R008,3,0.05,120000,84000,360000,18000.0,342000.0,252000,90000.0
ORD001162,2025-10-11,C0094,P018,R001,4,0.02,90000,62000,360000,7200.0,352800.0,248000,104800.0
ORD004670,2025-10-11,C0189,P019,R005,3,0.02,45000,29000,135000,2700.0,132300.0,87000,45300.0
ORD004817,2025-10-11,C0061,P020,R010,1,0.05,22000,13000,22000,1100.0,20900.0,13000,7900.0
ORD002252,2025-10-11,C0152,P020,R011,8,0.05,22000,13000,176000,8800.0,167200.0,104000,63200.0
ORD006423,2025-10-11,C0172,P018,R005,10,0.1,90000,62000,900000,90000.0,810000.0,620000,190000.0
ORD006968,2025-10-12,C0083,P016,R006,3,0.0,55000,35000,165000,0.0,165000.0,105000,60000.0
ORD003869,2025-10-12,C0152,P011,R010,2,0.0,85000,57000,170000,0.0,170000.0,114000,56000.0
ORD006757,2025-10-12,C0259,P007,R007,5,0.0,180000,118000,900000,0.0,900000.0,590000,310000.0
ORD000027,2025-10-12,C0235,P005,R007,1,0.0,120000,84000,120000,0.0,120000.0,84000,36000.0
ORD005766,2025-10-12,C0017,P012,R008,6,0.15,125000,83000,750000,112500.0,637500.0,498000,139500.0
ORD000635,2025-10-12,C0051,P019,R009,3,0.05,45000,29000,135000,6750.0,128250.0,87000,41250.0
ORD003978,2025-10-12,C0247,P003,R008,1,0.0,160000,112000,160000,0.0,160000.0,112000,48000.0
ORD004538,2025-10-12,C0260,P020,R009,1,0.0,22000,13000,22000,0.0,22000.0,13000,9000.0
ORD005351,2025-10-12,C0108,P006,R013,3,0.08,95000,62000,285000,22800.0,262200.0,186000,76200.0
ORD003040,2025-10-12,C0175,P016,R012,3,0.0,55000,35000,165000,0.0,165000.0,105000,60000.0
ORD000062,2025-10-12,C0151,P019,R008,1,0.0,45000,29000,45000,0.0,45000.0,29000,16000.0
ORD007533,2025-10-12,C0151,P007,R007,3,0.02,180000,118000,540000,10800.0,529200.0,354000,175200.0
ORD000563,2025-10-12,C0185,P017,R003,4,0.05,75000,50000,300000,15000.0,285000.0,200000,85000.0
ORD000968,2025-10-12,C0086,P004,R006,5,0.1,140000,98000,700000,70000.0,630000.0,490000,140000.0
ORD000956,2025-10-12,C0170,P002,R013,2,0.08,220000,155000,440000,35200.0,404800.0,310000,94800.0
ORD000581,2025-10-12,C0092,P001,R013,6,0.1,350000,245000,2100000,210000.0,1890000.0,1470000,420000.0
ORD003501,2025-10-13,C0079,P016,R005,1,0.05,55000,35000,55000,2750.0,52250.0,35000,17250.0
ORD002002,2025-10-13,C0085,P005,R012,1,0.2,120000,84000,120000,24000.0,96000.0,84000,12000.0
ORD007589,2025-10-13,C0218,P003,R007,2,0.15,160000,112000,320000,48000.0,272000.0,224000,48000.0
ORD000585,2025-10-13,C0192,P016,R009,8,0.05,55000,35000,440000,22000.0,418000.0,280000,138000.0
ORD006737,2025-10-13,C0268,P014,R010,4,0.0,18000,10500,72000,0.0,72000.0,42000,30000.0
ORD005862,2025-10-13,C0161,P013,R013,3,0.08,30000,18500,90000,7200.0,82800.0,55500,27300.0
ORD001410,2025-10-13,C0209,P016,R004,4,0.05,55000,35000,220000,11000.0,209000.0,140000,69000.0
ORD004718,2025-10-13,C0024,P009,R013,3,0.08,130000,85000,390000,31200.0,358800.0,255000,103800.0
ORD006258,2025-10-13,C0014,P006,R009,1,0.1,95000,62000,95000,9500.0,85500.0,62000,23500.0
ORD002302,2025-10-13,C0086,P004,R007,2,0.05,140000,98000,280000,14000.0,266000.0,196000,70000.0
ORD004923,2025-10-13,C0161,P012,R003,3,0.05,125000,83000,375000,18750.0,356250.0,249000,107250.0
ORD007311,2025-10-14,C0268,P002,R011,1,0.0,220000,155000,220000,0.0,220000.0,155000,65000.0
ORD001392,2025-10-14,C0119,P008,R011,2,0.05,110000,72000,220000,11000.0,209000.0,144000,65000.0
ORD003475,2025-10-14,C0213,P019,R011,4,0.0,45000,29000,180000,0.0,180000.0,116000,64000.0
ORD004021,2025-10-14,C0149,P014,R012,5,0.0,18000,10500,90000,0.0,90000.0,52500,37500.0
ORD004444,2025-10-14,C0285,P003,R006,8,0.08,160000,112000,1280000,102400.0,1177600.0,896000,281600.0
ORD006831,2025-10-14,C0187,P010,R010,1,0.15,320000,215000,320000,48000.0,272000.0,215000,57000.0
ORD004799,2025-10-14,C0049,P013,R012,4,0.08,30000,18500,120000,9600.0,110400.0,74000,36400.0
ORD001152,2025-10-14,C0013,P019,R006,2,0.0,45000,29000,90000,0.0,90000.0,58000,32000.0
ORD001486,2025-10-14,C0060,P020,R013,2,0.05,22000,13000,44000,2200.0,41800.0,26000,15800.0
ORD001230,2025-10-14,C0013,P008,R006,1,0.08,110000,72000,110000,8800.0,101200.0,72000,29200.0
ORD000682,2025-10-14,C0215,P005,R003,1,0.1,120000,84000,120000,12000.0,108000.0,84000,24000.0
ORD003737,2025-10-14,C0278,P019,R004,4,0.08,45000,29000,180000,14400.0,165600.0,116000,49600.0
ORD003587,2025-10-14,C0128,P010,R006,10,0.2,320000,215000,3200000,640000.0,2560000.0,2150000,410000.0
ORD002292,2025-10-14,C0079,P006,R001,2,0.1,95000,62000,190000,19000.0,171000.0,124000,47000.0
ORD006704,2025-10-14,C0290,P009,R002,8,0.05,130000,85000,1040000,52000.0,988000.0,680000,308000.0
ORD001363,2025-10-15,C0178,P007,R004,5,0.02,180000,118000,900000,18000.0,882000.0,590000,292000.0
ORD006147,2025-10-15,C0138,P010,R003,2,0.02,320000,215000,640000,12800.0,627200.0,430000,197200.0
ORD007370,2025-10-15,C0211,P006,R007,1,0.08,95000,62000,95000,7600.0,87400.0,62000,25400.0
ORD003906,2025-10-15,C0178,P009,R003,1,0.05,130000,85000,130000,6500.0,123500.0,85000,38500.0
ORD003761,2025-10-15,C0246,P001,R001,2,0.0,350000,245000,700000,0.0,700000.0,490000,210000.0
ORD006118,2025-10-15,C0091,P007,R005,4,0.05,180000,118000,720000,36000.0,684000.0,472000,212000.0
ORD001632,2025-10-15,C0128,P017,R010,1,0.05,75000,50000,75000,3750.0,71250.0,50000,21250.0
ORD007777,2025-10-15,C0018,P010,R007,6,0.0,320000,215000,1920000,0.0,1920000.0,1290000,630000.0
ORD000621,2025-10-15,C0008,P011,R005,2,0.0,85000,57000,170000,0.0,170000.0,114000,56000.0
ORD001621,2025-10-15,C0212,P013,R007,2,0.15,30000,18500,60000,9000.0,51000.0,37000,14000.0
ORD007885,2025-10-15,C0008,P003,R009,3,0.0,160000,112000,480000,0.0,480000.0,336000,144000.0
ORD003888,2025-10-15,C0274,P016,R001,8,0.0,55000,35000,440000,0.0,440000.0,280000,160000.0
ORD003287,2025-10-15,C0135,P016,R008,4,0.2,55000,35000,220000,44000.0,176000.0,140000,36000.0
ORD003569,2025-10-15,C0002,P005,R009,3,0.1,120000,84000,360000,36000.0,324000.0,252000,72000.0
ORD001091,2025-10-15,C0050,P017,R011,1,0.0,75000,50000,75000,0.0,75000.0,50000,25000.0
ORD005363,2025-10-15,C0093,P013,R009,5,0.0,30000,18500,150000,0.0,150000.0,92500,57500.0
ORD007235,2025-10-15,C0161,P006,R002,3,0.05,95000,62000,285000,14250.0,270750.0,186000,84750.0
ORD000755,2025-10-15,C0025,P005,R004,2,0.05,120000,84000,240000,12000.0,228000.0,168000,60000.0
ORD001620,2025-10-15,C0090,P006,R006,2,0.02,95000,62000,190000,3800.0,186200.0,124000,62200.0
ORD002839,2025-10-16,C0220,P010,R005,2,0.0,320000,215000,640000,0.0,640000.0,430000,210000.0
ORD004350,2025-10-16,C0039,P015,R004,3,0.15,35000,21000,105000,15750.0,89250.0,63000,26250.0
ORD000391,2025-10-16,C0234,P011,R007,1,0.2,85000,57000,85000,17000.0,68000.0,57000,11000.0
ORD000894,2025-10-16,C0013,P015,R008,4,0.0,35000,21000,140000,0.0,140000.0,84000,56000.0
ORD005834,2025-10-16,C0030,P020,R003,4,0.05,22000,13000,88000,4400.0,83600.0,52000,31600.0
ORD007145,2025-10-16,C0126,P004,R005,10,0.15,140000,98000,1400000,210000.0,1190000.0,980000,210000.0
ORD000706,2025-10-16,C0024,P005,R004,5,0.02,120000,84000,600000,12000.0,588000.0,420000,168000.0
ORD007044,2025-10-16,C0011,P010,R011,3,0.02,320000,215000,960000,19200.0,940800.0,645000,295800.0
ORD006450,2025-10-16,C0221,P006,R012,4,0.02,95000,62000,380000,7600.0,372400.0,248000,124400.0
ORD005532,2025-10-16,C0260,P007,R010,1,0.05,180000,118000,180000,9000.0,171000.0,118000,53000.0
ORD000038,2025-10-16,C0201,P003,R013,10,0.0,160000,112000,1600000,0.0,1600000.0,1120000,480000.0
ORD001949,2025-10-16,C0265,P005,R013,5,0.05,120000,84000,600000,30000.0,570000.0,420000,150000.0
ORD001829,2025-10-16,C0209,P006,R001,3,0.05,95000,62000,285000,14250.0,270750.0,186000,84750.0
ORD005062,2025-10-16,C0045,P004,R011,2,0.05,140000,98000,280000,14000.0,266000.0,196000,70000.0
ORD007604,2025-10-16,C0299,P010,R003,1,0.05,320000,215000,320000,16000.0,304000.0,215000,89000.0
ORD001458,2025-10-16,C0136,P011,R013,2,0.0,85000,57000,170000,0.0,170000.0,114000,56000.0
ORD000489,2025-10-16,C0005,P004,R007,1,0.0,140000,98000,140000,0.0,140000.0,98000,42000.0
ORD006334,2025-10-16,C0266,P017,R009,1,0.0,75000,50000,75000,0.0,75000.0,50000,25000.0
ORD003050,2025-10-16,C0157,P020,R002,2,0.1,22000,13000,44000,4400.0,39600.0,26000,13600.0
ORD003070,2025-10-16,C0150,P007,R007,1,0.02,180000,118000,180000,3600.0,176400.0,118000,58400.0
ORD000481,2025-10-16,C0054,P009,R005,3,0.05,130000,85000,390000,19500.0,370500.0,255000,115500.0
ORD006652,2025-10-16,C0231,P004,R002,1,0.05,140000,98000,140000,7000.0,133000.0,98000,35000.0
ORD002334,2025-10-17,C0037,P016,R008,5,0.0,55000,35000,275000,0.0,275000.0,175000,100000.0
ORD002694,2025-10-17,C0075,P016,R011,2,0.02,55000,35000,110000,2200.0,107800.0,70000,37800.0
ORD002391,2025-10-17,C0186,P009,R012,2,0.1,130000,85000,260000,26000.0,234000.0,170000,64000.0
ORD002353,2025-10-17,C0214,P001,R010,4,0.08,350000,245000,1400000,112000.0,1288000.0,980000,308000.0
ORD006537,2025-10-17,C0032,P014,R012,1,0.05,18000,10500,18000,900.0,17100.0,10500,6600.0
ORD006579,2025-10-17,C0095,P003,R009,1,0.1,160000,112000,160000,16000.0,144000.0,112000,32000.0
ORD006286,2025-10-17,C0195,P020,R010,4,0.0,22000,13000,88000,0.0,88000.0,52000,36000.0
ORD006233,2025-10-17,C0235,P012,R005,1,0.05,125000,83000,125000,6250.0,118750.0,83000,35750.0
ORD006725,2025-10-17,C0083,P013,R011,1,0.05,30000,18500,30000,1500.0,28500.0,18500,10000.0
ORD002169,2025-10-17,C0268,P020,R001,3,0.0,22000,13000,66000,0.0,66000.0,39000,27000.0
ORD004163,2025-10-18,C0285,P005,R009,4,0.05,120000,84000,480000,24000.0,456000.0,336000,120000.0
ORD001260,2025-10-18,C0228,P007,R013,3,0.05,180000,118000,540000,27000.0,513000.0,354000,159000.0
ORD006994,2025-10-18,C0298,P006,R001,6,0.0,95000,62000,570000,0.0,570000.0,372000,198000.0
ORD005589,2025-10-18,C0146,P016,R004,5,0.05,55000,35000,275000,13750.0,261250.0,175000,86250.0
ORD007525,2025-10-18,C0088,P009,R008,1,0.15,130000,85000,130000,19500.0,110500.0,85000,25500.0
ORD002072,2025-10-18,C0017,P004,R007,10,0.1,140000,98000,1400000,140000.0,1260000.0,980000,280000.0
ORD004632,2025-10-18,C0165,P013,R012,2,0.05,30000,18500,60000,3000.0,57000.0,37000,20000.0
ORD001296,2025-10-18,C0271,P008,R007,4,0.05,110000,72000,440000,22000.0,418000.0,288000,130000.0
ORD006041,2025-10-18,C0063,P009,R007,1,0.0,130000,85000,130000,0.0,130000.0,85000,45000.0
ORD003778,2025-10-18,C0063,P011,R008,5,0.08,85000,57000,425000,34000.0,391000.0,285000,106000.0
ORD004028,2025-10-18,C0283,P012,R012,8,0.1,125000,83000,1000000,100000.0,900000.0,664000,236000.0
ORD000454,2025-10-18,C0265,P002,R011,2,0.0,220000,155000,440000,0.0,440000.0,310000,130000.0
ORD004823,2025-10-19,C0133,P017,R008,4,0.05,75000,50000,300000,15000.0,285000.0,200000,85000.0
ORD000690,2025-10-19,C0231,P003,R003,5,0.1,160000,112000,800000,80000.0,720000.0,560000,160000.0
ORD000507,2025-10-19,C0058,P003,R003,1,0.08,160000,112000,160000,12800.0,147200.0,112000,35200.0
ORD006697,2025-10-19,C0130,P012,R013,4,0.05,125000,83000,500000,25000.0,475000.0,332000,143000.0
ORD002314,2025-10-19,C0243,P009,R006,2,0.2,130000,85000,260000,52000.0,208000.0,170000,38000.0
ORD003130,2025-10-19,C0255,P013,R006,8,0.08,30000,18500,240000,19200.0,220800.0,148000,72800.0
ORD006416,2025-10-19,C0197,P020,R001,6,0.05,22000,13000,132000,6600.0,125400.0,78000,47400.0
ORD006740,2025-10-19,C0212,P008,R007,1,0.0,110000,72000,110000,0.0,110000.0,72000,38000.0
ORD005756,2025-10-19,C0049,P016,R004,1,0.02,55000,35000,55000,1100.0,53900.0,35000,18900.0
ORD007443,2025-10-19,C0125,P010,R001,10,0.0,320000,215000,3200000,0.0,3200000.0,2150000,1050000.0
ORD007808,2025-10-19,C0067,P016,R001,2,0.02,55000,35000,110000,2200.0,107800.0,70000,37800.0
ORD004165,2025-10-19,C0168,P007,R003,5,0.08,180000,118000,900000,72000.0,828000.0,590000,238000.0
ORD007075,2025-10-19,C0221,P012,R005,3,0.05,125000,83000,375000,18750.0,356250.0,249000,107250.0
ORD001132,2025-10-20,C0104,P017,R005,6,0.05,75000,50000,450000,22500.0,427500.0,300000,127500.0
ORD001174,2025-10-20,C0175,P019,R006,1,0.15,45000,29000,45000,6750.0,38250.0,29000,9250.0
ORD007409,2025-10-20,C0040,P012,R013,8,0.02,125000,83000,1000000,20000.0,980000.0,664000,316000.0
ORD006556,2025-10-20,C0226,P011,R010,4,0.1,85000,57000,340000,34000.0,306000.0,228000,78000.0
ORD004969,2025-10-20,C0103,P012,R001,3,0.08,125000,83000,375000,30000.0,345000.0,249000,96000.0
ORD003858,2025-10-20,C0010,P009,R001,8,0.02,130000,85000,1040000,20800.0,1019200.0,680000,339200.0
ORD006507,2025-10-20,C0059,P013,R007,6,0.05,30000,18500,180000,9000.0,171000.0,111000,60000.0
ORD007773,2025-10-20,C0158,P003,R012,3,0.02,160000,112000,480000,9600.0,470400.0,336000,134400.0
ORD002426,2025-10-20,C0288,P019,R003,8,0.0,45000,29000,360000,0.0,360000.0,232000,128000.0
ORD005961,2025-10-20,C0090,P018,R013,1,0.0,90000,62000,90000,0.0,90000.0,62000,28000.0
ORD001332,2025-10-20,C0020,P010,R013,3,0.15,320000,215000,960000,144000.0,816000.0,645000,171000.0
ORD000820,2025-10-20,C0256,P010,R005,1,0.0,320000,215000,320000,0.0,320000.0,215000,105000.0
ORD006264,2025-10-20,C0268,P016,R012,1,0.08,55000,35000,55000,4400.0,50600.0,35000,15600.0
ORD001273,2025-10-20,C0166,P011,R010,3,0.05,85000,57000,255000,12750.0,242250.0,171000,71250.0
ORD003560,2025-10-20,C0115,P012,R002,1,0.05,125000,83000,125000,6250.0,118750.0,83000,35750.0
ORD006885,2025-10-20,C0269,P005,R013,6,0.05,120000,84000,720000,36000.0,684000.0,504000,180000.0
ORD007553,2025-10-21,C0159,P004,R008,5,0.08,140000,98000,700000,56000.0,644000.0,490000,154000.0
ORD004360,2025-10-21,C0167,P008,R010,3,0.05,110000,72000,330000,16500.0,313500.0,216000,97500.0
ORD005038,2025-10-21,C0085,P007,R010,6,0.0,180000,118000,1080000,0.0,1080000.0,708000,372000.0
ORD005029,2025-10-21,C0056,P019,R010,1,0.02,45000,29000,45000,900.0,44100.0,29000,15100.0
ORD007195,2025-10-21,C0268,P020,R006,3,0.05,22000,13000,66000,3300.0,62700.0,39000,23700.0
ORD004732,2025-10-21,C0075,P002,R005,10,0.05,220000,155000,2200000,110000.0,2090000.0,1550000,540000.0
ORD005202,2025-10-21,C0019,P012,R010,5,0.02,125000,83000,625000,12500.0,612500.0,415000,197500.0
ORD004000,2025-10-21,C0066,P018,R011,4,0.05,90000,62000,360000,18000.0,342000.0,248000,94000.0
ORD002569,2025-10-21,C0147,P013,R009,2,0.05,30000,18500,60000,3000.0,57000.0,37000,20000.0
ORD003627,2025-10-21,C0028,P020,R010,8,0.05,22000,13000,176000,8800.0,167200.0,104000,63200.0
ORD001202,2025-10-21,C0087,P009,R012,2,0.05,130000,85000,260000,13000.0,247000.0,170000,77000.0
ORD004262,2025-10-21,C0054,P018,R003,4,0.0,90000,62000,360000,0.0,360000.0,248000,112000.0
ORD001849,2025-10-21,C0150,P004,R013,5,0.1,140000,98000,700000,70000.0,630000.0,490000,140000.0
ORD002398,2025-10-21,C0160,P001,R005,5,0.05,350000,245000,1750000,87500.0,1662500.0,1225000,437500.0
ORD002147,2025-10-21,C0230,P019,R005,4,0.08,45000,29000,180000,14400.0,165600.0,116000,49600.0
ORD004685,2025-10-22,C0148,P008,R010,2,0.05,110000,72000,220000,11000.0,209000.0,144000,65000.0
ORD001116,2025-10-22,C0070,P008,R005,1,0.15,110000,72000,110000,16500.0,93500.0,72000,21500.0
ORD000465,2025-10-22,C0250,P009,R007,5,0.08,130000,85000,650000,52000.0,598000.0,425000,173000.0
ORD002354,2025-10-22,C0296,P014,R006,5,0.1,18000,10500,90000,9000.0,81000.0,52500,28500.0
ORD000920,2025-10-22,C0187,P002,R002,4,0.0,220000,155000,880000,0.0,880000.0,620000,260000.0
ORD006755,2025-10-22,C0182,P009,R009,1,0.1,130000,85000,130000,13000.0,117000.0,85000,32000.0
ORD003086,2025-10-22,C0063,P003,R008,5,0.05,160000,112000,800000,40000.0,760000.0,560000,200000.0
ORD002876,2025-10-22,C0108,P013,R009,2,0.1,30000,18500,60000,6000.0,54000.0,37000,17000.0
ORD001783,2025-10-22,C0181,P008,R009,2,0.08,110000,72000,220000,17600.0,202400.0,144000,58400.0
ORD007211,2025-10-22,C0129,P016,R003,1,0.05,55000,35000,55000,2750.0,52250.0,35000,17250.0
ORD006550,2025-10-22,C0243,P010,R009,5,0.15,320000,215000,1600000,240000.0,1360000.0,1075000,285000.0
ORD002974,2025-10-22,C0109,P009,R011,5,0.0,130000,85000,650000,0.0,650000.0,425000,225000.0
ORD006191,2025-10-22,C0052,P018,R004,4,0.0,90000,62000,360000,0.0,360000.0,248000,112000.0
ORD002952,2025-10-23,C0072,P010,R002,5,0.02,320000,215000,1600000,32000.0,1568000.0,1075000,493000.0
ORD005282,2025-10-23,C0290,P002,R010,1,0.08,220000,155000,220000,17600.0,202400.0,155000,47400.0
ORD004694,2025-10-23,C0186,P013,R008,2,0.1,30000,18500,60000,6000.0,54000.0,37000,17000.0
ORD003933,2025-10-23,C0128,P004,R008,2,0.0,140000,98000,280000,0.0,280000.0,196000,84000.0
ORD007991,2025-10-23,C0062,P012,R012,2,0.05,125000,83000,250000,12500.0,237500.0,166000,71500.0
ORD000694,2025-10-23,C0300,P014,R009,3,0.1,18000,10500,54000,5400.0,48600.0,31500,17100.0
ORD000719,2025-10-23,C0162,P002,R003,1,0.15,220000,155000,220000,33000.0,187000.0,155000,32000.0
ORD007839,2025-10-23,C0001,P014,R008,5,0.02,18000,10500,90000,1800.0,88200.0,52500,35700.0
ORD007316,2025-10-23,C0258,P012,R011,6,0.1,125000,83000,750000,75000.0,675000.0,498000,177000.0
ORD004396,2025-10-23,C0259,P001,R006,5,0.0,350000,245000,1750000,0.0,1750000.0,1225000,525000.0
ORD007972,2025-10-23,C0253,P013,R010,2,0.1,30000,18500,60000,6000.0,54000.0,37000,17000.0
ORD000531,2025-10-23,C0218,P014,R013,1,0.08,18000,10500,18000,1440.0,16560.0,10500,6060.0
ORD002132,2025-10-23,C0164,P009,R013,4,0.0,130000,85000,520000,0.0,520000.0,340000,180000.0
ORD003312,2025-10-23,C0017,P007,R011,3,0.0,180000,118000,540000,0.0,540000.0,354000,186000.0
ORD003327,2025-10-23,C0228,P008,R006,3,0.08,110000,72000,330000,26400.0,303600.0,216000,87600.0
ORD000449,2025-10-23,C0184,P004,R005,3,0.05,140000,98000,420000,21000.0,399000.0,294000,105000.0
ORD000464,2025-10-23,C0061,P010,R001,3,0.08,320000,215000,960000,76800.0,883200.0,645000,238200.0
ORD003365,2025-10-23,C0042,P007,R001,3,0.0,180000,118000,540000,0.0,540000.0,354000,186000.0
ORD005473,2025-10-23,C0026,P010,R009,1,0.0,320000,215000,320000,0.0,320000.0,215000,105000.0
ORD005262,2025-10-24,C0162,P019,R002,1,0.02,45000,29000,45000,900.0,44100.0,29000,15100.0
ORD004406,2025-10-24,C0161,P008,R005,4,0.02,110000,72000,440000,8800.0,431200.0,288000,143200.0
ORD000532,2025-10-24,C0031,P017,R010,8,0.02,75000,50000,600000,12000.0,588000.0,400000,188000.0
ORD005723,2025-10-24,C0012,P003,R007,1,0.0,160000,112000,160000,0.0,160000.0,112000,48000.0
ORD005959,2025-10-24,C0251,P009,R013,2,0.05,130000,85000,260000,13000.0,247000.0,170000,77000.0
ORD001881,2025-10-24,C0065,P002,R001,6,0.05,220000,155000,1320000,66000.0,1254000.0,930000,324000.0
ORD005780,2025-10-24,C0117,P011,R007,8,0.05,85000,57000,680000,34000.0,646000.0,456000,190000.0
ORD007185,2025-10-24,C0259,P019,R010,5,0.08,45000,29000,225000,18000.0,207000.0,145000,62000.0
ORD006596,2025-10-24,C0177,P009,R013,1,0.05,130000,85000,130000,6500.0,123500.0,85000,38500.0
ORD006949,2025-10-24,C0269,P013,R005,1,0.0,30000,18500,30000,0.0,30000.0,18500,11500.0
ORD001313,2025-10-25,C0172,P017,R007,1,0.08,75000,50000,75000,6000.0,69000.0,50000,19000.0
ORD001127,2025-10-25,C0184,P013,R009,3,0.02,30000,18500,90000,1800.0,88200.0,55500,32700.0
ORD004575,2025-10-25,C0005,P018,R004,6,0.1,90000,62000,540000,54000.0,486000.0,372000,114000.0
ORD003947,2025-10-25,C0046,P014,R003,4,0.05,18000,10500,72000,3600.0,68400.0,42000,26400.0
ORD006336,2025-10-25,C0286,P016,R005,1,0.05,55000,35000,55000,2750.0,52250.0,35000,17250.0
ORD007968,2025-10-25,C0274,P005,R002,2,0.02,120000,84000,240000,4800.0,235200.0,168000,67200.0
ORD004705,2025-10-25,C0290,P001,R010,2,0.02,350000,245000,700000,14000.0,686000.0,490000,196000.0
ORD005049,2025-10-25,C0180,P020,R004,6,0.15,22000,13000,132000,19800.0,112200.0,78000,34200.0
ORD004480,2025-10-25,C0190,P004,R003,3,0.05,140000,98000,420000,21000.0,399000.0,294000,105000.0
ORD003835,2025-10-25,C0172,P004,R003,3,0.0,140000,98000,420000,0.0,420000.0,294000,126000.0
ORD007214,2025-10-26,C0297,P014,R001,6,0.05,18000,10500,108000,5400.0,102600.0,63000,39600.0
ORD003565,2025-10-26,C0050,P002,R001,6,0.1,220000,155000,1320000,132000.0,1188000.0,930000,258000.0
ORD005973,2025-10-26,C0002,P012,R010,10,0.05,125000,83000,1250000,62500.0,1187500.0,830000,357500.0
ORD005716,2025-10-26,C0257,P014,R008,5,0.05,18000,10500,90000,4500.0,85500.0,52500,33000.0
ORD006913,2025-10-26,C0031,P011,R009,1,0.05,85000,57000,85000,4250.0,80750.0,57000,23750.0
ORD006785,2025-10-26,C0176,P004,R005,4,0.0,140000,98000,560000,0.0,560000.0,392000,168000.0
ORD006438,2025-10-26,C0056,P014,R011,2,0.02,18000,10500,36000,720.0,35280.0,21000,14280.0
ORD007269,2025-10-26,C0126,P017,R006,1,0.0,75000,50000,75000,0.0,75000.0,50000,25000.0
ORD003241,2025-10-26,C0041,P015,R009,4,0.15,35000,21000,140000,21000.0,119000.0,84000,35000.0
ORD004070,2025-10-26,C0165,P015,R005,4,0.08,35000,21000,140000,11200.0,128800.0,84000,44800.0
ORD002951,2025-10-26,C0149,P015,R004,6,0.02,35000,21000,210000,4200.0,205800.0,126000,79800.0
ORD002235,2025-10-27,C0288,P007,R005,8,0.05,180000,118000,1440000,72000.0,1368000.0,944000,424000.0
ORD003893,2025-10-27,C0069,P019,R001,3,0.15,45000,29000,135000,20250.0,114750.0,87000,27750.0
ORD007110,2025-10-27,C0215,P013,R012,3,0.1,30000,18500,90000,9000.0,81000.0,55500,25500.0
ORD003192,2025-10-27,C0043,P008,R013,2,0.05,110000,72000,220000,11000.0,209000.0,144000,65000.0
ORD005253,2025-10-27,C0105,P011,R008,2,0.2,85000,57000,170000,34000.0,136000.0,114000,22000.0
ORD007515,2025-10-27,C0251,P020,R007,4,0.02,22000,13000,88000,1760.0,86240.0,52000,34240.0
ORD005145,2025-10-27,C0152,P005,R011,2,0.2,120000,84000,240000,48000.0,192000.0,168000,24000.0
ORD005847,2025-10-27,C0120,P010,R003,3,0.0,320000,215000,960000,0.0,960000.0,645000,315000.0
ORD001274,2025-10-27,C0293,P016,R012,1,0.08,55000,35000,55000,4400.0,50600.0,35000,15600.0
ORD005540,2025-10-27,C0027,P017,R002,2,0.05,75000,50000,150000,7500.0,142500.0,100000,42500.0
ORD000418,2025-10-27,C0293,P001,R013,3,0.05,350000,245000,1050000,52500.0,997500.0,735000,262500.0
ORD005553,2025-10-28,C0227,P010,R002,8,0.05,320000,215000,2560000,128000.0,2432000.0,1720000,712000.0
ORD001085,2025-10-28,C0093,P015,R002,2,0.05,35000,21000,70000,3500.0,66500.0,42000,24500.0
ORD002543,2025-10-28,C0004,P004,R001,2,0.08,140000,98000,280000,22400.0,257600.0,196000,61600.0
ORD002034,2025-10-28,C0051,P012,R006,8,0.0,125000,83000,1000000,0.0,1000000.0,664000,336000.0
ORD001031,2025-10-28,C0191,P012,R005,4,0.02,125000,83000,500000,10000.0,490000.0,332000,158000.0
ORD004917,2025-10-28,C0209,P020,R010,4,0.02,22000,13000,88000,1760.0,86240.0,52000,34240.0
ORD001150,2025-10-28,C0037,P019,R007,6,0.08,45000,29000,270000,21600.0,248400.0,174000,74400.0
ORD002101,2025-10-28,C0206,P002,R001,6,0.02,220000,155000,1320000,26400.0,1293600.0,930000,363600.0
ORD002911,2025-10-28,C0161,P015,R009,4,0.08,35000,21000,140000,11200.0,128800.0,84000,44800.0
ORD000886,2025-10-28,C0143,P001,R003,5,0.15,350000,245000,1750000,262500.0,1487500.0,1225000,262500.0
ORD000148,2025-10-28,C0141,P013,R005,2,0.0,30000,18500,60000,0.0,60000.0,37000,23000.0
ORD000830,2025-10-29,C0259,P014,R003,4,0.0,18000,10500,72000,0.0,72000.0,42000,30000.0
ORD002075,2025-10-29,C0172,P007,R001,10,0.0,180000,118000,1800000,0.0,1800000.0,1180000,620000.0
ORD000065,2025-10-29,C0182,P008,R005,2,0.08,110000,72000,220000,17600.0,202400.0,144000,58400.0
ORD001968,2025-10-29,C0066,P004,R001,3,0.1,140000,98000,420000,42000.0,378000.0,294000,84000.0
ORD001644,2025-10-29,C0132,P018,R013,6,0.08,90000,62000,540000,43200.0,496800.0,372000,124800.0
ORD003391,2025-10-29,C0287,P001,R002,8,0.08,350000,245000,2800000,224000.0,2576000.0,1960000,616000.0
ORD002572,2025-10-29,C0014,P015,R003,1,0.15,35000,21000,35000,5250.0,29750.0,21000,8750.0
ORD006693,2025-10-29,C0188,P016,R012,2,0.2,55000,35000,110000,22000.0,88000.0,70000,18000.0
ORD006004,2025-10-29,C0014,P018,R011,3,0.05,90000,62000,270000,13500.0,256500.0,186000,70500.0
ORD003630,2025-10-29,C0096,P008,R011,5,0.05,110000,72000,550000,27500.0,522500.0,360000,162500.0
ORD001359,2025-10-29,C0263,P017,R006,4,0.05,75000,50000,300000,15000.0,285000.0,200000,85000.0
ORD001776,2025-10-29,C0071,P016,R006,5,0.0,55000,35000,275000,0.0,275000.0,175000,100000.0
ORD003914,2025-10-29,C0200,P018,R011,2,0.1,90000,62000,180000,18000.0,162000.0,124000,38000.0
ORD007905,2025-10-29,C0268,P001,R007,1,0.15,350000,245000,350000,52500.0,297500.0,245000,52500.0
ORD004892,2025-10-29,C0274,P020,R009,3,0.1,22000,13000,66000,6600.0,59400.0,39000,20400.0
ORD006375,2025-10-29,C0222,P003,R010,2,0.05,160000,112000,320000,16000.0,304000.0,224000,80000.0
ORD005646,2025-10-29,C0220,P016,R007,4,0.05,55000,35000,220000,11000.0,209000.0,140000,69000.0
ORD006352,2025-10-29,C0280,P007,R013,4,0.1,180000,118000,720000,72000.0,648000.0,472000,176000.0
ORD001692,2025-10-29,C0181,P016,R013,4,0.1,55000,35000,220000,22000.0,198000.0,140000,58000.0
ORD006348,2025-10-29,C0148,P013,R007,6,0.05,30000,18500,180000,9000.0,171000.0,111000,60000.0
ORD000515,2025-10-29,C0062,P006,R007,2,0.15,95000,62000,190000,28500.0,161500.0,124000,37500.0
ORD001393,2025-10-30,C0143,P002,R001,2,0.1,220000,155000,440000,44000.0,396000.0,310000,86000.0
ORD001151,2025-10-30,C0177,P010,R012,6,0.0,320000,215000,1920000,0.0,1920000.0,1290000,630000.0
ORD006546,2025-10-30,C0139,P011,R010,6,0.0,85000,57000,510000,0.0,510000.0,342000,168000.0
ORD004384,2025-10-30,C0111,P017,R013,2,0.05,75000,50000,150000,7500.0,142500.0,100000,42500.0
ORD001226,2025-10-30,C0217,P001,R008,1,0.15,350000,245000,350000,52500.0,297500.0,245000,52500.0
ORD000269,2025-10-30,C0085,P020,R009,1,0.1,22000,13000,22000,2200.0,19800.0,13000,6800.0
ORD007029,2025-10-30,C0261,P005,R006,1,0.05,120000,84000,120000,6000.0,114000.0,84000,30000.0
ORD002304,2025-10-30,C0051,P012,R005,2,0.15,125000,83000,250000,37500.0,212500.0,166000,46500.0
ORD007888,2025-10-30,C0099,P002,R010,4,0.02,220000,155000,880000,17600.0,862400.0,620000,242400.0
ORD003950,2025-10-30,C0233,P017,R010,1,0.08,75000,50000,75000,6000.0,69000.0,50000,19000.0
ORD000985,2025-10-30,C0044,P012,R013,4,0.15,125000,83000,500000,75000.0,425000.0,332000,93000.0
ORD000341,2025-10-30,C0120,P013,R011,2,0.1,30000,18500,60000,6000.0,54000.0,37000,17000.0
ORD003635,2025-10-30,C0061,P010,R004,2,0.1,320000,215000,640000,64000.0,576000.0,430000,146000.0
ORD003005,2025-10-30,C0214,P005,R004,2,0.05,120000,84000,240000,12000.0,228000.0,168000,60000.0
ORD002432,2025-10-30,C0182,P004,R003,3,0.05,140000,98000,420000,21000.0,399000.0,294000,105000.0
ORD002667,2025-10-30,C0216,P001,R003,1,0.02,350000,245000,350000,7000.0,343000.0,245000,98000.0
ORD001757,2025-10-30,C0096,P012,R010,2,0.0,125000,83000,250000,0.0,250000.0,166000,84000.0
ORD005984,2025-10-31,C0224,P003,R002,6,0.02,160000,112000,960000,19200.0,940800.0,672000,268800.0
ORD004932,2025-10-31,C0197,P007,R004,1,0.02,180000,118000,180000,3600.0,176400.0,118000,58400.0
ORD004179,2025-10-31,C0064,P012,R008,3,0.02,125000,83000,375000,7500.0,367500.0,249000,118500.0
ORD002024,2025-10-31,C0107,P016,R009,2,0.0,55000,35000,110000,0.0,110000.0,70000,40000.0
ORD002270,2025-10-31,C0128,P018,R002,2,0.05,90000,62000,180000,9000.0,171000.0,124000,47000.0
ORD002429,2025-10-31,C0269,P009,R013,5,0.0,130000,85000,650000,0.0,650000.0,425000,225000.0
ORD006290,2025-10-31,C0134,P011,R004,2,0.08,85000,57000,170000,13600.0,156400.0,114000,42400.0
ORD001272,2025-10-31,C0263,P010,R001,10,0.15,320000,215000,3200000,480000.0,2720000.0,2150000,570000.0
ORD003834,2025-10-31,C0299,P020,R008,2,0.05,22000,13000,44000,2200.0,41800.0,26000,15800.0
ORD001232,2025-10-31,C0240,P016,R001,1,0.0,55000,35000,55000,0.0,55000.0,35000,20000.0
ORD003253,2025-10-31,C0188,P016,R003,3,0.08,55000,35000,165000,13200.0,151800.0,105000,46800.0
ORD002960,2025-10-31,C0225,P018,R013,1,0.1,90000,62000,90000,9000.0,81000.0,62000,19000.0
ORD001258,2025-11-01,C0034,P006,R011,2,0.0,95000,62000,190000,0.0,190000.0,124000,66000.0
ORD001820,2025-11-01,C0025,P001,R002,10,0.05,350000,245000,3500000,175000.0,3325000.0,2450000,875000.0
ORD000582,2025-11-01,C0022,P013,R002,2,0.1,30000,18500,60000,6000.0,54000.0,37000,17000.0
ORD006072,2025-11-01,C0089,P005,R007,5,0.05,120000,84000,600000,30000.0,570000.0,420000,150000.0
ORD003092,2025-11-01,C0009,P003,R011,3,0.1,160000,112000,480000,48000.0,432000.0,336000,96000.0
ORD001055,2025-11-01,C0232,P007,R008,3,0.15,180000,118000,540000,81000.0,459000.0,354000,105000.0
ORD002224,2025-11-01,C0147,P014,R013,2,0.0,18000,10500,36000,0.0,36000.0,21000,15000.0
ORD006256,2025-11-01,C0158,P008,R012,1,0.02,110000,72000,110000,2200.0,107800.0,72000,35800.0
ORD004524,2025-11-01,C0181,P003,R012,3,0.05,160000,112000,480000,24000.0,456000.0,336000,120000.0
ORD001167,2025-11-01,C0046,P017,R006,1,0.0,75000,50000,75000,0.0,75000.0,50000,25000.0
ORD000191,2025-11-01,C0057,P011,R001,2,0.1,85000,57000,170000,17000.0,153000.0,114000,39000.0
ORD004106,2025-11-01,C0268,P010,R002,10,0.05,320000,215000,3200000,160000.0,3040000.0,2150000,890000.0
ORD000263,2025-11-02,C0019,P020,R002,4,0.02,22000,13000,88000,1760.0,86240.0,52000,34240.0
ORD005286,2025-11-02,C0119,P019,R013,4,0.02,45000,29000,180000,3600.0,176400.0,116000,60400.0
ORD000276,2025-11-02,C0061,P015,R009,4,0.15,35000,21000,140000,21000.0,119000.0,84000,35000.0
ORD007835,2025-11-02,C0280,P014,R007,2,0.05,18000,10500,36000,1800.0,34200.0,21000,13200.0
ORD005021,2025-11-02,C0013,P001,R007,4,0.0,350000,245000,1400000,0.0,1400000.0,980000,420000.0
ORD006902,2025-11-02,C0254,P001,R006,6,0.05,350000,245000,2100000,105000.0,1995000.0,1470000,525000.0
ORD007352,2025-11-02,C0206,P016,R013,6,0.05,55000,35000,330000,16500.0,313500.0,210000,103500.0
ORD004291,2025-11-02,C0020,P020,R003,3,0.08,22000,13000,66000,5280.0,60720.0,39000,21720.0
ORD004150,2025-11-02,C0024,P012,R007,8,0.08,125000,83000,1000000,80000.0,920000.0,664000,256000.0
ORD003924,2025-11-02,C0091,P008,R003,6,0.0,110000,72000,660000,0.0,660000.0,432000,228000.0
ORD001193,2025-11-02,C0196,P014,R009,3,0.02,18000,10500,54000,1080.0,52920.0,31500,21420.0
ORD000954,2025-11-02,C0290,P010,R009,3,0.02,320000,215000,960000,19200.0,940800.0,645000,295800.0
ORD004634,2025-11-02,C0238,P008,R001,3,0.05,110000,72000,330000,16500.0,313500.0,216000,97500.0
ORD002717,2025-11-02,C0085,P014,R011,1,0.1,18000,10500,18000,1800.0,16200.0,10500,5700.0
ORD007128,2025-11-02,C0286,P018,R008,3,0.2,90000,62000,270000,54000.0,216000.0,186000,30000.0
ORD001942,2025-11-03,C0157,P006,R004,2,0.02,95000,62000,190000,3800.0,186200.0,124000,62200.0
ORD007569,2025-11-03,C0181,P011,R003,10,0.08,85000,57000,850000,68000.0,782000.0,570000,212000.0
ORD007653,2025-11-03,C0109,P015,R007,1,0.1,35000,21000,35000,3500.0,31500.0,21000,10500.0
ORD002504,2025-11-03,C0056,P017,R011,2,0.05,75000,50000,150000,7500.0,142500.0,100000,42500.0
ORD005168,2025-11-03,C0067,P016,R009,1,0.0,55000,35000,55000,0.0,55000.0,35000,20000.0
ORD005173,2025-11-03,C0274,P002,R005,6,0.08,220000,155000,1320000,105600.0,1214400.0,930000,284400.0
ORD001092,2025-11-03,C0110,P004,R010,2,0.08,140000,98000,280000,22400.0,257600.0,196000,61600.0
ORD005003,2025-11-03,C0021,P001,R010,2,0.0,350000,245000,700000,0.0,700000.0,490000,210000.0
ORD005748,2025-11-03,C0257,P016,R012,3,0.02,55000,35000,165000,3300.0,161700.0,105000,56700.0
ORD005353,2025-11-03,C0178,P013,R002,6,0.02,30000,18500,180000,3600.0,176400.0,111000,65400.0
ORD007042,2025-11-03,C0052,P007,R011,1,0.0,180000,118000,180000,0.0,180000.0,118000,62000.0
ORD007964,2025-11-03,C0234,P005,R007,4,0.05,120000,84000,480000,24000.0,456000.0,336000,120000.0
ORD001875,2025-11-03,C0230,P006,R001,3,0.2,95000,62000,285000,57000.0,228000.0,186000,42000.0
ORD003472,2025-11-04,C0239,P020,R013,2,0.0,22000,13000,44000,0.0,44000.0,26000,18000.0
ORD003568,2025-11-04,C0016,P005,R003,8,0.0,120000,84000,960000,0.0,960000.0,672000,288000.0
ORD004890,2025-11-04,C0074,P019,R003,4,0.1,45000,29000,180000,18000.0,162000.0,116000,46000.0
ORD006773,2025-11-04,C0290,P001,R010,6,0.0,350000,245000,2100000,0.0,2100000.0,1470000,630000.0
ORD000281,2025-11-04,C0197,P004,R003,3,0.02,140000,98000,420000,8400.0,411600.0,294000,117600.0
ORD007916,2025-11-04,C0190,P014,R008,5,0.08,18000,10500,90000,7200.0,82800.0,52500,30300.0
ORD003517,2025-11-04,C0010,P003,R008,4,0.1,160000,112000,640000,64000.0,576000.0,448000,128000.0
ORD004487,2025-11-04,C0020,P013,R006,10,0.05,30000,18500,300000,15000.0,285000.0,185000,100000.0
ORD001541,2025-11-04,C0013,P001,R010,1,0.1,350000,245000,350000,35000.0,315000.0,245000,70000.0
ORD006362,2025-11-04,C0120,P011,R007,2,0.2,85000,57000,170000,34000.0,136000.0,114000,22000.0
ORD001205,2025-11-04,C0141,P015,R012,1,0.15,35000,21000,35000,5250.0,29750.0,21000,8750.0
ORD002768,2025-11-04,C0253,P003,R008,1,0.0,160000,112000,160000,0.0,160000.0,112000,48000.0
ORD006251,2025-11-05,C0191,P012,R007,2,0.05,125000,83000,250000,12500.0,237500.0,166000,71500.0
ORD005009,2025-11-05,C0008,P004,R013,4,0.02,140000,98000,560000,11200.0,548800.0,392000,156800.0
ORD004339,2025-11-05,C0042,P018,R005,1,0.1,90000,62000,90000,9000.0,81000.0,62000,19000.0
ORD007591,2025-11-05,C0078,P013,R003,6,0.05,30000,18500,180000,9000.0,171000.0,111000,60000.0
ORD001090,2025-11-05,C0103,P011,R008,1,0.02,85000,57000,85000,1700.0,83300.0,57000,26300.0
ORD001001,2025-11-05,C0200,P009,R001,1,0.05,130000,85000,130000,6500.0,123500.0,85000,38500.0
ORD002887,2025-11-05,C0094,P002,R004,6,0.0,220000,155000,1320000,0.0,1320000.0,930000,390000.0
ORD005072,2025-11-05,C0081,P007,R010,3,0.05,180000,118000,540000,27000.0,513000.0,354000,159000.0
ORD003351,2025-11-05,C0052,P005,R009,1,0.05,120000,84000,120000,6000.0,114000.0,84000,30000.0
ORD007265,2025-11-05,C0133,P004,R011,2,0.05,140000,98000,280000,14000.0,266000.0,196000,70000.0
ORD000541,2025-11-05,C0074,P001,R004,2,0.05,350000,245000,700000,35000.0,665000.0,490000,175000.0
ORD005182,2025-11-05,C0278,P008,R012,1,0.08,110000,72000,110000,8800.0,101200.0,72000,29200.0
ORD004014,2025-11-06,C0192,P015,R007,5,0.1,35000,21000,175000,17500.0,157500.0,105000,52500.0
ORD004623,2025-11-06,C0100,P013,R007,3,0.0,30000,18500,90000,0.0,90000.0,55500,34500.0
ORD001040,2025-11-06,C0165,P011,R012,4,0.05,85000,57000,340000,17000.0,323000.0,228000,95000.0
ORD000836,2025-11-06,C0165,P014,R003,3,0.0,18000,10500,54000,0.0,54000.0,31500,22500.0
ORD005744,2025-11-06,C0276,P003,R008,6,0.02,160000,112000,960000,19200.0,940800.0,672000,268800.0
ORD006974,2025-11-06,C0138,P003,R007,5,0.15,160000,112000,800000,120000.0,680000.0,560000,120000.0
ORD002732,2025-11-06,C0239,P007,R008,3,0.0,180000,118000,540000,0.0,540000.0,354000,186000.0
ORD007074,2025-11-06,C0216,P008,R013,4,0.2,110000,72000,440000,88000.0,352000.0,288000,64000.0
ORD005469,2025-11-06,C0247,P007,R010,5,0.05,180000,118000,900000,45000.0,855000.0,590000,265000.0
ORD005088,2025-11-06,C0175,P013,R002,4,0.02,30000,18500,120000,2400.0,117600.0,74000,43600.0
ORD006344,2025-11-06,C0269,P005,R010,3,0.0,120000,84000,360000,0.0,360000.0,252000,108000.0
ORD003446,2025-11-06,C0223,P019,R007,2,0.1,45000,29000,90000,9000.0,81000.0,58000,23000.0
ORD004362,2025-11-06,C0163,P006,R009,3,0.15,95000,62000,285000,42750.0,242250.0,186000,56250.0
ORD000700,2025-11-06,C0093,P003,R005,3,0.08,160000,112000,480000,38400.0,441600.0,336000,105600.0
ORD001218,2025-11-07,C0258,P015,R009,4,0.02,35000,21000,140000,2800.0,137200.0,84000,53200.0
ORD003868,2025-11-07,C0008,P014,R008,8,0.05,18000,10500,144000,7200.0,136800.0,84000,52800.0
ORD001428,2025-11-07,C0124,P006,R010,4,0.05,95000,62000,380000,19000.0,361000.0,248000,113000.0
ORD006558,2025-11-07,C0144,P015,R008,4,0.02,35000,21000,140000,2800.0,137200.0,84000,53200.0
ORD003649,2025-11-07,C0271,P004,R006,3,0.0,140000,98000,420000,0.0,420000.0,294000,126000.0
ORD006743,2025-11-07,C0052,P006,R004,3,0.02,95000,62000,285000,5700.0,279300.0,186000,93300.0
ORD001394,2025-11-07,C0081,P020,R008,2,0.1,22000,13000,44000,4400.0,39600.0,26000,13600.0
ORD000793,2025-11-07,C0181,P017,R007,10,0.02,75000,50000,750000,15000.0,735000.0,500000,235000.0
ORD007507,2025-11-07,C0154,P019,R004,3,0.05,45000,29000,135000,6750.0,128250.0,87000,41250.0
ORD005410,2025-11-07,C0056,P015,R008,1,0.02,35000,21000,35000,700.0,34300.0,21000,13300.0
ORD003019,2025-11-07,C0012,P014,R013,4,0.05,18000,10500,72000,3600.0,68400.0,42000,26400.0
ORD006078,2025-11-07,C0067,P015,R007,4,0.08,35000,21000,140000,11200.0,128800.0,84000,44800.0
ORD005848,2025-11-07,C0061,P001,R013,8,0.05,350000,245000,2800000,140000.0,2660000.0,1960000,700000.0
ORD005230,2025-11-07,C0242,P012,R004,3,0.02,125000,83000,375000,7500.0,367500.0,249000,118500.0
ORD005628,2025-11-07,C0123,P011,R009,3,0.08,85000,57000,255000,20400.0,234600.0,171000,63600.0
ORD002596,2025-11-07,C0288,P013,R012,2,0.05,30000,18500,60000,3000.0,57000.0,37000,20000.0
ORD002138,2025-11-07,C0086,P001,R009,1,0.08,350000,245000,350000,28000.0,322000.0,245000,77000.0
ORD004562,2025-11-08,C0171,P002,R005,5,0.2,220000,155000,1100000,220000.0,880000.0,775000,105000.0
ORD007590,2025-11-08,C0207,P013,R011,2,0.02,30000,18500,60000,1200.0,58800.0,37000,21800.0
ORD005152,2025-11-08,C0236,P005,R007,2,0.05,120000,84000,240000,12000.0,228000.0,168000,60000.0
ORD000351,2025-11-08,C0218,P005,R007,4,0.08,120000,84000,480000,38400.0,441600.0,336000,105600.0
ORD000705,2025-11-08,C0009,P020,R010,1,0.05,22000,13000,22000,1100.0,20900.0,13000,7900.0
ORD001310,2025-11-08,C0256,P007,R002,3,0.05,180000,118000,540000,27000.0,513000.0,354000,159000.0
ORD003012,2025-11-08,C0096,P009,R013,1,0.02,130000,85000,130000,2600.0,127400.0,85000,42400.0
ORD001094,2025-11-08,C0020,P012,R004,5,0.05,125000,83000,625000,31250.0,593750.0,415000,178750.0
ORD002761,2025-11-09,C0293,P012,R006,4,0.0,125000,83000,500000,0.0,500000.0,332000,168000.0
ORD001814,2025-11-09,C0016,P013,R009,1,0.0,30000,18500,30000,0.0,30000.0,18500,11500.0
ORD007238,2025-11-09,C0186,P013,R002,2,0.02,30000,18500,60000,1200.0,58800.0,37000,21800.0
ORD001784,2025-11-09,C0254,P014,R004,2,0.05,18000,10500,36000,1800.0,34200.0,21000,13200.0
ORD000609,2025-11-09,C0053,P019,R011,6,0.0,45000,29000,270000,0.0,270000.0,174000,96000.0
ORD000545,2025-11-09,C0128,P002,R009,3,0.08,220000,155000,660000,52800.0,607200.0,465000,142200.0
ORD002465,2025-11-09,C0019,P004,R013,6,0.05,140000,98000,840000,42000.0,798000.0,588000,210000.0
ORD004381,2025-11-09,C0143,P006,R005,2,0.08,95000,62000,190000,15200.0,174800.0,124000,50800.0
ORD001161,2025-11-09,C0233,P007,R006,5,0.2,180000,118000,900000,180000.0,720000.0,590000,130000.0
ORD005823,2025-11-09,C0271,P017,R001,2,0.0,75000,50000,150000,0.0,150000.0,100000,50000.0
ORD007058,2025-11-09,C0212,P019,R009,3,0.08,45000,29000,135000,10800.0,124200.0,87000,37200.0
ORD002809,2025-11-09,C0220,P011,R013,2,0.02,85000,57000,170000,3400.0,166600.0,114000,52600.0
ORD002365,2025-11-09,C0080,P010,R002,8,0.15,320000,215000,2560000,384000.0,2176000.0,1720000,456000.0
ORD005868,2025-11-09,C0143,P017,R011,1,0.08,75000,50000,75000,6000.0,69000.0,50000,19000.0
ORD006585,2025-11-09,C0063,P014,R011,1,0.0,18000,10500,18000,0.0,18000.0,10500,7500.0
ORD003747,2025-11-09,C0277,P016,R006,1,0.02,55000,35000,55000,1100.0,53900.0,35000,18900.0
ORD004117,2025-11-09,C0053,P003,R012,5,0.02,160000,112000,800000,16000.0,784000.0,560000,224000.0
ORD001967,2025-11-09,C0286,P017,R004,2,0.05,75000,50000,150000,7500.0,142500.0,100000,42500.0
ORD006239,2025-11-09,C0281,P011,R010,2,0.1,85000,57000,170000,17000.0,153000.0,114000,39000.0
ORD003162,2025-11-10,C0048,P018,R009,1,0.2,90000,62000,90000,18000.0,72000.0,62000,10000.0
ORD001075,2025-11-10,C0256,P001,R004,6,0.05,350000,245000,2100000,105000.0,1995000.0,1470000,525000.0
ORD006701,2025-11-10,C0078,P015,R008,8,0.05,35000,21000,280000,14000.0,266000.0,168000,98000.0
ORD003986,2025-11-10,C0114,P012,R003,3,0.02,125000,83000,375000,7500.0,367500.0,249000,118500.0
ORD005684,2025-11-10,C0178,P017,R008,1,0.05,75000,50000,75000,3750.0,71250.0,50000,21250.0
ORD001745,2025-11-10,C0250,P012,R013,2,0.15,125000,83000,250000,37500.0,212500.0,166000,46500.0
ORD003807,2025-11-10,C0259,P013,R001,4,0.0,30000,18500,120000,0.0,120000.0,74000,46000.0
ORD004797,2025-11-10,C0177,P013,R010,5,0.1,30000,18500,150000,15000.0,135000.0,92500,42500.0
ORD005555,2025-11-10,C0036,P016,R011,3,0.05,55000,35000,165000,8250.0,156750.0,105000,51750.0
ORD001944,2025-11-10,C0075,P020,R012,5,0.08,22000,13000,110000,8800.0,101200.0,65000,36200.0
ORD002955,2025-11-10,C0169,P012,R005,5,0.05,125000,83000,625000,31250.0,593750.0,415000,178750.0
ORD001700,2025-11-10,C0082,P018,R001,3,0.08,90000,62000,270000,21600.0,248400.0,186000,62400.0
ORD006498,2025-11-10,C0249,P005,R003,1,0.05,120000,84000,120000,6000.0,114000.0,84000,30000.0
ORD003166,2025-11-10,C0161,P013,R007,2,0.0,30000,18500,60000,0.0,60000.0,37000,23000.0
ORD001816,2025-11-10,C0134,P011,R009,4,0.05,85000,57000,340000,17000.0,323000.0,228000,95000.0
ORD003095,2025-11-10,C0173,P006,R002,3,0.08,95000,62000,285000,22800.0,262200.0,186000,76200.0
ORD003024,2025-11-10,C0074,P005,R010,4,0.05,120000,84000,480000,24000.0,456000.0,336000,120000.0
ORD005438,2025-11-10,C0287,P002,R006,2,0.05,220000,155000,440000,22000.0,418000.0,310000,108000.0
ORD003491,2025-11-11,C0189,P008,R010,1,0.05,110000,72000,110000,5500.0,104500.0,72000,32500.0
ORD000389,2025-11-11,C0227,P001,R005,1,0.05,350000,245000,350000,17500.0,332500.0,245000,87500.0
ORD005335,2025-11-11,C0190,P001,R011,4,0.0,350000,245000,1400000,0.0,1400000.0,980000,420000.0
ORD005726,2025-11-11,C0135,P004,R009,2,0.02,140000,98000,280000,5600.0,274400.0,196000,78400.0
ORD003282,2025-11-11,C0263,P014,R010,2,0.05,18000,10500,36000,1800.0,34200.0,21000,13200.0
ORD004305,2025-11-11,C0281,P016,R012,1,0.08,55000,35000,55000,4400.0,50600.0,35000,15600.0
ORD002789,2025-11-11,C0300,P011,R012,1,0.0,85000,57000,85000,0.0,85000.0,57000,28000.0
ORD002905,2025-11-11,C0296,P012,R012,4,0.1,125000,83000,500000,50000.0,450000.0,332000,118000.0
ORD006136,2025-11-11,C0014,P017,R013,2,0.05,75000,50000,150000,7500.0,142500.0,100000,42500.0
ORD006880,2025-11-11,C0203,P010,R011,3,0.08,320000,215000,960000,76800.0,883200.0,645000,238200.0
ORD006531,2025-11-11,C0136,P010,R007,3,0.02,320000,215000,960000,19200.0,940800.0,645000,295800.0
ORD002654,2025-11-11,C0078,P018,R002,5,0.05,90000,62000,450000,22500.0,427500.0,310000,117500.0
ORD001434,2025-11-12,C0188,P007,R009,8,0.05,180000,118000,1440000,72000.0,1368000.0,944000,424000.0
ORD003911,2025-11-12,C0090,P017,R009,3,0.15,75000,50000,225000,33750.0,191250.0,150000,41250.0
ORD000208,2025-11-12,C0105,P010,R001,3,0.0,320000,215000,960000,0.0,960000.0,645000,315000.0
ORD007828,2025-11-12,C0134,P006,R004,3,0.02,95000,62000,285000,5700.0,279300.0,186000,93300.0
ORD006692,2025-11-12,C0144,P004,R012,6,0.05,140000,98000,840000,42000.0,798000.0,588000,210000.0
ORD003942,2025-11-12,C0253,P010,R013,2,0.08,320000,215000,640000,51200.0,588800.0,430000,158800.0
ORD003784,2025-11-12,C0006,P001,R007,5,0.05,350000,245000,1750000,87500.0,1662500.0,1225000,437500.0
ORD000883,2025-11-12,C0107,P013,R002,3,0.1,30000,18500,90000,9000.0,81000.0,55500,25500.0
ORD007398,2025-11-12,C0243,P012,R002,4,0.02,125000,83000,500000,10000.0,490000.0,332000,158000.0
ORD003085,2025-11-13,C0177,P006,R006,3,0.08,95000,62000,285000,22800.0,262200.0,186000,76200.0
ORD007224,2025-11-13,C0102,P014,R002,1,0.02,18000,10500,18000,360.0,17640.0,10500,7140.0
ORD007871,2025-11-13,C0214,P014,R007,10,0.0,18000,10500,180000,0.0,180000.0,105000,75000.0
ORD006853,2025-11-13,C0158,P018,R004,3,0.1,90000,62000,270000,27000.0,243000.0,186000,57000.0
ORD002707,2025-11-13,C0095,P005,R007,1,0.0,120000,84000,120000,0.0,120000.0,84000,36000.0
ORD004095,2025-11-13,C0294,P017,R006,5,0.1,75000,50000,375000,37500.0,337500.0,250000,87500.0
ORD007071,2025-11-13,C0187,P011,R004,4,0.05,85000,57000,340000,17000.0,323000.0,228000,95000.0
ORD001056,2025-11-13,C0270,P012,R013,2,0.08,125000,83000,250000,20000.0,230000.0,166000,64000.0
ORD004011,2025-11-13,C0132,P017,R003,1,0.2,75000,50000,75000,15000.0,60000.0,50000,10000.0
ORD006873,2025-11-13,C0061,P004,R012,2,0.1,140000,98000,280000,28000.0,252000.0,196000,56000.0
ORD004591,2025-11-13,C0145,P017,R003,8,0.02,75000,50000,600000,12000.0,588000.0,400000,188000.0
ORD003717,2025-11-13,C0105,P018,R003,3,0.0,90000,62000,270000,0.0,270000.0,186000,84000.0
ORD007746,2025-11-13,C0234,P005,R010,1,0.05,120000,84000,120000,6000.0,114000.0,84000,30000.0
ORD006862,2025-11-13,C0177,P003,R007,3,0.1,160000,112000,480000,48000.0,432000.0,336000,96000.0
ORD006031,2025-11-13,C0004,P002,R003,10,0.15,220000,155000,2200000,330000.0,1870000.0,1550000,320000.0
ORD003155,2025-11-13,C0136,P005,R007,4,0.0,120000,84000,480000,0.0,480000.0,336000,144000.0
ORD007946,2025-11-13,C0286,P014,R004,2,0.2,18000,10500,36000,7200.0,28800.0,21000,7800.0
ORD003200,2025-11-14,C0092,P002,R003,2,0.08,220000,155000,440000,35200.0,404800.0,310000,94800.0
ORD000741,2025-11-14,C0057,P004,R004,5,0.0,140000,98000,700000,0.0,700000.0,490000,210000.0
ORD006516,2025-11-14,C0089,P014,R006,5,0.05,18000,10500,90000,4500.0,85500.0,52500,33000.0
ORD000579,2025-11-14,C0177,P001,R013,4,0.1,350000,245000,1400000,140000.0,1260000.0,980000,280000.0
ORD006489,2025-11-14,C0097,P004,R004,2,0.08,140000,98000,280000,22400.0,257600.0,196000,61600.0
ORD002861,2025-11-14,C0255,P005,R006,10,0.0,120000,84000,1200000,0.0,1200000.0,840000,360000.0
ORD000888,2025-11-14,C0090,P011,R003,5,0.15,85000,57000,425000,63750.0,361250.0,285000,76250.0
ORD001133,2025-11-14,C0245,P010,R008,1,0.0,320000,215000,320000,0.0,320000.0,215000,105000.0
ORD001066,2025-11-14,C0106,P007,R007,4,0.02,180000,118000,720000,14400.0,705600.0,472000,233600.0
ORD001064,2025-11-14,C0279,P004,R008,5,0.0,140000,98000,700000,0.0,700000.0,490000,210000.0
ORD004848,2025-11-14,C0154,P014,R002,1,0.05,18000,10500,18000,900.0,17100.0,10500,6600.0
ORD004509,2025-11-14,C0162,P001,R013,8,0.15,350000,245000,2800000,420000.0,2380000.0,1960000,420000.0
ORD000442,2025-11-14,C0122,P019,R008,3,0.05,45000,29000,135000,6750.0,128250.0,87000,41250.0
ORD002080,2025-11-14,C0029,P010,R004,5,0.05,320000,215000,1600000,80000.0,1520000.0,1075000,445000.0
ORD002832,2025-11-14,C0267,P002,R013,2,0.05,220000,155000,440000,22000.0,418000.0,310000,108000.0
ORD007960,2025-11-14,C0227,P007,R003,3,0.05,180000,118000,540000,27000.0,513000.0,354000,159000.0
ORD000804,2025-11-14,C0255,P008,R002,3,0.05,110000,72000,330000,16500.0,313500.0,216000,97500.0
ORD005430,2025-11-14,C0183,P012,R007,2,0.02,125000,83000,250000,5000.0,245000.0,166000,79000.0
ORD004675,2025-11-14,C0161,P016,R010,8,0.0,55000,35000,440000,0.0,440000.0,280000,160000.0
ORD002966,2025-11-15,C0023,P007,R011,1,0.05,180000,118000,180000,9000.0,171000.0,118000,53000.0
ORD001739,2025-11-15,C0257,P002,R013,2,0.02,220000,155000,440000,8800.0,431200.0,310000,121200.0
ORD003016,2025-11-15,C0120,P016,R005,3,0.0,55000,35000,165000,0.0,165000.0,105000,60000.0
ORD000829,2025-11-15,C0211,P010,R007,1,0.02,320000,215000,320000,6400.0,313600.0,215000,98600.0
ORD000438,2025-11-15,C0074,P020,R009,4,0.1,22000,13000,88000,8800.0,79200.0,52000,27200.0
ORD004307,2025-11-15,C0186,P005,R001,4,0.02,120000,84000,480000,9600.0,470400.0,336000,134400.0
ORD006657,2025-11-15,C0185,P016,R007,2,0.2,55000,35000,110000,22000.0,88000.0,70000,18000.0
ORD006875,2025-11-16,C0190,P015,R005,1,0.02,35000,21000,35000,700.0,34300.0,21000,13300.0
ORD001353,2025-11-16,C0057,P004,R008,2,0.08,140000,98000,280000,22400.0,257600.0,196000,61600.0
ORD002004,2025-11-16,C0297,P002,R013,1,0.02,220000,155000,220000,4400.0,215600.0,155000,60600.0
ORD007957,2025-11-16,C0172,P005,R006,3,0.0,120000,84000,360000,0.0,360000.0,252000,108000.0
ORD004138,2025-11-16,C0018,P002,R010,1,0.0,220000,155000,220000,0.0,220000.0,155000,65000.0
ORD001024,2025-11-16,C0002,P018,R003,1,0.0,90000,62000,90000,0.0,90000.0,62000,28000.0
ORD002297,2025-11-16,C0106,P008,R009,2,0.1,110000,72000,220000,22000.0,198000.0,144000,54000.0
ORD007126,2025-11-16,C0001,P001,R004,1,0.1,350000,245000,350000,35000.0,315000.0,245000,70000.0
ORD000450,2025-11-16,C0095,P011,R002,3,0.1,85000,57000,255000,25500.0,229500.0,171000,58500.0
ORD006153,2025-11-16,C0146,P011,R012,1,0.05,85000,57000,85000,4250.0,80750.0,57000,23750.0
ORD006821,2025-11-16,C0111,P015,R005,1,0.0,35000,21000,35000,0.0,35000.0,21000,14000.0
ORD000387,2025-11-16,C0035,P015,R010,1,0.0,35000,21000,35000,0.0,35000.0,21000,14000.0
ORD000428,2025-11-16,C0128,P011,R010,1,0.08,85000,57000,85000,6800.0,78200.0,57000,21200.0
ORD007679,2025-11-16,C0279,P009,R010,2,0.02,130000,85000,260000,5200.0,254800.0,170000,84800.0
ORD006544,2025-11-16,C0070,P001,R012,3,0.08,350000,245000,1050000,84000.0,966000.0,735000,231000.0
ORD005817,2025-11-16,C0274,P015,R005,2,0.1,35000,21000,70000,7000.0,63000.0,42000,21000.0
ORD001599,2025-11-16,C0277,P003,R004,3,0.05,160000,112000,480000,24000.0,456000.0,336000,120000.0
ORD001409,2025-11-17,C0290,P012,R008,5,0.05,125000,83000,625000,31250.0,593750.0,415000,178750.0
ORD004742,2025-11-17,C0215,P002,R005,5,0.02,220000,155000,1100000,22000.0,1078000.0,775000,303000.0
ORD003927,2025-11-17,C0029,P020,R008,2,0.02,22000,13000,44000,880.0,43120.0,26000,17120.0
ORD006680,2025-11-17,C0199,P008,R003,3,0.15,110000,72000,330000,49500.0,280500.0,216000,64500.0
ORD003972,2025-11-17,C0239,P003,R012,1,0.2,160000,112000,160000,32000.0,128000.0,112000,16000.0
ORD006237,2025-11-17,C0125,P001,R009,2,0.02,350000,245000,700000,14000.0,686000.0,490000,196000.0
ORD006750,2025-11-17,C0088,P002,R009,4,0.02,220000,155000,880000,17600.0,862400.0,620000,242400.0
ORD003529,2025-11-17,C0019,P018,R004,5,0.0,90000,62000,450000,0.0,450000.0,310000,140000.0
ORD005371,2025-11-17,C0211,P015,R010,2,0.02,35000,21000,70000,1400.0,68600.0,42000,26600.0
ORD000437,2025-11-17,C0211,P007,R011,2,0.0,180000,118000,360000,0.0,360000.0,236000,124000.0
ORD007172,2025-11-17,C0061,P004,R006,8,0.08,140000,98000,1120000,89600.0,1030400.0,784000,246400.0
ORD007082,2025-11-17,C0065,P020,R004,1,0.02,22000,13000,22000,440.0,21560.0,13000,8560.0
ORD002359,2025-11-17,C0063,P014,R005,2,0.1,18000,10500,36000,3600.0,32400.0,21000,11400.0
ORD000406,2025-11-18,C0059,P010,R005,4,0.02,320000,215000,1280000,25600.0,1254400.0,860000,394400.0
ORD002627,2025-11-18,C0018,P007,R001,2,0.08,180000,118000,360000,28800.0,331200.0,236000,95200.0
ORD002346,2025-11-18,C0289,P002,R009,8,0.1,220000,155000,1760000,176000.0,1584000.0,1240000,344000.0
ORD007464,2025-11-18,C0283,P005,R006,1,0.15,120000,84000,120000,18000.0,102000.0,84000,18000.0
ORD002857,2025-11-18,C0280,P003,R001,3,0.02,160000,112000,480000,9600.0,470400.0,336000,134400.0
ORD005329,2025-11-18,C0266,P004,R005,4,0.05,140000,98000,560000,28000.0,532000.0,392000,140000.0
ORD003963,2025-11-18,C0275,P005,R002,3,0.05,120000,84000,360000,18000.0,342000.0,252000,90000.0
ORD004938,2025-11-18,C0277,P018,R003,1,0.08,90000,62000,90000,7200.0,82800.0,62000,20800.0
ORD006037,2025-11-19,C0121,P020,R012,4,0.05,22000,13000,88000,4400.0,83600.0,52000,31600.0
ORD005946,2025-11-19,C0236,P018,R003,1,0.1,90000,62000,90000,9000.0,81000.0,62000,19000.0
ORD005315,2025-11-19,C0024,P001,R001,6,0.15,350000,245000,2100000,315000.0,1785000.0,1470000,315000.0
ORD006541,2025-11-19,C0207,P010,R008,2,0.08,320000,215000,640000,51200.0,588800.0,430000,158800.0
ORD003139,2025-11-19,C0178,P002,R013,2,0.1,220000,155000,440000,44000.0,396000.0,310000,86000.0
ORD006711,2025-11-19,C0286,P013,R005,10,0.05,30000,18500,300000,15000.0,285000.0,185000,100000.0
ORD004320,2025-11-19,C0244,P005,R001,2,0.02,120000,84000,240000,4800.0,235200.0,168000,67200.0
ORD006346,2025-11-19,C0121,P015,R006,5,0.05,35000,21000,175000,8750.0,166250.0,105000,61250.0
ORD000891,2025-11-19,C0224,P007,R004,10,0.05,180000,118000,1800000,90000.0,1710000.0,1180000,530000.0
ORD005986,2025-11-19,C0277,P008,R003,6,0.05,110000,72000,660000,33000.0,627000.0,432000,195000.0
ORD002288,2025-11-19,C0172,P018,R001,3,0.2,90000,62000,270000,54000.0,216000.0,186000,30000.0
ORD000864,2025-11-19,C0107,P016,R011,1,0.1,55000,35000,55000,5500.0,49500.0,35000,14500.0
ORD007289,2025-11-19,C0137,P005,R008,2,0.05,120000,84000,240000,12000.0,228000.0,168000,60000.0
ORD005475,2025-11-20,C0170,P014,R004,4,0.0,18000,10500,72000,0.0,72000.0,42000,30000.0
ORD002028,2025-11-20,C0196,P007,R012,2,0.08,180000,118000,360000,28800.0,331200.0,236000,95200.0
ORD006602,2025-11-20,C0195,P019,R007,6,0.02,45000,29000,270000,5400.0,264600.0,174000,90600.0
ORD001288,2025-11-20,C0125,P011,R012,4,0.15,85000,57000,340000,51000.0,289000.0,228000,61000.0
ORD002648,2025-11-20,C0007,P020,R005,4,0.1,22000,13000,88000,8800.0,79200.0,52000,27200.0
ORD005467,2025-11-20,C0223,P013,R003,2,0.05,30000,18500,60000,3000.0,57000.0,37000,20000.0
ORD002110,2025-11-20,C0175,P008,R011,5,0.08,110000,72000,550000,44000.0,506000.0,360000,146000.0
ORD006304,2025-11-20,C0017,P012,R001,6,0.05,125000,83000,750000,37500.0,712500.0,498000,214500.0
ORD006733,2025-11-20,C0144,P001,R008,2,0.2,350000,245000,700000,140000.0,560000.0,490000,70000.0
ORD004514,2025-11-20,C0055,P008,R004,2,0.08,110000,72000,220000,17600.0,202400.0,144000,58400.0
ORD000945,2025-11-20,C0087,P014,R009,8,0.08,18000,10500,144000,11520.0,132480.0,84000,48480.0
ORD000818,2025-11-20,C0131,P015,R012,5,0.08,35000,21000,175000,14000.0,161000.0,105000,56000.0
ORD000503,2025-11-20,C0146,P007,R009,3,0.0,180000,118000,540000,0.0,540000.0,354000,186000.0
ORD001240,2025-11-20,C0087,P010,R003,3,0.05,320000,215000,960000,48000.0,912000.0,645000,267000.0
ORD000523,2025-11-20,C0072,P010,R006,2,0.15,320000,215000,640000,96000.0,544000.0,430000,114000.0
ORD004096,2025-11-20,C0298,P017,R011,3,0.05,75000,50000,225000,11250.0,213750.0,150000,63750.0
ORD007173,2025-11-20,C0078,P016,R011,4,0.1,55000,35000,220000,22000.0,198000.0,140000,58000.0
ORD005259,2025-11-21,C0198,P001,R004,1,0.05,350000,245000,350000,17500.0,332500.0,245000,87500.0
ORD007319,2025-11-21,C0261,P016,R004,1,0.08,55000,35000,55000,4400.0,50600.0,35000,15600.0
ORD006066,2025-11-21,C0265,P001,R007,10,0.2,350000,245000,3500000,700000.0,2800000.0,2450000,350000.0
ORD000047,2025-11-21,C0155,P008,R007,8,0.02,110000,72000,880000,17600.0,862400.0,576000,286400.0
ORD005459,2025-11-21,C0288,P002,R013,3,0.15,220000,155000,660000,99000.0,561000.0,465000,96000.0
ORD007926,2025-11-21,C0128,P014,R013,3,0.08,18000,10500,54000,4320.0,49680.0,31500,18180.0
ORD004643,2025-11-21,C0007,P011,R003,6,0.05,85000,57000,510000,25500.0,484500.0,342000,142500.0
ORD004506,2025-11-21,C0145,P011,R001,1,0.05,85000,57000,85000,4250.0,80750.0,57000,23750.0
ORD003091,2025-11-21,C0069,P016,R002,2,0.0,55000,35000,110000,0.0,110000.0,70000,40000.0
ORD002184,2025-11-21,C0038,P013,R013,6,0.0,30000,18500,180000,0.0,180000.0,111000,69000.0
ORD002859,2025-11-21,C0108,P006,R012,3,0.05,95000,62000,285000,14250.0,270750.0,186000,84750.0
ORD005747,2025-11-21,C0021,P016,R011,4,0.02,55000,35000,220000,4400.0,215600.0,140000,75600.0
ORD007707,2025-11-21,C0286,P001,R005,5,0.15,350000,245000,1750000,262500.0,1487500.0,1225000,262500.0
ORD002403,2025-11-21,C0186,P010,R012,5,0.0,320000,215000,1600000,0.0,1600000.0,1075000,525000.0
ORD007572,2025-11-21,C0164,P004,R013,10,0.15,140000,98000,1400000,210000.0,1190000.0,980000,210000.0
ORD002023,2025-11-21,C0149,P011,R009,4,0.02,85000,57000,340000,6800.0,333200.0,228000,105200.0
ORD006907,2025-11-21,C0161,P008,R006,5,0.0,110000,72000,550000,0.0,550000.0,360000,190000.0
ORD007368,2025-11-21,C0056,P004,R013,1,0.05,140000,98000,140000,7000.0,133000.0,98000,35000.0
ORD005442,2025-11-22,C0055,P008,R003,5,0.05,110000,72000,550000,27500.0,522500.0,360000,162500.0
ORD007645,2025-11-22,C0003,P004,R003,10,0.08,140000,98000,1400000,112000.0,1288000.0,980000,308000.0
ORD005685,2025-11-22,C0145,P018,R012,1,0.0,90000,62000,90000,0.0,90000.0,62000,28000.0
ORD006101,2025-11-22,C0002,P007,R013,5,0.05,180000,118000,900000,45000.0,855000.0,590000,265000.0
ORD006599,2025-11-22,C0082,P018,R004,3,0.08,90000,62000,270000,21600.0,248400.0,186000,62400.0
ORD005523,2025-11-22,C0057,P018,R011,4,0.05,90000,62000,360000,18000.0,342000.0,248000,94000.0
ORD002703,2025-11-22,C0039,P004,R007,2,0.0,140000,98000,280000,0.0,280000.0,196000,84000.0
ORD006226,2025-11-22,C0221,P014,R010,3,0.15,18000,10500,54000,8100.0,45900.0,31500,14400.0
ORD004030,2025-11-22,C0146,P019,R013,6,0.15,45000,29000,270000,40500.0,229500.0,174000,55500.0
ORD004045,2025-11-22,C0017,P010,R007,3,0.08,320000,215000,960000,76800.0,883200.0,645000,238200.0
ORD002893,2025-11-22,C0072,P013,R005,2,0.0,30000,18500,60000,0.0,60000.0,37000,23000.0
ORD000419,2025-11-22,C0291,P006,R002,2,0.05,95000,62000,190000,9500.0,180500.0,124000,56500.0
ORD006603,2025-11-22,C0194,P003,R009,1,0.02,160000,112000,160000,3200.0,156800.0,112000,44800.0
ORD000931,2025-11-22,C0028,P006,R010,2,0.0,95000,62000,190000,0.0,190000.0,124000,66000.0
ORD006923,2025-11-22,C0140,P013,R001,1,0.0,30000,18500,30000,0.0,30000.0,18500,11500.0
ORD001277,2025-11-22,C0170,P009,R007,6,0.05,130000,85000,780000,39000.0,741000.0,510000,231000.0
ORD002453,2025-11-22,C0075,P016,R006,1,0.05,55000,35000,55000,2750.0,52250.0,35000,17250.0
ORD004559,2025-11-23,C0279,P007,R004,5,0.05,180000,118000,900000,45000.0,855000.0,590000,265000.0
ORD004658,2025-11-23,C0134,P001,R004,8,0.15,350000,245000,2800000,420000.0,2380000.0,1960000,420000.0
ORD002311,2025-11-23,C0081,P016,R007,1,0.02,55000,35000,55000,1100.0,53900.0,35000,18900.0
ORD003433,2025-11-23,C0247,P010,R004,6,0.05,320000,215000,1920000,96000.0,1824000.0,1290000,534000.0
ORD007321,2025-11-23,C0171,P012,R010,8,0.05,125000,83000,1000000,50000.0,950000.0,664000,286000.0
ORD000146,2025-11-23,C0260,P002,R004,4,0.02,220000,155000,880000,17600.0,862400.0,620000,242400.0
ORD003720,2025-11-23,C0041,P006,R004,5,0.0,95000,62000,475000,0.0,475000.0,310000,165000.0
ORD004761,2025-11-23,C0159,P016,R008,5,0.0,55000,35000,275000,0.0,275000.0,175000,100000.0
ORD002640,2025-11-23,C0071,P014,R004,2,0.05,18000,10500,36000,1800.0,34200.0,21000,13200.0
ORD005429,2025-11-23,C0085,P011,R012,1,0.1,85000,57000,85000,8500.0,76500.0,57000,19500.0
ORD004279,2025-11-23,C0228,P002,R004,2,0.02,220000,155000,440000,8800.0,431200.0,310000,121200.0
ORD000575,2025-11-23,C0018,P012,R004,3,0.08,125000,83000,375000,30000.0,345000.0,249000,96000.0
ORD007586,2025-11-23,C0116,P003,R011,4,0.05,160000,112000,640000,32000.0,608000.0,448000,160000.0
ORD004755,2025-11-23,C0160,P010,R006,1,0.08,320000,215000,320000,25600.0,294400.0,215000,79400.0
ORD001828,2025-11-23,C0054,P008,R009,8,0.1,110000,72000,880000,88000.0,792000.0,576000,216000.0
ORD002668,2025-11-23,C0072,P003,R001,1,0.02,160000,112000,160000,3200.0,156800.0,112000,44800.0
ORD001993,2025-11-23,C0272,P005,R005,3,0.05,120000,84000,360000,18000.0,342000.0,252000,90000.0
ORD003922,2025-11-23,C0111,P012,R007,2,0.0,125000,83000,250000,0.0,250000.0,166000,84000.0
ORD006563,2025-11-23,C0174,P006,R003,5,0.0,95000,62000,475000,0.0,475000.0,310000,165000.0
ORD004555,2025-11-24,C0127,P008,R007,2,0.05,110000,72000,220000,11000.0,209000.0,144000,65000.0
ORD000878,2025-11-24,C0278,P015,R007,2,0.05,35000,21000,70000,3500.0,66500.0,42000,24500.0
ORD003487,2025-11-24,C0242,P001,R013,3,0.02,350000,245000,1050000,21000.0,1029000.0,735000,294000.0
ORD006800,2025-11-24,C0137,P018,R010,10,0.02,90000,62000,900000,18000.0,882000.0,620000,262000.0
ORD003490,2025-11-24,C0050,P008,R011,2,0.05,110000,72000,220000,11000.0,209000.0,144000,65000.0
ORD006259,2025-11-24,C0269,P011,R001,6,0.0,85000,57000,510000,0.0,510000.0,342000,168000.0
ORD007166,2025-11-24,C0220,P017,R004,2,0.0,75000,50000,150000,0.0,150000.0,100000,50000.0
ORD000611,2025-11-24,C0038,P012,R013,6,0.05,125000,83000,750000,37500.0,712500.0,498000,214500.0
ORD005890,2025-11-24,C0065,P008,R011,1,0.1,110000,72000,110000,11000.0,99000.0,72000,27000.0
ORD004088,2025-11-24,C0038,P018,R010,2,0.0,90000,62000,180000,0.0,180000.0,124000,56000.0
ORD001265,2025-11-24,C0179,P003,R009,3,0.02,160000,112000,480000,9600.0,470400.0,336000,134400.0
ORD007388,2025-11-24,C0081,P014,R008,4,0.02,18000,10500,72000,1440.0,70560.0,42000,28560.0
ORD005884,2025-11-25,C0230,P013,R005,5,0.15,30000,18500,150000,22500.0,127500.0,92500,35000.0
ORD006566,2025-11-25,C0103,P009,R013,3,0.05,130000,85000,390000,19500.0,370500.0,255000,115500.0
ORD007335,2025-11-25,C0139,P012,R008,1,0.08,125000,83000,125000,10000.0,115000.0,83000,32000.0
ORD001606,2025-11-25,C0146,P015,R009,2,0.2,35000,21000,70000,14000.0,56000.0,42000,14000.0
ORD005336,2025-11-25,C0229,P011,R002,5,0.08,85000,57000,425000,34000.0,391000.0,285000,106000.0
ORD004449,2025-11-25,C0233,P003,R010,1,0.15,160000,112000,160000,24000.0,136000.0,112000,24000.0
ORD005114,2025-11-25,C0129,P017,R002,4,0.05,75000,50000,300000,15000.0,285000.0,200000,85000.0
ORD002284,2025-11-25,C0272,P007,R001,5,0.1,180000,118000,900000,90000.0,810000.0,590000,220000.0
ORD005948,2025-11-25,C0034,P005,R006,3,0.08,120000,84000,360000,28800.0,331200.0,252000,79200.0
ORD000439,2025-11-25,C0167,P011,R012,3,0.08,85000,57000,255000,20400.0,234600.0,171000,63600.0
ORD002443,2025-11-25,C0075,P001,R010,10,0.05,350000,245000,3500000,175000.0,3325000.0,2450000,875000.0
ORD000861,2025-11-25,C0174,P011,R005,5,0.08,85000,57000,425000,34000.0,391000.0,285000,106000.0
ORD001498,2025-11-25,C0162,P012,R009,4,0.15,125000,83000,500000,75000.0,425000.0,332000,93000.0
ORD007094,2025-11-25,C0053,P009,R010,2,0.05,130000,85000,260000,13000.0,247000.0,170000,77000.0
ORD000738,2025-11-26,C0069,P010,R011,2,0.05,320000,215000,640000,32000.0,608000.0,430000,178000.0
ORD005859,2025-11-26,C0027,P007,R012,4,0.1,180000,118000,720000,72000.0,648000.0,472000,176000.0
ORD004467,2025-11-26,C0246,P011,R010,2,0.02,85000,57000,170000,3400.0,166600.0,114000,52600.0
ORD006906,2025-11-26,C0125,P016,R011,3,0.02,55000,35000,165000,3300.0,161700.0,105000,56700.0
ORD006670,2025-11-26,C0079,P013,R010,6,0.0,30000,18500,180000,0.0,180000.0,111000,69000.0
ORD007287,2025-11-26,C0209,P020,R007,3,0.02,22000,13000,66000,1320.0,64680.0,39000,25680.0
ORD006070,2025-11-26,C0129,P009,R009,3,0.0,130000,85000,390000,0.0,390000.0,255000,135000.0
ORD007805,2025-11-26,C0181,P005,R010,2,0.15,120000,84000,240000,36000.0,204000.0,168000,36000.0
ORD000200,2025-11-26,C0295,P014,R009,1,0.0,18000,10500,18000,0.0,18000.0,10500,7500.0
ORD006957,2025-11-26,C0268,P007,R010,3,0.15,180000,118000,540000,81000.0,459000.0,354000,105000.0
ORD003074,2025-11-26,C0243,P020,R009,6,0.05,22000,13000,132000,6600.0,125400.0,78000,47400.0
ORD004252,2025-11-26,C0161,P008,R013,5,0.02,110000,72000,550000,11000.0,539000.0,360000,179000.0
ORD000293,2025-11-26,C0266,P019,R009,8,0.0,45000,29000,360000,0.0,360000.0,232000,128000.0
ORD005119,2025-11-26,C0277,P010,R010,4,0.05,320000,215000,1280000,64000.0,1216000.0,860000,356000.0
ORD000840,2025-11-26,C0282,P006,R004,1,0.2,95000,62000,95000,19000.0,76000.0,62000,14000.0
ORD005001,2025-11-26,C0113,P018,R006,2,0.05,90000,62000,180000,9000.0,171000.0,124000,47000.0
ORD000630,2025-11-26,C0026,P011,R006,2,0.05,85000,57000,170000,8500.0,161500.0,114000,47500.0
ORD004145,2025-11-26,C0231,P002,R011,3,0.05,220000,155000,660000,33000.0,627000.0,465000,162000.0
ORD007799,2025-11-27,C0150,P018,R007,10,0.02,90000,62000,900000,18000.0,882000.0,620000,262000.0
ORD002507,2025-11-27,C0021,P020,R003,4,0.05,22000,13000,88000,4400.0,83600.0,52000,31600.0
ORD002822,2025-11-27,C0077,P002,R004,2,0.2,220000,155000,440000,88000.0,352000.0,310000,42000.0
ORD002528,2025-11-27,C0212,P001,R008,6,0.05,350000,245000,2100000,105000.0,1995000.0,1470000,525000.0
ORD004542,2025-11-27,C0211,P002,R005,2,0.02,220000,155000,440000,8800.0,431200.0,310000,121200.0
ORD003237,2025-11-27,C0200,P008,R010,3,0.02,110000,72000,330000,6600.0,323400.0,216000,107400.0
ORD006966,2025-11-27,C0067,P014,R009,4,0.05,18000,10500,72000,3600.0,68400.0,42000,26400.0
ORD002957,2025-11-27,C0280,P013,R003,4,0.0,30000,18500,120000,0.0,120000.0,74000,46000.0
ORD002582,2025-11-27,C0258,P018,R008,1,0.05,90000,62000,90000,4500.0,85500.0,62000,23500.0
ORD003824,2025-11-27,C0055,P008,R003,4,0.05,110000,72000,440000,22000.0,418000.0,288000,130000.0
ORD007447,2025-11-27,C0238,P015,R012,1,0.08,35000,21000,35000,2800.0,32200.0,21000,11200.0
ORD005701,2025-11-27,C0042,P011,R009,3,0.02,85000,57000,255000,5100.0,249900.0,171000,78900.0
ORD004408,2025-11-27,C0025,P015,R004,6,0.1,35000,21000,210000,21000.0,189000.0,126000,63000.0
ORD006509,2025-11-27,C0266,P005,R007,1,0.0,120000,84000,120000,0.0,120000.0,84000,36000.0
ORD001250,2025-11-27,C0254,P008,R005,1,0.1,110000,72000,110000,11000.0,99000.0,72000,27000.0
ORD003935,2025-11-27,C0067,P019,R007,4,0.0,45000,29000,180000,0.0,180000.0,116000,64000.0
ORD000867,2025-11-28,C0146,P006,R010,4,0.08,95000,62000,380000,30400.0,349600.0,248000,101600.0
ORD002095,2025-11-28,C0006,P017,R002,10,0.1,75000,50000,750000,75000.0,675000.0,500000,175000.0
ORD006042,2025-11-28,C0192,P006,R002,2,0.08,95000,62000,190000,15200.0,174800.0,124000,50800.0
ORD001101,2025-11-28,C0080,P014,R012,1,0.0,18000,10500,18000,0.0,18000.0,10500,7500.0
ORD007218,2025-11-28,C0071,P006,R011,1,0.0,95000,62000,95000,0.0,95000.0,62000,33000.0
ORD005449,2025-11-28,C0228,P005,R002,10,0.1,120000,84000,1200000,120000.0,1080000.0,840000,240000.0
ORD003987,2025-11-28,C0276,P005,R008,2,0.0,120000,84000,240000,0.0,240000.0,168000,72000.0
ORD006058,2025-11-28,C0256,P010,R004,10,0.08,320000,215000,3200000,256000.0,2944000.0,2150000,794000.0
ORD002116,2025-11-28,C0279,P009,R013,3,0.02,130000,85000,390000,7800.0,382200.0,255000,127200.0
ORD002591,2025-11-28,C0274,P011,R003,1,0.05,85000,57000,85000,4250.0,80750.0,57000,23750.0
ORD007045,2025-11-28,C0235,P010,R012,1,0.2,320000,215000,320000,64000.0,256000.0,215000,41000.0
ORD002038,2025-11-28,C0008,P005,R006,4,0.1,120000,84000,480000,48000.0,432000.0,336000,96000.0
ORD006473,2025-11-28,C0140,P013,R008,8,0.08,30000,18500,240000,19200.0,220800.0,148000,72800.0
ORD005242,2025-11-29,C0138,P013,R013,4,0.02,30000,18500,120000,2400.0,117600.0,74000,43600.0
ORD002090,2025-11-29,C0218,P007,R013,2,0.05,180000,118000,360000,18000.0,342000.0,236000,106000.0
ORD006865,2025-11-29,C0048,P011,R012,3,0.02,85000,57000,255000,5100.0,249900.0,171000,78900.0
ORD005739,2025-11-29,C0158,P015,R008,1,0.15,35000,21000,35000,5250.0,29750.0,21000,8750.0
ORD007565,2025-11-29,C0269,P020,R002,4,0.08,22000,13000,88000,7040.0,80960.0,52000,28960.0
ORD004273,2025-11-29,C0244,P020,R011,1,0.08,22000,13000,22000,1760.0,20240.0,13000,7240.0
ORD003837,2025-11-29,C0114,P003,R010,1,0.05,160000,112000,160000,8000.0,152000.0,112000,40000.0
ORD007775,2025-11-29,C0144,P018,R003,2,0.0,90000,62000,180000,0.0,180000.0,124000,56000.0
ORD004278,2025-11-29,C0113,P008,R006,4,0.05,110000,72000,440000,22000.0,418000.0,288000,130000.0
ORD002583,2025-11-29,C0234,P016,R012,2,0.1,55000,35000,110000,11000.0,99000.0,70000,29000.0
ORD005958,2025-11-29,C0241,P012,R001,4,0.02,125000,83000,500000,10000.0,490000.0,332000,158000.0
ORD006432,2025-11-29,C0271,P011,R012,6,0.1,85000,57000,510000,51000.0,459000.0,342000,117000.0
ORD003135,2025-11-29,C0027,P019,R003,1,0.02,45000,29000,45000,900.0,44100.0,29000,15100.0
ORD006413,2025-11-29,C0297,P014,R012,5,0.0,18000,10500,90000,0.0,90000.0,52500,37500.0
ORD006615,2025-11-29,C0210,P004,R013,6,0.15,140000,98000,840000,126000.0,714000.0,588000,126000.0
ORD005983,2025-11-30,C0173,P017,R008,1,0.02,75000,50000,75000,1500.0,73500.0,50000,23500.0
ORD004910,2025-11-30,C0151,P013,R012,3,0.02,30000,18500,90000,1800.0,88200.0,55500,32700.0
ORD004790,2025-11-30,C0187,P002,R006,6,0.0,220000,155000,1320000,0.0,1320000.0,930000,390000.0
ORD001172,2025-11-30,C0028,P010,R001,2,0.02,320000,215000,640000,12800.0,627200.0,430000,197200.0
ORD004614,2025-11-30,C0255,P009,R001,6,0.0,130000,85000,780000,0.0,780000.0,510000,270000.0
ORD001291,2025-11-30,C0247,P020,R009,6,0.08,22000,13000,132000,10560.0,121440.0,78000,43440.0
ORD007561,2025-11-30,C0100,P018,R005,3,0.0,90000,62000,270000,0.0,270000.0,186000,84000.0
ORD006505,2025-11-30,C0204,P003,R006,3,0.02,160000,112000,480000,9600.0,470400.0,336000,134400.0
ORD003810,2025-11-30,C0006,P014,R009,4,0.02,18000,10500,72000,1440.0,70560.0,42000,28560.0
ORD002008,2025-11-30,C0060,P002,R009,6,0.05,220000,155000,1320000,66000.0,1254000.0,930000,324000.0
ORD007037,2025-11-30,C0205,P014,R005,3,0.15,18000,10500,54000,8100.0,45900.0,31500,14400.0
ORD007305,2025-11-30,C0088,P007,R007,5,0.0,180000,118000,900000,0.0,900000.0,590000,310000.0
ORD004123,2025-11-30,C0287,P004,R007,3,0.0,140000,98000,420000,0.0,420000.0,294000,126000.0
ORD000444,2025-11-30,C0029,P014,R003,1,0.08,18000,10500,18000,1440.0,16560.0,10500,6060.0
ORD004277,2025-11-30,C0285,P019,R005,3,0.0,45000,29000,135000,0.0,135000.0,87000,48000.0
ORD001129,2025-11-30,C0166,P001,R005,1,0.0,350000,245000,350000,0.0,350000.0,245000,105000.0
ORD004912,2025-11-30,C0116,P018,R009,2,0.15,90000,62000,180000,27000.0,153000.0,124000,29000.0
ORD000938,2025-12-01,C0055,P016,R004,6,0.08,55000,35000,330000,26400.0,303600.0,210000,93600.0
ORD000285,2025-12-01,C0265,P011,R011,1,0.0,85000,57000,85000,0.0,85000.0,57000,28000.0
ORD000278,2025-12-01,C0204,P007,R011,1,0.0,180000,118000,180000,0.0,180000.0,118000,62000.0
ORD005808,2025-12-01,C0151,P004,R012,3,0.08,140000,98000,420000,33600.0,386400.0,294000,92400.0
ORD003884,2025-12-01,C0261,P017,R009,3,0.1,75000,50000,225000,22500.0,202500.0,150000,52500.0
ORD003136,2025-12-01,C0290,P019,R002,2,0.1,45000,29000,90000,9000.0,81000.0,58000,23000.0
ORD003131,2025-12-01,C0023,P016,R011,4,0.08,55000,35000,220000,17600.0,202400.0,140000,62400.0
ORD003673,2025-12-01,C0186,P020,R008,6,0.05,22000,13000,132000,6600.0,125400.0,78000,47400.0
ORD000761,2025-12-01,C0042,P002,R005,3,0.02,220000,155000,660000,13200.0,646800.0,465000,181800.0
ORD001114,2025-12-01,C0024,P001,R003,3,0.0,350000,245000,1050000,0.0,1050000.0,735000,315000.0
ORD004598,2025-12-01,C0106,P012,R008,10,0.08,125000,83000,1250000,100000.0,1150000.0,830000,320000.0
ORD007202,2025-12-01,C0097,P015,R006,2,0.08,35000,21000,70000,5600.0,64400.0,42000,22400.0
ORD005362,2025-12-01,C0131,P005,R002,3,0.1,120000,84000,360000,36000.0,324000.0,252000,72000.0
ORD005528,2025-12-01,C0033,P007,R008,1,0.05,180000,118000,180000,9000.0,171000.0,118000,53000.0
ORD002983,2025-12-01,C0023,P001,R005,1,0.15,350000,245000,350000,52500.0,297500.0,245000,52500.0
ORD006299,2025-12-01,C0076,P019,R011,2,0.05,45000,29000,90000,4500.0,85500.0,58000,27500.0
ORD005193,2025-12-02,C0082,P014,R012,5,0.02,18000,10500,90000,1800.0,88200.0,52500,35700.0
ORD000898,2025-12-02,C0199,P007,R009,6,0.08,180000,118000,1080000,86400.0,993600.0,708000,285600.0
ORD006300,2025-12-02,C0223,P010,R010,3,0.0,320000,215000,960000,0.0,960000.0,645000,315000.0
ORD002795,2025-12-02,C0247,P013,R004,1,0.05,30000,18500,30000,1500.0,28500.0,18500,10000.0
ORD005503,2025-12-02,C0240,P005,R008,8,0.05,120000,84000,960000,48000.0,912000.0,672000,240000.0
ORD005767,2025-12-02,C0173,P016,R005,3,0.02,55000,35000,165000,3300.0,161700.0,105000,56700.0
ORD007453,2025-12-02,C0123,P016,R007,4,0.0,55000,35000,220000,0.0,220000.0,140000,80000.0
ORD007452,2025-12-02,C0061,P017,R005,2,0.08,75000,50000,150000,12000.0,138000.0,100000,38000.0
ORD001462,2025-12-02,C0253,P013,R011,8,0.08,30000,18500,240000,19200.0,220800.0,148000,72800.0
ORD003959,2025-12-02,C0069,P017,R013,1,0.2,75000,50000,75000,15000.0,60000.0,50000,10000.0
ORD006748,2025-12-02,C0135,P014,R006,2,0.0,18000,10500,36000,0.0,36000.0,21000,15000.0
ORD003195,2025-12-02,C0063,P003,R005,10,0.05,160000,112000,1600000,80000.0,1520000.0,1120000,400000.0
ORD007850,2025-12-02,C0152,P013,R010,3,0.08,30000,18500,90000,7200.0,82800.0,55500,27300.0
ORD003112,2025-12-02,C0038,P020,R001,5,0.0,22000,13000,110000,0.0,110000.0,65000,45000.0
ORD001731,2025-12-02,C0057,P001,R006,2,0.08,350000,245000,700000,56000.0,644000.0,490000,154000.0
ORD001206,2025-12-02,C0126,P019,R006,5,0.08,45000,29000,225000,18000.0,207000.0,145000,62000.0
ORD000050,2025-12-02,C0168,P014,R010,3,0.02,18000,10500,54000,1080.0,52920.0,31500,21420.0
ORD004907,2025-12-02,C0167,P009,R010,2,0.0,130000,85000,260000,0.0,260000.0,170000,90000.0
ORD001283,2025-12-02,C0223,P003,R004,4,0.0,160000,112000,640000,0.0,640000.0,448000,192000.0
ORD005143,2025-12-02,C0161,P003,R011,3,0.2,160000,112000,480000,96000.0,384000.0,336000,48000.0
ORD002771,2025-12-03,C0065,P002,R013,10,0.05,220000,155000,2200000,110000.0,2090000.0,1550000,540000.0
ORD006797,2025-12-03,C0008,P016,R009,4,0.05,55000,35000,220000,11000.0,209000.0,140000,69000.0
ORD007477,2025-12-03,C0204,P010,R006,1,0.1,320000,215000,320000,32000.0,288000.0,215000,73000.0
ORD002368,2025-12-03,C0077,P007,R010,4,0.02,180000,118000,720000,14400.0,705600.0,472000,233600.0
ORD004930,2025-12-03,C0234,P016,R011,2,0.0,55000,35000,110000,0.0,110000.0,70000,40000.0
ORD005791,2025-12-03,C0207,P013,R013,10,0.05,30000,18500,300000,15000.0,285000.0,185000,100000.0
ORD001603,2025-12-03,C0035,P004,R003,4,0.05,140000,98000,560000,28000.0,532000.0,392000,140000.0
ORD004849,2025-12-03,C0274,P015,R002,1,0.15,35000,21000,35000,5250.0,29750.0,21000,8750.0
ORD000336,2025-12-03,C0249,P008,R010,5,0.08,110000,72000,550000,44000.0,506000.0,360000,146000.0
ORD003483,2025-12-03,C0214,P016,R002,5,0.05,55000,35000,275000,13750.0,261250.0,175000,86250.0
ORD002286,2025-12-03,C0116,P001,R002,1,0.05,350000,245000,350000,17500.0,332500.0,245000,87500.0
ORD003712,2025-12-03,C0187,P006,R001,5,0.0,95000,62000,475000,0.0,475000.0,310000,165000.0
ORD004009,2025-12-03,C0065,P004,R001,2,0.15,140000,98000,280000,42000.0,238000.0,196000,42000.0
ORD007356,2025-12-03,C0080,P011,R009,4,0.05,85000,57000,340000,17000.0,323000.0,228000,95000.0
ORD006451,2025-12-03,C0036,P016,R005,4,0.05,55000,35000,220000,11000.0,209000.0,140000,69000.0
ORD007512,2025-12-04,C0001,P014,R002,1,0.15,18000,10500,18000,2700.0,15300.0,10500,4800.0
ORD003506,2025-12-04,C0204,P006,R001,2,0.05,95000,62000,190000,9500.0,180500.0,124000,56500.0
ORD006148,2025-12-04,C0168,P020,R011,2,0.0,22000,13000,44000,0.0,44000.0,26000,18000.0
ORD007708,2025-12-04,C0105,P016,R008,1,0.08,55000,35000,55000,4400.0,50600.0,35000,15600.0
ORD002851,2025-12-04,C0082,P012,R001,2,0.02,125000,83000,250000,5000.0,245000.0,166000,79000.0
ORD003383,2025-12-04,C0037,P017,R005,3,0.05,75000,50000,225000,11250.0,213750.0,150000,63750.0
ORD002962,2025-12-04,C0044,P006,R007,4,0.05,95000,62000,380000,19000.0,361000.0,248000,113000.0
ORD007078,2025-12-04,C0258,P008,R003,3,0.0,110000,72000,330000,0.0,330000.0,216000,114000.0
ORD007878,2025-12-04,C0132,P011,R006,3,0.05,85000,57000,255000,12750.0,242250.0,171000,71250.0
ORD001535,2025-12-04,C0154,P018,R001,2,0.08,90000,62000,180000,14400.0,165600.0,124000,41600.0
ORD001943,2025-12-04,C0035,P007,R001,4,0.0,180000,118000,720000,0.0,720000.0,472000,248000.0
ORD004882,2025-12-04,C0135,P019,R004,2,0.08,45000,29000,90000,7200.0,82800.0,58000,24800.0
ORD001025,2025-12-04,C0172,P012,R001,5,0.08,125000,83000,625000,50000.0,575000.0,415000,160000.0
ORD005586,2025-12-04,C0160,P012,R013,3,0.05,125000,83000,375000,18750.0,356250.0,249000,107250.0
ORD002959,2025-12-04,C0224,P017,R005,1,0.1,75000,50000,75000,7500.0,67500.0,50000,17500.0
ORD004867,2025-12-04,C0195,P017,R012,8,0.02,75000,50000,600000,12000.0,588000.0,400000,188000.0
ORD000140,2025-12-05,C0276,P013,R005,5,0.08,30000,18500,150000,12000.0,138000.0,92500,45500.0
ORD005099,2025-12-05,C0041,P007,R010,2,0.08,180000,118000,360000,28800.0,331200.0,236000,95200.0
ORD003904,2025-12-05,C0176,P013,R002,5,0.1,30000,18500,150000,15000.0,135000.0,92500,42500.0
ORD007307,2025-12-05,C0103,P011,R001,3,0.0,85000,57000,255000,0.0,255000.0,171000,84000.0
ORD004941,2025-12-05,C0257,P002,R005,1,0.02,220000,155000,220000,4400.0,215600.0,155000,60600.0
ORD007700,2025-12-05,C0077,P016,R003,5,0.2,55000,35000,275000,55000.0,220000.0,175000,45000.0
ORD004256,2025-12-05,C0143,P010,R003,1,0.1,320000,215000,320000,32000.0,288000.0,215000,73000.0
ORD007303,2025-12-05,C0068,P011,R007,2,0.1,85000,57000,170000,17000.0,153000.0,114000,39000.0
ORD003118,2025-12-05,C0112,P006,R013,2,0.2,95000,62000,190000,38000.0,152000.0,124000,28000.0
ORD007821,2025-12-05,C0037,P007,R010,4,0.08,180000,118000,720000,57600.0,662400.0,472000,190400.0
ORD002791,2025-12-05,C0247,P013,R006,2,0.08,30000,18500,60000,4800.0,55200.0,37000,18200.0
ORD003269,2025-12-05,C0202,P009,R005,2,0.05,130000,85000,260000,13000.0,247000.0,170000,77000.0
ORD000743,2025-12-05,C0099,P014,R005,3,0.2,18000,10500,54000,10800.0,43200.0,31500,11700.0
ORD006309,2025-12-05,C0125,P008,R007,2,0.0,110000,72000,220000,0.0,220000.0,144000,76000.0
ORD002544,2025-12-05,C0121,P003,R010,3,0.02,160000,112000,480000,9600.0,470400.0,336000,134400.0
ORD006616,2025-12-06,C0036,P020,R006,4,0.0,22000,13000,88000,0.0,88000.0,52000,36000.0
ORD006778,2025-12-06,C0019,P007,R009,4,0.08,180000,118000,720000,57600.0,662400.0,472000,190400.0
ORD003982,2025-12-06,C0207,P004,R006,1,0.02,140000,98000,140000,2800.0,137200.0,98000,39200.0
ORD000812,2025-12-06,C0108,P007,R003,10,0.08,180000,118000,1800000,144000.0,1656000.0,1180000,476000.0
ORD003328,2025-12-06,C0239,P014,R012,3,0.08,18000,10500,54000,4320.0,49680.0,31500,18180.0
ORD004389,2025-12-06,C0269,P013,R012,4,0.2,30000,18500,120000,24000.0,96000.0,74000,22000.0
ORD003217,2025-12-06,C0064,P010,R009,3,0.0,320000,215000,960000,0.0,960000.0,645000,315000.0
ORD004629,2025-12-06,C0183,P003,R011,1,0.0,160000,112000,160000,0.0,160000.0,112000,48000.0
ORD003216,2025-12-06,C0214,P018,R013,2,0.1,90000,62000,180000,18000.0,162000.0,124000,38000.0
ORD004268,2025-12-06,C0183,P004,R013,2,0.1,140000,98000,280000,28000.0,252000.0,196000,56000.0
ORD006638,2025-12-06,C0064,P010,R002,3,0.08,320000,215000,960000,76800.0,883200.0,645000,238200.0
ORD002767,2025-12-06,C0083,P017,R013,3,0.05,75000,50000,225000,11250.0,213750.0,150000,63750.0
ORD004769,2025-12-06,C0103,P018,R011,8,0.0,90000,62000,720000,0.0,720000.0,496000,224000.0
ORD001209,2025-12-07,C0048,P006,R003,2,0.0,95000,62000,190000,0.0,190000.0,124000,66000.0
ORD000037,2025-12-07,C0096,P002,R002,8,0.0,220000,155000,1760000,0.0,1760000.0,1240000,520000.0
ORD007438,2025-12-07,C0151,P007,R008,2,0.05,180000,118000,360000,18000.0,342000.0,236000,106000.0
ORD001422,2025-12-07,C0118,P001,R004,3,0.0,350000,245000,1050000,0.0,1050000.0,735000,315000.0
ORD002079,2025-12-07,C0035,P020,R005,4,0.15,22000,13000,88000,13200.0,74800.0,52000,22800.0
ORD003920,2025-12-07,C0285,P019,R005,5,0.02,45000,29000,225000,4500.0,220500.0,145000,75500.0
ORD004855,2025-12-07,C0107,P020,R013,2,0.15,22000,13000,44000,6600.0,37400.0,26000,11400.0
ORD002928,2025-12-07,C0099,P001,R009,5,0.05,350000,245000,1750000,87500.0,1662500.0,1225000,437500.0
ORD002232,2025-12-07,C0050,P019,R003,1,0.15,45000,29000,45000,6750.0,38250.0,29000,9250.0
ORD006665,2025-12-07,C0229,P001,R002,8,0.1,350000,245000,2800000,280000.0,2520000.0,1960000,560000.0
ORD003001,2025-12-07,C0153,P001,R002,5,0.05,350000,245000,1750000,87500.0,1662500.0,1225000,437500.0
ORD006028,2025-12-07,C0032,P005,R008,1,0.08,120000,84000,120000,9600.0,110400.0,84000,26400.0
ORD003541,2025-12-08,C0241,P018,R003,3,0.1,90000,62000,270000,27000.0,243000.0,186000,57000.0
ORD000093,2025-12-08,C0158,P014,R003,3,0.1,18000,10500,54000,5400.0,48600.0,31500,17100.0
ORD004651,2025-12-08,C0102,P020,R007,6,0.08,22000,13000,132000,10560.0,121440.0,78000,43440.0
ORD007672,2025-12-08,C0167,P004,R012,3,0.05,140000,98000,420000,21000.0,399000.0,294000,105000.0
ORD007752,2025-12-08,C0002,P009,R007,2,0.1,130000,85000,260000,26000.0,234000.0,170000,64000.0
ORD005655,2025-12-08,C0018,P020,R009,1,0.02,22000,13000,22000,440.0,21560.0,13000,8560.0
ORD001381,2025-12-08,C0172,P016,R001,2,0.15,55000,35000,110000,16500.0,93500.0,70000,23500.0
ORD001433,2025-12-08,C0116,P005,R012,1,0.0,120000,84000,120000,0.0,120000.0,84000,36000.0
ORD000680,2025-12-08,C0144,P014,R013,1,0.1,18000,10500,18000,1800.0,16200.0,10500,5700.0
ORD000143,2025-12-08,C0287,P014,R005,3,0.05,18000,10500,54000,2700.0,51300.0,31500,19800.0
ORD002711,2025-12-08,C0228,P003,R001,10,0.0,160000,112000,1600000,0.0,1600000.0,1120000,480000.0
ORD007326,2025-12-08,C0028,P007,R005,1,0.08,180000,118000,180000,14400.0,165600.0,118000,47600.0
ORD001791,2025-12-08,C0249,P003,R007,5,0.02,160000,112000,800000,16000.0,784000.0,560000,224000.0
ORD000571,2025-12-08,C0283,P015,R007,1,0.1,35000,21000,35000,3500.0,31500.0,21000,10500.0
ORD002716,2025-12-09,C0181,P015,R008,3,0.1,35000,21000,105000,10500.0,94500.0,63000,31500.0
ORD001276,2025-12-09,C0226,P018,R004,5,0.1,90000,62000,450000,45000.0,405000.0,310000,95000.0
ORD002400,2025-12-09,C0113,P003,R009,1,0.0,160000,112000,160000,0.0,160000.0,112000,48000.0
ORD002108,2025-12-09,C0228,P001,R007,2,0.2,350000,245000,700000,140000.0,560000.0,490000,70000.0
ORD004361,2025-12-09,C0069,P008,R006,3,0.1,110000,72000,330000,33000.0,297000.0,216000,81000.0
ORD004375,2025-12-09,C0192,P012,R005,5,0.0,125000,83000,625000,0.0,625000.0,415000,210000.0
ORD004399,2025-12-09,C0190,P013,R006,3,0.05,30000,18500,90000,4500.0,85500.0,55500,30000.0
ORD007063,2025-12-09,C0025,P020,R007,5,0.15,22000,13000,110000,16500.0,93500.0,65000,28500.0
ORD002227,2025-12-09,C0103,P008,R006,2,0.02,110000,72000,220000,4400.0,215600.0,144000,71600.0
ORD006019,2025-12-09,C0067,P013,R009,1,0.15,30000,18500,30000,4500.0,25500.0,18500,7000.0
ORD002035,2025-12-09,C0052,P003,R003,4,0.08,160000,112000,640000,51200.0,588800.0,448000,140800.0
ORD005058,2025-12-09,C0204,P014,R010,2,0.08,18000,10500,36000,2880.0,33120.0,21000,12120.0
ORD003404,2025-12-09,C0064,P010,R004,5,0.0,320000,215000,1600000,0.0,1600000.0,1075000,525000.0
ORD005073,2025-12-09,C0247,P009,R010,3,0.15,130000,85000,390000,58500.0,331500.0,255000,76500.0
ORD003293,2025-12-09,C0264,P010,R010,4,0.08,320000,215000,1280000,102400.0,1177600.0,860000,317600.0
ORD006855,2025-12-09,C0009,P011,R002,4,0.02,85000,57000,340000,6800.0,333200.0,228000,105200.0
ORD006641,2025-12-10,C0025,P020,R013,3,0.05,22000,13000,66000,3300.0,62700.0,39000,23700.0
ORD004841,2025-12-10,C0069,P012,R009,8,0.02,125000,83000,1000000,20000.0,980000.0,664000,316000.0
ORD005359,2025-12-10,C0062,P018,R005,2,0.02,90000,62000,180000,3600.0,176400.0,124000,52400.0
ORD001251,2025-12-10,C0180,P014,R006,5,0.0,18000,10500,90000,0.0,90000.0,52500,37500.0
ORD007669,2025-12-10,C0210,P007,R005,3,0.15,180000,118000,540000,81000.0,459000.0,354000,105000.0
ORD004418,2025-12-10,C0247,P006,R004,6,0.1,95000,62000,570000,57000.0,513000.0,372000,141000.0
ORD006104,2025-12-10,C0135,P012,R001,4,0.0,125000,83000,500000,0.0,500000.0,332000,168000.0
ORD006228,2025-12-10,C0177,P002,R010,3,0.15,220000,155000,660000,99000.0,561000.0,465000,96000.0
ORD002084,2025-12-10,C0279,P003,R001,6,0.1,160000,112000,960000,96000.0,864000.0,672000,192000.0
ORD001019,2025-12-10,C0061,P003,R001,3,0.08,160000,112000,480000,38400.0,441600.0,336000,105600.0
ORD006575,2025-12-10,C0006,P018,R007,1,0.15,90000,62000,90000,13500.0,76500.0,62000,14500.0
ORD001848,2025-12-10,C0214,P014,R006,3,0.0,18000,10500,54000,0.0,54000.0,31500,22500.0
ORD000831,2025-12-10,C0102,P015,R012,1,0.05,35000,21000,35000,1750.0,33250.0,21000,12250.0
ORD002193,2025-12-10,C0205,P020,R001,4,0.05,22000,13000,88000,4400.0,83600.0,52000,31600.0
ORD000823,2025-12-10,C0290,P010,R012,8,0.02,320000,215000,2560000,51200.0,2508800.0,1720000,788800.0
ORD004036,2025-12-10,C0242,P012,R013,4,0.08,125000,83000,500000,40000.0,460000.0,332000,128000.0
ORD000903,2025-12-11,C0149,P019,R011,2,0.0,45000,29000,90000,0.0,90000.0,58000,32000.0
ORD001489,2025-12-11,C0069,P012,R001,1,0.08,125000,83000,125000,10000.0,115000.0,83000,32000.0
ORD007150,2025-12-11,C0089,P011,R006,6,0.0,85000,57000,510000,0.0,510000.0,342000,168000.0
ORD007874,2025-12-11,C0224,P002,R005,3,0.08,220000,155000,660000,52800.0,607200.0,465000,142200.0
ORD006935,2025-12-11,C0182,P018,R010,6,0.0,90000,62000,540000,0.0,540000.0,372000,168000.0
ORD002869,2025-12-11,C0193,P012,R011,2,0.0,125000,83000,250000,0.0,250000.0,166000,84000.0
ORD003642,2025-12-11,C0155,P015,R010,4,0.08,35000,21000,140000,11200.0,128800.0,84000,44800.0
ORD007718,2025-12-11,C0269,P004,R006,2,0.05,140000,98000,280000,14000.0,266000.0,196000,70000.0
ORD007722,2025-12-11,C0275,P008,R009,8,0.0,110000,72000,880000,0.0,880000.0,576000,304000.0
ORD003439,2025-12-11,C0133,P005,R013,3,0.05,120000,84000,360000,18000.0,342000.0,252000,90000.0
ORD001227,2025-12-11,C0061,P013,R005,4,0.2,30000,18500,120000,24000.0,96000.0,74000,22000.0
ORD006417,2025-12-11,C0098,P012,R006,2,0.1,125000,83000,250000,25000.0,225000.0,166000,59000.0
ORD004438,2025-12-11,C0114,P013,R008,1,0.02,30000,18500,30000,600.0,29400.0,18500,10900.0
ORD001651,2025-12-11,C0121,P007,R012,8,0.15,180000,118000,1440000,216000.0,1224000.0,944000,280000.0
ORD004427,2025-12-11,C0296,P001,R005,5,0.0,350000,245000,1750000,0.0,1750000.0,1225000,525000.0
ORD004293,2025-12-11,C0008,P008,R001,3,0.0,110000,72000,330000,0.0,330000.0,216000,114000.0
ORD001302,2025-12-11,C0135,P010,R004,4,0.15,320000,215000,1280000,192000.0,1088000.0,860000,228000.0
ORD003473,2025-12-11,C0263,P006,R006,5,0.0,95000,62000,475000,0.0,475000.0,310000,165000.0
ORD000322,2025-12-12,C0183,P008,R008,1,0.1,110000,72000,110000,11000.0,99000.0,72000,27000.0
ORD000514,2025-12-12,C0040,P011,R004,3,0.02,85000,57000,255000,5100.0,249900.0,171000,78900.0
ORD007149,2025-12-12,C0085,P009,R003,1,0.02,130000,85000,130000,2600.0,127400.0,85000,42400.0
ORD005614,2025-12-12,C0035,P006,R004,8,0.1,95000,62000,760000,76000.0,684000.0,496000,188000.0
ORD007175,2025-12-12,C0216,P010,R013,2,0.08,320000,215000,640000,51200.0,588800.0,430000,158800.0
ORD000008,2025-12-12,C0107,P001,R009,6,0.0,350000,245000,2100000,0.0,2100000.0,1470000,630000.0
ORD000535,2025-12-12,C0108,P010,R010,1,0.0,320000,215000,320000,0.0,320000.0,215000,105000.0
ORD004391,2025-12-13,C0073,P007,R003,2,0.05,180000,118000,360000,18000.0,342000.0,236000,106000.0
ORD000554,2025-12-13,C0080,P011,R009,1,0.05,85000,57000,85000,4250.0,80750.0,57000,23750.0
ORD006012,2025-12-13,C0152,P017,R002,3,0.0,75000,50000,225000,0.0,225000.0,150000,75000.0
ORD004622,2025-12-13,C0159,P019,R011,1,0.1,45000,29000,45000,4500.0,40500.0,29000,11500.0
ORD004390,2025-12-13,C0155,P014,R007,10,0.08,18000,10500,180000,14400.0,165600.0,105000,60600.0
ORD002057,2025-12-13,C0163,P009,R012,1,0.08,130000,85000,130000,10400.0,119600.0,85000,34600.0
ORD001404,2025-12-14,C0016,P009,R005,3,0.0,130000,85000,390000,0.0,390000.0,255000,135000.0
ORD004257,2025-12-14,C0036,P005,R011,4,0.02,120000,84000,480000,9600.0,470400.0,336000,134400.0
ORD006357,2025-12-14,C0051,P014,R011,2,0.08,18000,10500,36000,2880.0,33120.0,21000,12120.0
ORD007927,2025-12-14,C0269,P006,R004,2,0.05,95000,62000,190000,9500.0,180500.0,124000,56500.0
ORD000256,2025-12-14,C0228,P002,R003,4,0.02,220000,155000,880000,17600.0,862400.0,620000,242400.0
ORD005483,2025-12-14,C0286,P016,R010,10,0.05,55000,35000,550000,27500.0,522500.0,350000,172500.0
ORD003926,2025-12-14,C0231,P011,R009,1,0.15,85000,57000,85000,12750.0,72250.0,57000,15250.0
ORD000206,2025-12-14,C0251,P013,R005,4,0.0,30000,18500,120000,0.0,120000.0,74000,46000.0
ORD000169,2025-12-14,C0221,P013,R003,8,0.08,30000,18500,240000,19200.0,220800.0,148000,72800.0
ORD004124,2025-12-14,C0066,P007,R006,1,0.02,180000,118000,180000,3600.0,176400.0,118000,58400.0
ORD003152,2025-12-14,C0251,P017,R012,5,0.15,75000,50000,375000,56250.0,318750.0,250000,68750.0
ORD002050,2025-12-14,C0039,P009,R006,2,0.1,130000,85000,260000,26000.0,234000.0,170000,64000.0
ORD004110,2025-12-14,C0194,P008,R009,4,0.0,110000,72000,440000,0.0,440000.0,288000,152000.0
ORD000889,2025-12-15,C0251,P014,R007,2,0.0,18000,10500,36000,0.0,36000.0,21000,15000.0
ORD007286,2025-12-15,C0149,P018,R006,2,0.15,90000,62000,180000,27000.0,153000.0,124000,29000.0
ORD006320,2025-12-15,C0220,P015,R010,10,0.05,35000,21000,350000,17500.0,332500.0,210000,122500.0
ORD000451,2025-12-15,C0273,P016,R008,4,0.05,55000,35000,220000,11000.0,209000.0,140000,69000.0
ORD000607,2025-12-15,C0134,P004,R010,3,0.02,140000,98000,420000,8400.0,411600.0,294000,117600.0
ORD002296,2025-12-15,C0005,P008,R001,6,0.2,110000,72000,660000,132000.0,528000.0,432000,96000.0
ORD000785,2025-12-15,C0015,P017,R009,1,0.02,75000,50000,75000,1500.0,73500.0,50000,23500.0
ORD003470,2025-12-15,C0016,P014,R003,4,0.02,18000,10500,72000,1440.0,70560.0,42000,28560.0
ORD001006,2025-12-15,C0078,P009,R005,2,0.0,130000,85000,260000,0.0,260000.0,170000,90000.0
ORD002630,2025-12-15,C0027,P010,R010,2,0.05,320000,215000,640000,32000.0,608000.0,430000,178000.0
ORD004615,2025-12-15,C0172,P014,R002,3,0.05,18000,10500,54000,2700.0,51300.0,31500,19800.0
ORD005567,2025-12-15,C0228,P005,R005,3,0.08,120000,84000,360000,28800.0,331200.0,252000,79200.0
ORD004263,2025-12-15,C0161,P008,R004,3,0.08,110000,72000,330000,26400.0,303600.0,216000,87600.0
ORD007087,2025-12-15,C0256,P019,R008,5,0.05,45000,29000,225000,11250.0,213750.0,145000,68750.0
ORD006834,2025-12-15,C0177,P020,R008,2,0.1,22000,13000,44000,4400.0,39600.0,26000,13600.0
ORD001777,2025-12-15,C0007,P007,R009,2,0.05,180000,118000,360000,18000.0,342000.0,236000,106000.0
ORD003354,2025-12-16,C0013,P012,R004,2,0.08,125000,83000,250000,20000.0,230000.0,166000,64000.0
ORD005548,2025-12-16,C0246,P002,R007,10,0.08,220000,155000,2200000,176000.0,2024000.0,1550000,474000.0
ORD007649,2025-12-16,C0048,P004,R004,5,0.1,140000,98000,700000,70000.0,630000.0,490000,140000.0
ORD000396,2025-12-16,C0180,P015,R003,5,0.05,35000,21000,175000,8750.0,166250.0,105000,61250.0
ORD000398,2025-12-16,C0149,P002,R004,1,0.05,220000,155000,220000,11000.0,209000.0,155000,54000.0
ORD000333,2025-12-16,C0175,P007,R007,3,0.02,180000,118000,540000,10800.0,529200.0,354000,175200.0
ORD000001,2025-12-16,C0026,P008,R007,1,0.08,110000,72000,110000,8800.0,101200.0,72000,29200.0
ORD001303,2025-12-16,C0173,P002,R004,5,0.05,220000,155000,1100000,55000.0,1045000.0,775000,270000.0
ORD003756,2025-12-16,C0158,P007,R009,3,0.02,180000,118000,540000,10800.0,529200.0,354000,175200.0
ORD006897,2025-12-16,C0257,P016,R006,2,0.0,55000,35000,110000,0.0,110000.0,70000,40000.0
ORD001749,2025-12-16,C0294,P011,R009,2,0.02,85000,57000,170000,3400.0,166600.0,114000,52600.0
ORD002131,2025-12-16,C0040,P011,R008,4,0.05,85000,57000,340000,17000.0,323000.0,228000,95000.0
ORD001596,2025-12-16,C0134,P015,R004,3,0.05,35000,21000,105000,5250.0,99750.0,63000,36750.0
ORD001619,2025-12-17,C0115,P016,R010,6,0.02,55000,35000,330000,6600.0,323400.0,210000,113400.0
ORD005972,2025-12-17,C0146,P017,R010,5,0.05,75000,50000,375000,18750.0,356250.0,250000,106250.0
ORD001306,2025-12-17,C0208,P019,R006,1,0.1,45000,29000,45000,4500.0,40500.0,29000,11500.0
ORD007242,2025-12-17,C0201,P005,R009,8,0.1,120000,84000,960000,96000.0,864000.0,672000,192000.0
ORD003247,2025-12-17,C0239,P015,R010,2,0.05,35000,21000,70000,3500.0,66500.0,42000,24500.0
ORD005417,2025-12-17,C0112,P020,R008,2,0.02,22000,13000,44000,880.0,43120.0,26000,17120.0
ORD007190,2025-12-17,C0068,P014,R013,3,0.05,18000,10500,54000,2700.0,51300.0,31500,19800.0
ORD005565,2025-12-17,C0096,P014,R004,3,0.05,18000,10500,54000,2700.0,51300.0,31500,19800.0
ORD003611,2025-12-17,C0129,P013,R011,2,0.15,30000,18500,60000,9000.0,51000.0,37000,14000.0
ORD001211,2025-12-18,C0030,P012,R012,5,0.0,125000,83000,625000,0.0,625000.0,415000,210000.0
ORD007132,2025-12-18,C0141,P020,R003,2,0.0,22000,13000,44000,0.0,44000.0,26000,18000.0
ORD002611,2025-12-18,C0148,P009,R010,1,0.08,130000,85000,130000,10400.0,119600.0,85000,34600.0
ORD004847,2025-12-18,C0207,P003,R005,5,0.1,160000,112000,800000,80000.0,720000.0,560000,160000.0
ORD005048,2025-12-18,C0119,P003,R006,1,0.08,160000,112000,160000,12800.0,147200.0,112000,35200.0
ORD007024,2025-12-18,C0010,P009,R012,2,0.05,130000,85000,260000,13000.0,247000.0,170000,77000.0
ORD004606,2025-12-18,C0260,P002,R012,3,0.1,220000,155000,660000,66000.0,594000.0,465000,129000.0
ORD002892,2025-12-18,C0078,P007,R008,6,0.02,180000,118000,1080000,21600.0,1058400.0,708000,350400.0
ORD004376,2025-12-18,C0004,P002,R001,4,0.0,220000,155000,880000,0.0,880000.0,620000,260000.0
ORD001093,2025-12-18,C0088,P007,R013,10,0.08,180000,118000,1800000,144000.0,1656000.0,1180000,476000.0
ORD005856,2025-12-18,C0021,P007,R003,1,0.05,180000,118000,180000,9000.0,171000.0,118000,53000.0
ORD001597,2025-12-18,C0276,P012,R005,3,0.05,125000,83000,375000,18750.0,356250.0,249000,107250.0
ORD005500,2025-12-19,C0154,P013,R011,1,0.0,30000,18500,30000,0.0,30000.0,18500,11500.0
ORD001916,2025-12-19,C0171,P006,R009,10,0.05,95000,62000,950000,47500.0,902500.0,620000,282500.0
ORD007937,2025-12-19,C0290,P009,R005,2,0.08,130000,85000,260000,20800.0,239200.0,170000,69200.0
ORD006645,2025-12-19,C0042,P012,R013,6,0.15,125000,83000,750000,112500.0,637500.0,498000,139500.0
ORD001368,2025-12-19,C0020,P005,R003,2,0.02,120000,84000,240000,4800.0,235200.0,168000,67200.0
ORD001366,2025-12-19,C0019,P012,R001,2,0.05,125000,83000,250000,12500.0,237500.0,166000,71500.0
ORD007249,2025-12-19,C0153,P012,R008,2,0.02,125000,83000,250000,5000.0,245000.0,166000,79000.0
ORD001666,2025-12-19,C0277,P019,R011,5,0.02,45000,29000,225000,4500.0,220500.0,145000,75500.0
ORD007786,2025-12-19,C0136,P020,R013,2,0.0,22000,13000,44000,0.0,44000.0,26000,18000.0
ORD000901,2025-12-19,C0250,P015,R008,1,0.0,35000,21000,35000,0.0,35000.0,21000,14000.0
ORD006577,2025-12-19,C0238,P011,R005,2,0.05,85000,57000,170000,8500.0,161500.0,114000,47500.0
ORD001100,2025-12-19,C0199,P014,R008,2,0.05,18000,10500,36000,1800.0,34200.0,21000,13200.0
ORD005148,2025-12-19,C0051,P017,R007,2,0.08,75000,50000,150000,12000.0,138000.0,100000,38000.0
ORD001385,2025-12-20,C0034,P007,R001,10,0.0,180000,118000,1800000,0.0,1800000.0,1180000,620000.0
ORD002392,2025-12-20,C0078,P016,R002,1,0.05,55000,35000,55000,2750.0,52250.0,35000,17250.0
ORD002660,2025-12-20,C0277,P017,R008,3,0.08,75000,50000,225000,18000.0,207000.0,150000,57000.0
ORD005876,2025-12-20,C0127,P010,R001,5,0.2,320000,215000,1600000,320000.0,1280000.0,1075000,205000.0
ORD001979,2025-12-20,C0149,P017,R004,6,0.0,75000,50000,450000,0.0,450000.0,300000,150000.0
ORD002228,2025-12-20,C0124,P005,R003,2,0.08,120000,84000,240000,19200.0,220800.0,168000,52800.0
ORD006257,2025-12-20,C0055,P001,R007,10,0.2,350000,245000,3500000,700000.0,2800000.0,2450000,350000.0
ORD001830,2025-12-20,C0293,P009,R004,6,0.1,130000,85000,780000,78000.0,702000.0,510000,192000.0
ORD006412,2025-12-20,C0112,P005,R008,2,0.2,120000,84000,240000,48000.0,192000.0,168000,24000.0
ORD002601,2025-12-20,C0191,P013,R011,8,0.05,30000,18500,240000,12000.0,228000.0,148000,80000.0
ORD006916,2025-12-20,C0296,P010,R012,2,0.0,320000,215000,640000,0.0,640000.0,430000,210000.0
ORD006861,2025-12-20,C0058,P015,R007,2,0.1,35000,21000,70000,7000.0,63000.0,42000,21000.0
ORD003077,2025-12-20,C0216,P007,R005,3,0.05,180000,118000,540000,27000.0,513000.0,354000,159000.0
ORD003264,2025-12-21,C0112,P016,R007,3,0.15,55000,35000,165000,24750.0,140250.0,105000,35250.0
ORD002431,2025-12-21,C0068,P006,R001,2,0.08,95000,62000,190000,15200.0,174800.0,124000,50800.0
ORD003811,2025-12-21,C0191,P006,R007,5,0.08,95000,62000,475000,38000.0,437000.0,310000,127000.0
ORD007164,2025-12-21,C0197,P004,R007,10,0.0,140000,98000,1400000,0.0,1400000.0,980000,420000.0
ORD005126,2025-12-21,C0215,P018,R013,4,0.15,90000,62000,360000,54000.0,306000.0,248000,58000.0
ORD003401,2025-12-21,C0300,P018,R008,1,0.02,90000,62000,90000,1800.0,88200.0,62000,26200.0
ORD004173,2025-12-21,C0215,P019,R009,6,0.0,45000,29000,270000,0.0,270000.0,174000,96000.0
ORD004022,2025-12-21,C0087,P014,R011,3,0.05,18000,10500,54000,2700.0,51300.0,31500,19800.0
ORD003168,2025-12-21,C0008,P003,R010,3,0.05,160000,112000,480000,24000.0,456000.0,336000,120000.0
ORD003724,2025-12-21,C0018,P007,R009,1,0.0,180000,118000,180000,0.0,180000.0,118000,62000.0
ORD005480,2025-12-21,C0038,P011,R006,1,0.05,85000,57000,85000,4250.0,80750.0,57000,23750.0
ORD002332,2025-12-21,C0037,P018,R006,1,0.08,90000,62000,90000,7200.0,82800.0,62000,20800.0
ORD007131,2025-12-21,C0078,P010,R003,5,0.02,320000,215000,1600000,32000.0,1568000.0,1075000,493000.0
ORD004889,2025-12-21,C0249,P016,R008,1,0.0,55000,35000,55000,0.0,55000.0,35000,20000.0
ORD003577,2025-12-21,C0035,P017,R001,4,0.08,75000,50000,300000,24000.0,276000.0,200000,76000.0
ORD004413,2025-12-21,C0288,P004,R013,1,0.15,140000,98000,140000,21000.0,119000.0,98000,21000.0
ORD004946,2025-12-22,C0062,P015,R001,3,0.1,35000,21000,105000,10500.0,94500.0,63000,31500.0
ORD006673,2025-12-22,C0160,P006,R008,3,0.0,95000,62000,285000,0.0,285000.0,186000,99000.0
ORD000674,2025-12-22,C0141,P019,R011,1,0.05,45000,29000,45000,2250.0,42750.0,29000,13750.0
ORD000917,2025-12-22,C0194,P007,R010,1,0.0,180000,118000,180000,0.0,180000.0,118000,62000.0
ORD006779,2025-12-22,C0049,P009,R007,2,0.2,130000,85000,260000,52000.0,208000.0,170000,38000.0
ORD005754,2025-12-22,C0290,P010,R008,2,0.0,320000,215000,640000,0.0,640000.0,430000,210000.0
ORD000905,2025-12-22,C0186,P015,R003,2,0.02,35000,21000,70000,1400.0,68600.0,42000,26600.0
ORD007282,2025-12-22,C0168,P016,R007,5,0.15,55000,35000,275000,41250.0,233750.0,175000,58750.0
ORD007115,2025-12-22,C0103,P012,R002,8,0.1,125000,83000,1000000,100000.0,900000.0,664000,236000.0
ORD003260,2025-12-22,C0017,P010,R008,3,0.1,320000,215000,960000,96000.0,864000.0,645000,219000.0
ORD005995,2025-12-22,C0215,P004,R005,2,0.08,140000,98000,280000,22400.0,257600.0,196000,61600.0
ORD003994,2025-12-22,C0050,P006,R012,3,0.02,95000,62000,285000,5700.0,279300.0,186000,93300.0
ORD005966,2025-12-22,C0112,P007,R008,6,0.15,180000,118000,1080000,162000.0,918000.0,708000,210000.0
ORD002459,2025-12-22,C0165,P008,R001,3,0.05,110000,72000,330000,16500.0,313500.0,216000,97500.0
ORD001089,2025-12-22,C0262,P012,R002,3,0.0,125000,83000,375000,0.0,375000.0,249000,126000.0
ORD006887,2025-12-22,C0224,P005,R013,2,0.02,120000,84000,240000,4800.0,235200.0,168000,67200.0
ORD001781,2025-12-22,C0242,P017,R009,2,0.08,75000,50000,150000,12000.0,138000.0,100000,38000.0
ORD000522,2025-12-22,C0260,P005,R012,2,0.08,120000,84000,240000,19200.0,220800.0,168000,52800.0
ORD007343,2025-12-22,C0100,P018,R001,4,0.08,90000,62000,360000,28800.0,331200.0,248000,83200.0
ORD007383,2025-12-23,C0277,P011,R011,2,0.1,85000,57000,170000,17000.0,153000.0,114000,39000.0
ORD005752,2025-12-23,C0083,P011,R006,3,0.1,85000,57000,255000,25500.0,229500.0,171000,58500.0
ORD006538,2025-12-23,C0231,P013,R008,4,0.02,30000,18500,120000,2400.0,117600.0,74000,43600.0
ORD004626,2025-12-23,C0036,P006,R001,6,0.08,95000,62000,570000,45600.0,524400.0,372000,152400.0
ORD004960,2025-12-23,C0072,P018,R013,2,0.15,90000,62000,180000,27000.0,153000.0,124000,29000.0
ORD002139,2025-12-23,C0046,P020,R006,3,0.1,22000,13000,66000,6600.0,59400.0,39000,20400.0
ORD002704,2025-12-23,C0291,P009,R010,1,0.05,130000,85000,130000,6500.0,123500.0,85000,38500.0
ORD006429,2025-12-23,C0066,P002,R003,4,0.08,220000,155000,880000,70400.0,809600.0,620000,189600.0
ORD000862,2025-12-23,C0253,P009,R007,4,0.02,130000,85000,520000,10400.0,509600.0,340000,169600.0
ORD002593,2025-12-23,C0208,P011,R013,3,0.08,85000,57000,255000,20400.0,234600.0,171000,63600.0
ORD005443,2025-12-23,C0196,P018,R009,2,0.02,90000,62000,180000,3600.0,176400.0,124000,52400.0
ORD005146,2025-12-23,C0075,P006,R004,3,0.08,95000,62000,285000,22800.0,262200.0,186000,76200.0
ORD000040,2025-12-23,C0235,P002,R008,6,0.08,220000,155000,1320000,105600.0,1214400.0,930000,284400.0
ORD004202,2025-12-23,C0077,P013,R006,8,0.02,30000,18500,240000,4800.0,235200.0,148000,87200.0
ORD002330,2025-12-24,C0244,P010,R012,2,0.2,320000,215000,640000,128000.0,512000.0,430000,82000.0
ORD002344,2025-12-24,C0281,P009,R005,3,0.02,130000,85000,390000,7800.0,382200.0,255000,127200.0
ORD005545,2025-12-24,C0008,P007,R012,5,0.2,180000,118000,900000,180000.0,720000.0,590000,130000.0
ORD001212,2025-12-24,C0285,P003,R006,1,0.08,160000,112000,160000,12800.0,147200.0,112000,35200.0
ORD005267,2025-12-24,C0092,P013,R013,2,0.0,30000,18500,60000,0.0,60000.0,37000,23000.0
ORD003362,2025-12-24,C0149,P015,R011,8,0.0,35000,21000,280000,0.0,280000.0,168000,112000.0
ORD005421,2025-12-24,C0280,P012,R009,3,0.0,125000,83000,375000,0.0,375000.0,249000,126000.0
ORD000201,2025-12-24,C0279,P007,R007,3,0.05,180000,118000,540000,27000.0,513000.0,354000,159000.0
ORD002338,2025-12-24,C0107,P007,R003,1,0.0,180000,118000,180000,0.0,180000.0,118000,62000.0
ORD005633,2025-12-24,C0300,P003,R001,3,0.0,160000,112000,480000,0.0,480000.0,336000,144000.0
ORD004131,2025-12-24,C0131,P001,R010,2,0.05,350000,245000,700000,35000.0,665000.0,490000,175000.0
ORD006601,2025-12-25,C0128,P012,R009,2,0.02,125000,83000,250000,5000.0,245000.0,166000,79000.0
ORD001059,2025-12-25,C0116,P020,R012,1,0.1,22000,13000,22000,2200.0,19800.0,13000,6800.0
ORD001507,2025-12-25,C0217,P020,R001,5,0.08,22000,13000,110000,8800.0,101200.0,65000,36200.0
ORD000811,2025-12-25,C0245,P007,R006,4,0.02,180000,118000,720000,14400.0,705600.0,472000,233600.0
ORD007798,2025-12-25,C0116,P005,R002,4,0.0,120000,84000,480000,0.0,480000.0,336000,144000.0
ORD007234,2025-12-25,C0030,P008,R004,1,0.0,110000,72000,110000,0.0,110000.0,72000,38000.0
ORD000661,2025-12-25,C0044,P019,R007,4,0.1,45000,29000,180000,18000.0,162000.0,116000,46000.0
ORD002642,2025-12-25,C0184,P006,R003,5,0.15,95000,62000,475000,71250.0,403750.0,310000,93750.0
ORD006092,2025-12-25,C0271,P018,R011,5,0.1,90000,62000,450000,45000.0,405000.0,310000,95000.0
ORD002237,2025-12-25,C0273,P007,R005,4,0.2,180000,118000,720000,144000.0,576000.0,472000,104000.0
ORD006924,2025-12-25,C0065,P001,R007,1,0.08,350000,245000,350000,28000.0,322000.0,245000,77000.0
ORD007304,2025-12-25,C0092,P003,R008,2,0.05,160000,112000,320000,16000.0,304000.0,224000,80000.0
ORD004094,2025-12-25,C0050,P003,R006,5,0.15,160000,112000,800000,120000.0,680000.0,560000,120000.0
ORD006583,2025-12-25,C0172,P018,R011,6,0.05,90000,62000,540000,27000.0,513000.0,372000,141000.0
ORD002548,2025-12-26,C0229,P007,R010,4,0.08,180000,118000,720000,57600.0,662400.0,472000,190400.0
ORD003368,2025-12-26,C0157,P020,R004,4,0.0,22000,13000,88000,0.0,88000.0,52000,36000.0
ORD000574,2025-12-26,C0243,P019,R007,2,0.08,45000,29000,90000,7200.0,82800.0,58000,24800.0
ORD002165,2025-12-26,C0026,P009,R009,8,0.1,130000,85000,1040000,104000.0,936000.0,680000,256000.0
ORD001605,2025-12-26,C0214,P013,R004,3,0.0,30000,18500,90000,0.0,90000.0,55500,34500.0
ORD006389,2025-12-26,C0137,P003,R011,4,0.08,160000,112000,640000,51200.0,588800.0,448000,140800.0
ORD003596,2025-12-26,C0045,P017,R004,5,0.1,75000,50000,375000,37500.0,337500.0,250000,87500.0
ORD000307,2025-12-26,C0034,P007,R002,8,0.02,180000,118000,1440000,28800.0,1411200.0,944000,467200.0
ORD000927,2025-12-26,C0087,P014,R004,5,0.0,18000,10500,90000,0.0,90000.0,52500,37500.0
ORD001645,2025-12-26,C0048,P010,R003,3,0.02,320000,215000,960000,19200.0,940800.0,645000,295800.0
ORD003656,2025-12-26,C0083,P010,R002,5,0.08,320000,215000,1600000,128000.0,1472000.0,1075000,397000.0
ORD000166,2025-12-27,C0071,P002,R011,2,0.08,220000,155000,440000,35200.0,404800.0,310000,94800.0
ORD003948,2025-12-27,C0166,P002,R009,4,0.1,220000,155000,880000,88000.0,792000.0,620000,172000.0
ORD004604,2025-12-27,C0216,P011,R005,5,0.1,85000,57000,425000,42500.0,382500.0,285000,97500.0
ORD002560,2025-12-27,C0219,P012,R004,6,0.08,125000,83000,750000,60000.0,690000.0,498000,192000.0
ORD001234,2025-12-27,C0095,P020,R004,4,0.15,22000,13000,88000,13200.0,74800.0,52000,22800.0
ORD000569,2025-12-27,C0042,P006,R004,2,0.08,95000,62000,190000,15200.0,174800.0,124000,50800.0
ORD007077,2025-12-27,C0232,P015,R004,1,0.0,35000,21000,35000,0.0,35000.0,21000,14000.0
ORD004513,2025-12-27,C0097,P011,R003,8,0.08,85000,57000,680000,54400.0,625600.0,456000,169600.0
ORD002852,2025-12-27,C0009,P015,R013,3,0.05,35000,21000,105000,5250.0,99750.0,63000,36750.0
ORD001156,2025-12-27,C0088,P016,R010,3,0.05,55000,35000,165000,8250.0,156750.0,105000,51750.0
ORD001421,2025-12-27,C0193,P016,R009,2,0.08,55000,35000,110000,8800.0,101200.0,70000,31200.0
ORD002058,2025-12-27,C0275,P002,R003,3,0.08,220000,155000,660000,52800.0,607200.0,465000,142200.0
ORD001320,2025-12-28,C0109,P002,R003,6,0.02,220000,155000,1320000,26400.0,1293600.0,930000,363600.0
ORD005123,2025-12-28,C0278,P010,R009,1,0.1,320000,215000,320000,32000.0,288000.0,215000,73000.0
ORD005798,2025-12-28,C0110,P015,R005,4,0.05,35000,21000,140000,7000.0,133000.0,84000,49000.0
ORD002608,2025-12-28,C0098,P005,R004,5,0.05,120000,84000,600000,30000.0,570000.0,420000,150000.0
ORD005992,2025-12-28,C0287,P011,R007,1,0.2,85000,57000,85000,17000.0,68000.0,57000,11000.0
ORD002066,2025-12-28,C0087,P002,R006,2,0.02,220000,155000,440000,8800.0,431200.0,310000,121200.0
ORD001679,2025-12-28,C0282,P006,R006,8,0.0,95000,62000,760000,0.0,760000.0,496000,264000.0
ORD003023,2025-12-28,C0222,P003,R013,2,0.08,160000,112000,320000,25600.0,294400.0,224000,70400.0
ORD007170,2025-12-28,C0234,P012,R002,2,0.08,125000,83000,250000,20000.0,230000.0,166000,64000.0
ORD002537,2025-12-28,C0174,P014,R006,1,0.0,18000,10500,18000,0.0,18000.0,10500,7500.0
ORD006458,2025-12-28,C0279,P019,R010,1,0.1,45000,29000,45000,4500.0,40500.0,29000,11500.0
ORD000902,2025-12-29,C0140,P008,R012,1,0.1,110000,72000,110000,11000.0,99000.0,72000,27000.0
ORD006240,2025-12-29,C0272,P004,R006,3,0.05,140000,98000,420000,21000.0,399000.0,294000,105000.0
ORD002081,2025-12-29,C0263,P001,R008,3,0.05,350000,245000,1050000,52500.0,997500.0,735000,262500.0
ORD000354,2025-12-29,C0216,P001,R010,2,0.0,350000,245000,700000,0.0,700000.0,490000,210000.0
ORD000914,2025-12-29,C0144,P017,R012,3,0.05,75000,50000,225000,11250.0,213750.0,150000,63750.0
ORD004701,2025-12-29,C0009,P004,R013,1,0.0,140000,98000,140000,0.0,140000.0,98000,42000.0
ORD006436,2025-12-29,C0135,P009,R008,1,0.1,130000,85000,130000,13000.0,117000.0,85000,32000.0
ORD002198,2025-12-29,C0227,P006,R011,10,0.0,95000,62000,950000,0.0,950000.0,620000,330000.0
ORD003066,2025-12-29,C0254,P020,R006,2,0.1,22000,13000,44000,4400.0,39600.0,26000,13600.0
ORD006600,2025-12-29,C0021,P016,R008,3,0.15,55000,35000,165000,24750.0,140250.0,105000,35250.0
ORD003721,2025-12-29,C0165,P010,R006,4,0.0,320000,215000,1280000,0.0,1280000.0,860000,420000.0
ORD006671,2025-12-29,C0150,P013,R004,1,0.1,30000,18500,30000,3000.0,27000.0,18500,8500.0
ORD003957,2025-12-29,C0217,P010,R007,1,0.05,320000,215000,320000,16000.0,304000.0,215000,89000.0
ORD006805,2025-12-29,C0186,P016,R007,3,0.1,55000,35000,165000,16500.0,148500.0,105000,43500.0
ORD002978,2025-12-29,C0228,P008,R011,3,0.02,110000,72000,330000,6600.0,323400.0,216000,107400.0
ORD000516,2025-12-29,C0254,P002,R012,3,0.08,220000,155000,660000,52800.0,607200.0,465000,142200.0
ORD000689,2025-12-29,C0245,P016,R011,5,0.15,55000,35000,275000,41250.0,233750.0,175000,58750.0
ORD000650,2025-12-30,C0255,P015,R013,1,0.02,35000,21000,35000,700.0,34300.0,21000,13300.0
ORD007982,2025-12-30,C0075,P017,R012,3,0.1,75000,50000,225000,22500.0,202500.0,150000,52500.0
ORD001279,2025-12-30,C0133,P002,R010,3,0.2,220000,155000,660000,132000.0,528000.0,465000,63000.0
ORD007118,2025-12-30,C0089,P009,R013,6,0.15,130000,85000,780000,117000.0,663000.0,510000,153000.0
ORD002157,2025-12-30,C0237,P013,R007,1,0.08,30000,18500,30000,2400.0,27600.0,18500,9100.0
ORD003115,2025-12-30,C0143,P018,R002,3,0.0,90000,62000,270000,0.0,270000.0,186000,84000.0
ORD006274,2025-12-30,C0156,P001,R008,5,0.02,350000,245000,1750000,35000.0,1715000.0,1225000,490000.0
ORD001930,2025-12-30,C0053,P017,R006,10,0.05,75000,50000,750000,37500.0,712500.0,500000,212500.0
ORD007920,2025-12-30,C0294,P019,R002,8,0.15,45000,29000,360000,54000.0,306000.0,232000,74000.0
ORD001786,2025-12-30,C0087,P019,R004,2,0.15,45000,29000,90000,13500.0,76500.0,58000,18500.0
ORD001408,2025-12-30,C0265,P012,R009,3,0.0,125000,83000,375000,0.0,375000.0,249000,126000.0
ORD001106,2025-12-30,C0172,P006,R012,6,0.15,95000,62000,570000,85500.0,484500.0,372000,112500.0
ORD007472,2025-12-30,C0187,P009,R001,2,0.0,130000,85000,260000,0.0,260000.0,170000,90000.0
ORD000780,2025-12-30,C0049,P010,R013,4,0.02,320000,215000,1280000,25600.0,1254400.0,860000,394400.0
ORD006168,2025-12-30,C0225,P013,R008,1,0.0,30000,18500,30000,0.0,30000.0,18500,11500.0
ORD004052,2025-12-30,C0156,P008,R001,8,0.0,110000,72000,880000,0.0,880000.0,576000,304000.0
ORD004984,2025-12-30,C0038,P004,R009,3,0.02,140000,98000,420000,8400.0,411600.0,294000,117600.0
ORD004223,2025-12-30,C0205,P019,R003,4,0.05,45000,29000,180000,9000.0,171000.0,116000,55000.0
ORD003512,2025-12-30,C0080,P010,R010,2,0.02,320000,215000,640000,12800.0,627200.0,430000,197200.0
ORD003634,2025-12-30,C0277,P016,R011,10,0.05,55000,35000,550000,27500.0,522500.0,350000,172500.0
ORD003830,2025-12-30,C0105,P007,R003,3,0.08,180000,118000,540000,43200.0,496800.0,354000,142800.0
ORD003359,2025-12-30,C0198,P009,R011,2,0.05,130000,85000,260000,13000.0,247000.0,170000,77000.0
ORD005369,2025-12-31,C0282,P017,R009,1,0.0,75000,50000,75000,0.0,75000.0,50000,25000.0
ORD002225,2025-12-31,C0210,P007,R006,4,0.05,180000,118000,720000,36000.0,684000.0,472000,212000.0
ORD002280,2025-12-31,C0228,P018,R008,1,0.05,90000,62000,90000,4500.0,85500.0,62000,23500.0
ORD001249,2025-12-31,C0294,P011,R004,2,0.05,85000,57000,170000,8500.0,161500.0,114000,47500.0
ORD000142,2025-12-31,C0088,P020,R004,3,0.0,22000,13000,66000,0.0,66000.0,39000,27000.0
ORD005252,2025-12-31,C0226,P008,R010,4,0.1,110000,72000,440000,44000.0,396000.0,288000,108000.0
ORD007239,2025-12-31,C0057,P016,R009,5,0.02,55000,35000,275000,5500.0,269500.0,175000,94500.0
ORD007248,2025-12-31,C0029,P004,R011,2,0.15,140000,98000,280000,42000.0,238000.0,196000,42000.0
ORD000930,2025-12-31,C0046,P003,R007,3,0.0,160000,112000,480000,0.0,480000.0,336000,144000.0
ORD007117,2025-12-31,C0235,P001,R010,4,0.08,350000,245000,1400000,112000.0,1288000.0,980000,308000.0
ORD005157,2025-12-31,C0185,P013,R009,6,0.0,30000,18500,180000,0.0,180000.0,111000,69000.0
ORD007325,2025-12-31,C0299,P009,R001,2,0.05,130000,85000,260000,13000.0,247000.0,170000,77000.0
ORD000349,2025-12-31,C0293,P009,R008,2,0.02,130000,85000,260000,5200.0,254800.0,170000,84800.0
ORD007834,2025-12-31,C0136,P009,R006,1,0.15,130000,85000,130000,19500.0,110500.0,85000,25500.0
ORD003246,2025-12-31,C0074,P018,R004,2,0.0,90000,62000,180000,0.0,180000.0,124000,56000.0
ORD005654,2025-12-31,C0254,P001,R001,2,0.08,350000,245000,700000,56000.0,644000.0,490000,154000.0
ORD007810,2025-12-31,C0092,P009,R008,2,0.1,130000,85000,260000,26000.0,234000.0,170000,64000.0
ORD000712,2025-12-31,C0076,P019,R012,3,0.0,45000,29000,135000,0.0,135000.0,87000,48000.0
ORD001585,2026-01-01,C0256,P010,R005,4,0.1,320000,215000,1280000,128000.0,1152000.0,860000,292000.0
ORD002949,2026-01-01,C0231,P005,R006,4,0.02,120000,84000,480000,9600.0,470400.0,336000,134400.0
ORD004474,2026-01-01,C0084,P005,R007,5,0.2,120000,84000,600000,120000.0,480000.0,420000,60000.0
ORD007403,2026-01-01,C0077,P015,R013,3,0.0,35000,21000,105000,0.0,105000.0,63000,42000.0
ORD004108,2026-01-01,C0082,P019,R008,1,0.0,45000,29000,45000,0.0,45000.0,29000,16000.0
ORD001026,2026-01-01,C0284,P017,R007,10,0.2,75000,50000,750000,150000.0,600000.0,500000,100000.0
ORD005121,2026-01-01,C0224,P003,R005,4,0.0,160000,112000,640000,0.0,640000.0,448000,192000.0
ORD001901,2026-01-01,C0168,P011,R009,8,0.02,85000,57000,680000,13600.0,666400.0,456000,210400.0
ORD000839,2026-01-01,C0065,P015,R008,5,0.1,35000,21000,175000,17500.0,157500.0,105000,52500.0
ORD003348,2026-01-01,C0299,P014,R009,2,0.05,18000,10500,36000,1800.0,34200.0,21000,13200.0
ORD004843,2026-01-01,C0077,P019,R006,6,0.05,45000,29000,270000,13500.0,256500.0,174000,82500.0
ORD003229,2026-01-01,C0182,P002,R011,1,0.15,220000,155000,220000,33000.0,187000.0,155000,32000.0
ORD003683,2026-01-01,C0151,P009,R003,5,0.0,130000,85000,650000,0.0,650000.0,425000,225000.0
ORD006285,2026-01-01,C0184,P018,R001,4,0.0,90000,62000,360000,0.0,360000.0,248000,112000.0
ORD003518,2026-01-02,C0069,P008,R002,2,0.15,110000,72000,220000,33000.0,187000.0,144000,43000.0
ORD006319,2026-01-02,C0015,P006,R004,1,0.15,95000,62000,95000,14250.0,80750.0,62000,18750.0
ORD005219,2026-01-02,C0121,P014,R011,1,0.02,18000,10500,18000,360.0,17640.0,10500,7140.0
ORD002885,2026-01-02,C0094,P020,R012,1,0.05,22000,13000,22000,1100.0,20900.0,13000,7900.0
ORD000105,2026-01-02,C0263,P003,R005,2,0.1,160000,112000,320000,32000.0,288000.0,224000,64000.0
ORD003881,2026-01-02,C0228,P014,R002,3,0.1,18000,10500,54000,5400.0,48600.0,31500,17100.0
ORD004508,2026-01-02,C0270,P007,R003,2,0.0,180000,118000,360000,0.0,360000.0,236000,124000.0
ORD005487,2026-01-02,C0206,P012,R006,2,0.02,125000,83000,250000,5000.0,245000.0,166000,79000.0
ORD002931,2026-01-02,C0157,P007,R005,3,0.05,180000,118000,540000,27000.0,513000.0,354000,159000.0
ORD005213,2026-01-02,C0063,P008,R006,5,0.0,110000,72000,550000,0.0,550000.0,360000,190000.0
ORD001170,2026-01-02,C0085,P005,R007,4,0.05,120000,84000,480000,24000.0,456000.0,336000,120000.0
ORD003585,2026-01-02,C0195,P007,R002,2,0.15,180000,118000,360000,54000.0,306000.0,236000,70000.0
ORD001673,2026-01-02,C0027,P013,R010,4,0.02,30000,18500,120000,2400.0,117600.0,74000,43600.0
ORD004116,2026-01-02,C0058,P005,R011,2,0.1,120000,84000,240000,24000.0,216000.0,168000,48000.0
ORD004329,2026-01-02,C0072,P018,R008,3,0.0,90000,62000,270000,0.0,270000.0,186000,84000.0
ORD006279,2026-01-02,C0242,P002,R009,2,0.02,220000,155000,440000,8800.0,431200.0,310000,121200.0
ORD005899,2026-01-02,C0137,P006,R006,1,0.0,95000,62000,95000,0.0,95000.0,62000,33000.0
ORD002685,2026-01-02,C0214,P014,R005,8,0.08,18000,10500,144000,11520.0,132480.0,84000,48480.0
ORD002677,2026-01-03,C0048,P009,R005,8,0.08,130000,85000,1040000,83200.0,956800.0,680000,276800.0
ORD005693,2026-01-03,C0085,P016,R012,5,0.15,55000,35000,275000,41250.0,233750.0,175000,58750.0
ORD007021,2026-01-03,C0197,P020,R012,4,0.1,22000,13000,88000,8800.0,79200.0,52000,27200.0
ORD005197,2026-01-03,C0278,P007,R008,5,0.1,180000,118000,900000,90000.0,810000.0,590000,220000.0
ORD005158,2026-01-03,C0158,P008,R011,2,0.2,110000,72000,220000,44000.0,176000.0,144000,32000.0
ORD007976,2026-01-03,C0180,P002,R012,4,0.15,220000,155000,880000,132000.0,748000.0,620000,128000.0
ORD004589,2026-01-03,C0286,P013,R003,3,0.0,30000,18500,90000,0.0,90000.0,55500,34500.0
ORD003618,2026-01-03,C0276,P005,R009,1,0.0,120000,84000,120000,0.0,120000.0,84000,36000.0
ORD005322,2026-01-03,C0267,P012,R008,2,0.1,125000,83000,250000,25000.0,225000.0,166000,59000.0
ORD007996,2026-01-03,C0189,P016,R006,2,0.0,55000,35000,110000,0.0,110000.0,70000,40000.0
ORD003802,2026-01-03,C0186,P020,R006,2,0.15,22000,13000,44000,6600.0,37400.0,26000,11400.0
ORD004852,2026-01-03,C0001,P001,R012,3,0.08,350000,245000,1050000,84000.0,966000.0,735000,231000.0
ORD007717,2026-01-03,C0196,P017,R003,1,0.05,75000,50000,75000,3750.0,71250.0,50000,21250.0
ORD001601,2026-01-03,C0240,P008,R007,2,0.15,110000,72000,220000,33000.0,187000.0,144000,43000.0
ORD003163,2026-01-03,C0198,P013,R005,5,0.0,30000,18500,150000,0.0,150000.0,92500,57500.0
ORD004296,2026-01-03,C0179,P020,R009,10,0.08,22000,13000,220000,17600.0,202400.0,130000,72400.0
ORD005529,2026-01-04,C0115,P017,R001,2,0.1,75000,50000,150000,15000.0,135000.0,100000,35000.0
ORD000087,2026-01-04,C0244,P013,R011,5,0.02,30000,18500,150000,3000.0,147000.0,92500,54500.0
ORD004085,2026-01-04,C0235,P012,R009,1,0.05,125000,83000,125000,6250.0,118750.0,83000,35750.0
ORD005914,2026-01-04,C0060,P010,R007,3,0.02,320000,215000,960000,19200.0,940800.0,645000,295800.0
ORD003201,2026-01-04,C0185,P005,R002,2,0.05,120000,84000,240000,12000.0,228000.0,168000,60000.0
ORD002943,2026-01-04,C0126,P020,R006,6,0.05,22000,13000,132000,6600.0,125400.0,78000,47400.0
ORD000383,2026-01-04,C0298,P019,R013,2,0.15,45000,29000,90000,13500.0,76500.0,58000,18500.0
ORD006658,2026-01-04,C0286,P007,R012,8,0.05,180000,118000,1440000,72000.0,1368000.0,944000,424000.0
ORD004713,2026-01-04,C0141,P012,R006,1,0.0,125000,83000,125000,0.0,125000.0,83000,42000.0
ORD006378,2026-01-04,C0213,P010,R011,2,0.02,320000,215000,640000,12800.0,627200.0,430000,197200.0
ORD000174,2026-01-04,C0263,P016,R004,2,0.2,55000,35000,110000,22000.0,88000.0,70000,18000.0
ORD002213,2026-01-04,C0267,P002,R006,2,0.15,220000,155000,440000,66000.0,374000.0,310000,64000.0
ORD006871,2026-01-04,C0088,P005,R008,8,0.02,120000,84000,960000,19200.0,940800.0,672000,268800.0
ORD005227,2026-01-04,C0220,P004,R010,2,0.1,140000,98000,280000,28000.0,252000.0,196000,56000.0
ORD002783,2026-01-04,C0155,P015,R007,6,0.0,35000,21000,210000,0.0,210000.0,126000,84000.0
ORD002975,2026-01-04,C0193,P012,R004,1,0.05,125000,83000,125000,6250.0,118750.0,83000,35750.0
ORD004290,2026-01-04,C0266,P006,R003,3,0.08,95000,62000,285000,22800.0,262200.0,186000,76200.0
ORD001614,2026-01-05,C0124,P002,R001,2,0.1,220000,155000,440000,44000.0,396000.0,310000,86000.0
ORD001062,2026-01-05,C0029,P002,R009,8,0.05,220000,155000,1760000,88000.0,1672000.0,1240000,432000.0
ORD002307,2026-01-05,C0174,P016,R003,10,0.15,55000,35000,550000,82500.0,467500.0,350000,117500.0
ORD004331,2026-01-05,C0149,P006,R007,2,0.0,95000,62000,190000,0.0,190000.0,124000,66000.0
ORD007995,2026-01-05,C0078,P009,R001,5,0.0,130000,85000,650000,0.0,650000.0,425000,225000.0
ORD002924,2026-01-05,C0271,P020,R009,4,0.0,22000,13000,88000,0.0,88000.0,52000,36000.0
ORD000004,2026-01-05,C0092,P014,R009,3,0.0,18000,10500,54000,0.0,54000.0,31500,22500.0
ORD003582,2026-01-05,C0227,P018,R009,3,0.05,90000,62000,270000,13500.0,256500.0,186000,70500.0
ORD005324,2026-01-06,C0088,P018,R005,3,0.1,90000,62000,270000,27000.0,243000.0,186000,57000.0
ORD005641,2026-01-06,C0228,P012,R006,6,0.0,125000,83000,750000,0.0,750000.0,498000,252000.0
ORD000539,2026-01-06,C0171,P001,R002,1,0.05,350000,245000,350000,17500.0,332500.0,245000,87500.0
ORD000691,2026-01-06,C0155,P006,R001,4,0.0,95000,62000,380000,0.0,380000.0,248000,132000.0
ORD006439,2026-01-06,C0096,P019,R002,5,0.1,45000,29000,225000,22500.0,202500.0,145000,57500.0
ORD001821,2026-01-06,C0059,P014,R004,2,0.0,18000,10500,36000,0.0,36000.0,21000,15000.0
ORD003561,2026-01-06,C0236,P012,R008,2,0.02,125000,83000,250000,5000.0,245000.0,166000,79000.0
ORD000590,2026-01-06,C0135,P013,R010,2,0.08,30000,18500,60000,4800.0,55200.0,37000,18200.0
ORD003547,2026-01-06,C0298,P006,R013,2,0.0,95000,62000,190000,0.0,190000.0,124000,66000.0
ORD006792,2026-01-06,C0182,P020,R004,1,0.02,22000,13000,22000,440.0,21560.0,13000,8560.0
ORD006040,2026-01-06,C0086,P002,R012,5,0.15,220000,155000,1100000,165000.0,935000.0,775000,160000.0
ORD003744,2026-01-06,C0219,P019,R012,1,0.02,45000,29000,45000,900.0,44100.0,29000,15100.0
ORD003416,2026-01-06,C0064,P009,R012,2,0.08,130000,85000,260000,20800.0,239200.0,170000,69200.0
ORD006227,2026-01-06,C0086,P005,R011,5,0.0,120000,84000,600000,0.0,600000.0,420000,180000.0
ORD006205,2026-01-06,C0119,P019,R010,1,0.0,45000,29000,45000,0.0,45000.0,29000,16000.0
ORD003199,2026-01-06,C0107,P015,R009,2,0.02,35000,21000,70000,1400.0,68600.0,42000,26600.0
ORD006766,2026-01-06,C0133,P016,R010,5,0.08,55000,35000,275000,22000.0,253000.0,175000,78000.0
ORD001117,2026-01-06,C0216,P019,R013,3,0.02,45000,29000,135000,2700.0,132300.0,87000,45300.0
ORD001923,2026-01-07,C0084,P016,R005,4,0.0,55000,35000,220000,0.0,220000.0,140000,80000.0
ORD003042,2026-01-07,C0185,P007,R009,2,0.05,180000,118000,360000,18000.0,342000.0,236000,106000.0
ORD005751,2026-01-07,C0270,P013,R013,2,0.15,30000,18500,60000,9000.0,51000.0,37000,14000.0
ORD005300,2026-01-07,C0036,P014,R011,5,0.08,18000,10500,90000,7200.0,82800.0,52500,30300.0
ORD005949,2026-01-07,C0124,P017,R009,8,0.0,75000,50000,600000,0.0,600000.0,400000,200000.0
ORD000767,2026-01-07,C0197,P011,R013,4,0.1,85000,57000,340000,34000.0,306000.0,228000,78000.0
ORD005574,2026-01-07,C0221,P013,R006,4,0.15,30000,18500,120000,18000.0,102000.0,74000,28000.0
ORD004584,2026-01-07,C0229,P006,R006,6,0.02,95000,62000,570000,11400.0,558600.0,372000,186600.0
ORD006198,2026-01-07,C0245,P020,R005,6,0.1,22000,13000,132000,13200.0,118800.0,78000,40800.0
ORD004017,2026-01-07,C0089,P010,R003,2,0.0,320000,215000,640000,0.0,640000.0,430000,210000.0
ORD006718,2026-01-07,C0251,P014,R002,1,0.0,18000,10500,18000,0.0,18000.0,10500,7500.0
ORD000203,2026-01-08,C0004,P017,R005,3,0.05,75000,50000,225000,11250.0,213750.0,150000,63750.0
ORD005663,2026-01-08,C0064,P017,R007,1,0.0,75000,50000,75000,0.0,75000.0,50000,25000.0
ORD005537,2026-01-08,C0276,P006,R007,1,0.05,95000,62000,95000,4750.0,90250.0,62000,28250.0
ORD001292,2026-01-08,C0166,P009,R013,4,0.1,130000,85000,520000,52000.0,468000.0,340000,128000.0
ORD000196,2026-01-08,C0136,P019,R008,4,0.05,45000,29000,180000,9000.0,171000.0,116000,55000.0
ORD007757,2026-01-08,C0180,P020,R004,1,0.1,22000,13000,22000,2200.0,19800.0,13000,6800.0
ORD002501,2026-01-08,C0287,P007,R011,3,0.08,180000,118000,540000,43200.0,496800.0,354000,142800.0
ORD004953,2026-01-08,C0100,P012,R008,3,0.0,125000,83000,375000,0.0,375000.0,249000,126000.0
ORD007169,2026-01-08,C0233,P002,R008,1,0.0,220000,155000,220000,0.0,220000.0,155000,65000.0
ORD005344,2026-01-08,C0257,P008,R012,2,0.0,110000,72000,220000,0.0,220000.0,144000,76000.0
ORD005325,2026-01-08,C0114,P015,R006,2,0.02,35000,21000,70000,1400.0,68600.0,42000,26600.0
ORD000305,2026-01-09,C0180,P005,R013,1,0.05,120000,84000,120000,6000.0,114000.0,84000,30000.0
ORD005536,2026-01-09,C0097,P008,R009,2,0.0,110000,72000,220000,0.0,220000.0,144000,76000.0
ORD001355,2026-01-09,C0196,P019,R002,3,0.1,45000,29000,135000,13500.0,121500.0,87000,34500.0
ORD001617,2026-01-09,C0124,P016,R007,1,0.05,55000,35000,55000,2750.0,52250.0,35000,17250.0
ORD006363,2026-01-09,C0080,P012,R012,1,0.08,125000,83000,125000,10000.0,115000.0,83000,32000.0
ORD005831,2026-01-09,C0159,P008,R006,10,0.05,110000,72000,1100000,55000.0,1045000.0,720000,325000.0
ORD004342,2026-01-09,C0047,P007,R009,2,0.15,180000,118000,360000,54000.0,306000.0,236000,70000.0
ORD000225,2026-01-09,C0042,P010,R007,3,0.1,320000,215000,960000,96000.0,864000.0,645000,219000.0
ORD007418,2026-01-09,C0096,P012,R009,6,0.02,125000,83000,750000,15000.0,735000.0,498000,237000.0
ORD000746,2026-01-09,C0062,P015,R011,1,0.15,35000,21000,35000,5250.0,29750.0,21000,8750.0
ORD003949,2026-01-09,C0203,P010,R004,3,0.2,320000,215000,960000,192000.0,768000.0,645000,123000.0
ORD001207,2026-01-10,C0251,P007,R001,2,0.1,180000,118000,360000,36000.0,324000.0,236000,88000.0
ORD007199,2026-01-10,C0195,P005,R013,3,0.05,120000,84000,360000,18000.0,342000.0,252000,90000.0
ORD001996,2026-01-10,C0209,P014,R002,4,0.0,18000,10500,72000,0.0,72000.0,42000,30000.0
ORD002153,2026-01-10,C0036,P015,R005,10,0.0,35000,21000,350000,0.0,350000.0,210000,140000.0
ORD003389,2026-01-10,C0240,P005,R004,3,0.15,120000,84000,360000,54000.0,306000.0,252000,54000.0
ORD005550,2026-01-10,C0265,P015,R003,2,0.05,35000,21000,70000,3500.0,66500.0,42000,24500.0
ORD003589,2026-01-10,C0093,P017,R011,5,0.05,75000,50000,375000,18750.0,356250.0,250000,106250.0
ORD005032,2026-01-10,C0059,P012,R010,2,0.1,125000,83000,250000,25000.0,225000.0,166000,59000.0
ORD003308,2026-01-10,C0004,P006,R013,5,0.05,95000,62000,475000,23750.0,451250.0,310000,141250.0
ORD007457,2026-01-10,C0039,P015,R005,3,0.1,35000,21000,105000,10500.0,94500.0,63000,31500.0
ORD002341,2026-01-10,C0288,P019,R005,5,0.02,45000,29000,225000,4500.0,220500.0,145000,75500.0
ORD004503,2026-01-10,C0098,P018,R004,3,0.2,90000,62000,270000,54000.0,216000.0,186000,30000.0
ORD002812,2026-01-10,C0155,P016,R008,3,0.08,55000,35000,165000,13200.0,151800.0,105000,46800.0
ORD001131,2026-01-10,C0103,P004,R009,1,0.0,140000,98000,140000,0.0,140000.0,98000,42000.0
ORD003808,2026-01-10,C0190,P016,R009,4,0.0,55000,35000,220000,0.0,220000.0,140000,80000.0
ORD006415,2026-01-10,C0006,P012,R005,1,0.02,125000,83000,125000,2500.0,122500.0,83000,39500.0
ORD006772,2026-01-11,C0212,P014,R005,2,0.0,18000,10500,36000,0.0,36000.0,21000,15000.0
ORD001319,2026-01-11,C0272,P010,R004,1,0.08,320000,215000,320000,25600.0,294400.0,215000,79400.0
ORD007279,2026-01-11,C0088,P005,R004,2,0.08,120000,84000,240000,19200.0,220800.0,168000,52800.0
ORD002005,2026-01-11,C0171,P008,R011,3,0.05,110000,72000,330000,16500.0,313500.0,216000,97500.0
ORD003848,2026-01-11,C0168,P006,R008,3,0.05,95000,62000,285000,14250.0,270750.0,186000,84750.0
ORD004091,2026-01-11,C0241,P011,R002,6,0.08,85000,57000,510000,40800.0,469200.0,342000,127200.0
ORD006468,2026-01-11,C0245,P009,R013,2,0.02,130000,85000,260000,5200.0,254800.0,170000,84800.0
ORD006338,2026-01-11,C0032,P018,R009,10,0.08,90000,62000,900000,72000.0,828000.0,620000,208000.0
ORD006726,2026-01-11,C0191,P013,R013,10,0.1,30000,18500,300000,30000.0,270000.0,185000,85000.0
ORD007086,2026-01-11,C0247,P003,R010,3,0.08,160000,112000,480000,38400.0,441600.0,336000,105600.0
ORD002807,2026-01-11,C0250,P003,R011,2,0.15,160000,112000,320000,48000.0,272000.0,224000,48000.0
ORD002192,2026-01-11,C0182,P007,R013,2,0.02,180000,118000,360000,7200.0,352800.0,236000,116800.0
ORD003768,2026-01-11,C0204,P018,R008,4,0.0,90000,62000,360000,0.0,360000.0,248000,112000.0
ORD004869,2026-01-11,C0159,P006,R004,3,0.08,95000,62000,285000,22800.0,262200.0,186000,76200.0
ORD004482,2026-01-11,C0037,P012,R010,4,0.05,125000,83000,500000,25000.0,475000.0,332000,143000.0
ORD000817,2026-01-11,C0083,P002,R012,2,0.0,220000,155000,440000,0.0,440000.0,310000,130000.0
ORD001859,2026-01-11,C0081,P008,R008,3,0.0,110000,72000,330000,0.0,330000.0,216000,114000.0
ORD000445,2026-01-11,C0202,P003,R009,4,0.08,160000,112000,640000,51200.0,588800.0,448000,140800.0
ORD003386,2026-01-11,C0059,P017,R012,3,0.05,75000,50000,225000,11250.0,213750.0,150000,63750.0
ORD000077,2026-01-11,C0131,P015,R013,2,0.0,35000,21000,70000,0.0,70000.0,42000,28000.0
ORD005453,2026-01-11,C0173,P020,R005,3,0.15,22000,13000,66000,9900.0,56100.0,39000,17100.0
ORD007727,2026-01-12,C0027,P020,R007,2,0.08,22000,13000,44000,3520.0,40480.0,26000,14480.0
ORD006020,2026-01-12,C0116,P001,R010,4,0.2,350000,245000,1400000,280000.0,1120000.0,980000,140000.0
ORD001706,2026-01-12,C0263,P009,R005,6,0.0,130000,85000,780000,0.0,780000.0,510000,270000.0
ORD004168,2026-01-12,C0229,P001,R008,2,0.02,350000,245000,700000,14000.0,686000.0,490000,196000.0
ORD006654,2026-01-12,C0134,P007,R004,8,0.2,180000,118000,1440000,288000.0,1152000.0,944000,208000.0
ORD002937,2026-01-12,C0010,P004,R003,1,0.15,140000,98000,140000,21000.0,119000.0,98000,21000.0
ORD000390,2026-01-12,C0025,P017,R009,1,0.15,75000,50000,75000,11250.0,63750.0,50000,13750.0
ORD002125,2026-01-12,C0035,P020,R012,2,0.0,22000,13000,44000,0.0,44000.0,26000,18000.0
ORD000809,2026-01-12,C0198,P014,R010,3,0.05,18000,10500,54000,2700.0,51300.0,31500,19800.0
ORD007931,2026-01-12,C0107,P005,R011,6,0.05,120000,84000,720000,36000.0,684000.0,504000,180000.0
ORD001927,2026-01-12,C0269,P005,R004,1,0.1,120000,84000,120000,12000.0,108000.0,84000,24000.0
ORD005169,2026-01-12,C0218,P008,R010,2,0.1,110000,72000,220000,22000.0,198000.0,144000,54000.0
ORD005034,2026-01-13,C0218,P017,R006,3,0.02,75000,50000,225000,4500.0,220500.0,150000,70500.0
ORD002758,2026-01-13,C0276,P016,R007,3,0.05,55000,35000,165000,8250.0,156750.0,105000,51750.0
ORD003211,2026-01-13,C0208,P019,R012,3,0.2,45000,29000,135000,27000.0,108000.0,87000,21000.0
ORD005289,2026-01-13,C0036,P015,R013,4,0.2,35000,21000,140000,28000.0,112000.0,84000,28000.0
ORD003621,2026-01-13,C0062,P016,R005,1,0.0,55000,35000,55000,0.0,55000.0,35000,20000.0
ORD001008,2026-01-13,C0130,P009,R005,5,0.02,130000,85000,650000,13000.0,637000.0,425000,212000.0
ORD001611,2026-01-13,C0277,P005,R001,4,0.02,120000,84000,480000,9600.0,470400.0,336000,134400.0
ORD000679,2026-01-13,C0097,P015,R009,5,0.05,35000,21000,175000,8750.0,166250.0,105000,61250.0
ORD002117,2026-01-13,C0132,P005,R010,4,0.08,120000,84000,480000,38400.0,441600.0,336000,105600.0
ORD004224,2026-01-13,C0298,P007,R003,2,0.08,180000,118000,360000,28800.0,331200.0,236000,95200.0
ORD002483,2026-01-13,C0295,P017,R004,4,0.15,75000,50000,300000,45000.0,255000.0,200000,55000.0
ORD000527,2026-01-13,C0107,P010,R008,1,0.0,320000,215000,320000,0.0,320000.0,215000,105000.0
ORD004967,2026-01-13,C0190,P016,R011,1,0.1,55000,35000,55000,5500.0,49500.0,35000,14500.0
ORD006953,2026-01-13,C0114,P010,R008,3,0.0,320000,215000,960000,0.0,960000.0,645000,315000.0
ORD001328,2026-01-13,C0207,P018,R013,2,0.05,90000,62000,180000,9000.0,171000.0,124000,47000.0
ORD006316,2026-01-14,C0082,P018,R006,10,0.08,90000,62000,900000,72000.0,828000.0,620000,208000.0
ORD004564,2026-01-14,C0153,P019,R007,1,0.0,45000,29000,45000,0.0,45000.0,29000,16000.0
ORD006535,2026-01-14,C0234,P010,R003,3,0.08,320000,215000,960000,76800.0,883200.0,645000,238200.0
ORD005376,2026-01-14,C0187,P020,R002,2,0.1,22000,13000,44000,4400.0,39600.0,26000,13600.0
ORD006911,2026-01-14,C0248,P011,R005,4,0.0,85000,57000,340000,0.0,340000.0,228000,112000.0
ORD006504,2026-01-14,C0269,P003,R007,2,0.05,160000,112000,320000,16000.0,304000.0,224000,80000.0
ORD005993,2026-01-14,C0211,P014,R006,2,0.02,18000,10500,36000,720.0,35280.0,21000,14280.0
ORD002226,2026-01-14,C0296,P011,R011,8,0.0,85000,57000,680000,0.0,680000.0,456000,224000.0
ORD005999,2026-01-14,C0194,P005,R008,3,0.05,120000,84000,360000,18000.0,342000.0,252000,90000.0
ORD001872,2026-01-14,C0016,P019,R005,1,0.0,45000,29000,45000,0.0,45000.0,29000,16000.0
ORD000457,2026-01-14,C0019,P006,R012,1,0.02,95000,62000,95000,1900.0,93100.0,62000,31100.0
ORD002933,2026-01-14,C0115,P010,R010,2,0.15,320000,215000,640000,96000.0,544000.0,430000,114000.0
ORD002726,2026-01-14,C0112,P001,R011,4,0.08,350000,245000,1400000,112000.0,1288000.0,980000,308000.0
ORD007470,2026-01-14,C0137,P017,R004,3,0.0,75000,50000,225000,0.0,225000.0,150000,75000.0
ORD006245,2026-01-14,C0195,P002,R006,1,0.05,220000,155000,220000,11000.0,209000.0,155000,54000.0
ORD002343,2026-01-15,C0215,P008,R011,6,0.0,110000,72000,660000,0.0,660000.0,432000,228000.0
ORD000827,2026-01-15,C0175,P001,R002,5,0.02,350000,245000,1750000,35000.0,1715000.0,1225000,490000.0
ORD002168,2026-01-15,C0060,P017,R011,8,0.05,75000,50000,600000,30000.0,570000.0,400000,170000.0
ORD003106,2026-01-15,C0099,P012,R009,3,0.08,125000,83000,375000,30000.0,345000.0,249000,96000.0
ORD006241,2026-01-15,C0244,P004,R003,3,0.05,140000,98000,420000,21000.0,399000.0,294000,105000.0
ORD003350,2026-01-15,C0139,P006,R012,1,0.2,95000,62000,95000,19000.0,76000.0,62000,14000.0
ORD000055,2026-01-15,C0161,P016,R010,1,0.0,55000,35000,55000,0.0,55000.0,35000,20000.0
ORD007324,2026-01-15,C0149,P011,R013,4,0.05,85000,57000,340000,17000.0,323000.0,228000,95000.0
ORD001508,2026-01-15,C0124,P017,R010,2,0.05,75000,50000,150000,7500.0,142500.0,100000,42500.0
ORD002065,2026-01-15,C0045,P016,R003,6,0.02,55000,35000,330000,6600.0,323400.0,210000,113400.0
ORD006858,2026-01-15,C0136,P011,R002,3,0.02,85000,57000,255000,5100.0,249900.0,171000,78900.0
ORD006282,2026-01-15,C0275,P011,R006,3,0.0,85000,57000,255000,0.0,255000.0,171000,84000.0
ORD005422,2026-01-15,C0158,P015,R003,5,0.0,35000,21000,175000,0.0,175000.0,105000,70000.0
ORD005216,2026-01-15,C0226,P019,R013,2,0.02,45000,29000,90000,1800.0,88200.0,58000,30200.0
ORD007180,2026-01-15,C0135,P012,R011,4,0.0,125000,83000,500000,0.0,500000.0,332000,168000.0
ORD000601,2026-01-15,C0191,P007,R009,4,0.05,180000,118000,720000,36000.0,684000.0,472000,212000.0
ORD004933,2026-01-15,C0025,P015,R002,3,0.02,35000,21000,105000,2100.0,102900.0,63000,39900.0
ORD001135,2026-01-16,C0116,P002,R004,1,0.0,220000,155000,220000,0.0,220000.0,155000,65000.0
ORD007980,2026-01-16,C0250,P006,R013,2,0.05,95000,62000,190000,9500.0,180500.0,124000,56500.0
ORD007666,2026-01-16,C0134,P008,R011,6,0.15,110000,72000,660000,99000.0,561000.0,432000,129000.0
ORD001464,2026-01-16,C0167,P001,R010,5,0.08,350000,245000,1750000,140000.0,1610000.0,1225000,385000.0
ORD001378,2026-01-16,C0278,P014,R011,10,0.0,18000,10500,180000,0.0,180000.0,105000,75000.0
ORD000634,2026-01-16,C0168,P009,R004,5,0.02,130000,85000,650000,13000.0,637000.0,425000,212000.0
ORD003857,2026-01-16,C0183,P015,R012,6,0.05,35000,21000,210000,10500.0,199500.0,126000,73500.0
ORD005881,2026-01-16,C0019,P002,R011,1,0.2,220000,155000,220000,44000.0,176000.0,155000,21000.0
ORD006801,2026-01-16,C0259,P014,R002,3,0.02,18000,10500,54000,1080.0,52920.0,31500,21420.0
ORD001712,2026-01-16,C0285,P015,R007,4,0.15,35000,21000,140000,21000.0,119000.0,84000,35000.0
ORD007220,2026-01-16,C0216,P011,R002,1,0.0,85000,57000,85000,0.0,85000.0,57000,28000.0
ORD003945,2026-01-16,C0117,P002,R008,2,0.05,220000,155000,440000,22000.0,418000.0,310000,108000.0
ORD000958,2026-01-16,C0130,P008,R003,3,0.05,110000,72000,330000,16500.0,313500.0,216000,97500.0
ORD004448,2026-01-16,C0155,P009,R004,4,0.05,130000,85000,520000,26000.0,494000.0,340000,154000.0
ORD006459,2026-01-16,C0194,P005,R007,5,0.02,120000,84000,600000,12000.0,588000.0,420000,168000.0
ORD001862,2026-01-16,C0234,P006,R003,1,0.05,95000,62000,95000,4750.0,90250.0,62000,28250.0
ORD003718,2026-01-16,C0162,P013,R001,1,0.08,30000,18500,30000,2400.0,27600.0,18500,9100.0
ORD001241,2026-01-16,C0142,P019,R010,1,0.05,45000,29000,45000,2250.0,42750.0,29000,13750.0
ORD004149,2026-01-16,C0230,P004,R005,5,0.05,140000,98000,700000,35000.0,665000.0,490000,175000.0
ORD007004,2026-01-16,C0263,P017,R012,4,0.0,75000,50000,300000,0.0,300000.0,200000,100000.0
ORD004100,2026-01-16,C0140,P017,R003,5,0.05,75000,50000,375000,18750.0,356250.0,250000,106250.0
ORD007910,2026-01-16,C0163,P020,R010,2,0.02,22000,13000,44000,880.0,43120.0,26000,17120.0
ORD006454,2026-01-17,C0177,P003,R002,4,0.0,160000,112000,640000,0.0,640000.0,448000,192000.0
ORD007019,2026-01-17,C0034,P006,R001,3,0.05,95000,62000,285000,14250.0,270750.0,186000,84750.0
ORD005044,2026-01-17,C0275,P019,R006,8,0.02,45000,29000,360000,7200.0,352800.0,232000,120800.0
ORD003064,2026-01-17,C0144,P020,R006,6,0.0,22000,13000,132000,0.0,132000.0,78000,54000.0
ORD001490,2026-01-17,C0021,P018,R013,5,0.0,90000,62000,450000,0.0,450000.0,310000,140000.0
ORD001608,2026-01-17,C0125,P010,R010,3,0.0,320000,215000,960000,0.0,960000.0,645000,315000.0
ORD006960,2026-01-17,C0287,P005,R011,2,0.05,120000,84000,240000,12000.0,228000.0,168000,60000.0
ORD001918,2026-01-17,C0048,P011,R003,1,0.0,85000,57000,85000,0.0,85000.0,57000,28000.0
ORD000982,2026-01-17,C0117,P020,R010,2,0.0,22000,13000,44000,0.0,44000.0,26000,18000.0
ORD002724,2026-01-17,C0104,P017,R006,1,0.08,75000,50000,75000,6000.0,69000.0,50000,19000.0
ORD006447,2026-01-17,C0253,P012,R011,4,0.08,125000,83000,500000,40000.0,460000.0,332000,128000.0
ORD007959,2026-01-17,C0137,P004,R001,2,0.2,140000,98000,280000,56000.0,224000.0,196000,28000.0
ORD001107,2026-01-17,C0289,P015,R002,2,0.15,35000,21000,70000,10500.0,59500.0,42000,17500.0
ORD002082,2026-01-17,C0221,P002,R013,1,0.1,220000,155000,220000,22000.0,198000.0,155000,43000.0
ORD003753,2026-01-17,C0290,P001,R011,1,0.05,350000,245000,350000,17500.0,332500.0,245000,87500.0
ORD006738,2026-01-17,C0253,P003,R004,6,0.02,160000,112000,960000,19200.0,940800.0,672000,268800.0
ORD005211,2026-01-17,C0115,P016,R010,8,0.08,55000,35000,440000,35200.0,404800.0,280000,124800.0
ORD007424,2026-01-17,C0036,P013,R013,3,0.0,30000,18500,90000,0.0,90000.0,55500,34500.0
ORD007258,2026-01-17,C0136,P016,R004,10,0.05,55000,35000,550000,27500.0,522500.0,350000,172500.0
ORD004231,2026-01-18,C0292,P002,R003,6,0.1,220000,155000,1320000,132000.0,1188000.0,930000,258000.0
ORD003385,2026-01-18,C0130,P002,R008,2,0.08,220000,155000,440000,35200.0,404800.0,310000,94800.0
ORD007384,2026-01-18,C0162,P019,R001,8,0.08,45000,29000,360000,28800.0,331200.0,232000,99200.0
ORD001069,2026-01-18,C0261,P014,R013,2,0.02,18000,10500,36000,720.0,35280.0,21000,14280.0
ORD001856,2026-01-18,C0031,P011,R013,2,0.05,85000,57000,170000,8500.0,161500.0,114000,47500.0
ORD004195,2026-01-18,C0244,P002,R004,2,0.0,220000,155000,440000,0.0,440000.0,310000,130000.0
ORD006110,2026-01-18,C0125,P007,R003,3,0.02,180000,118000,540000,10800.0,529200.0,354000,175200.0
ORD003477,2026-01-18,C0129,P017,R010,1,0.05,75000,50000,75000,3750.0,71250.0,50000,21250.0
ORD004544,2026-01-18,C0168,P001,R003,8,0.02,350000,245000,2800000,56000.0,2744000.0,1960000,784000.0
ORD002233,2026-01-18,C0105,P016,R005,10,0.02,55000,35000,550000,11000.0,539000.0,350000,189000.0
ORD007444,2026-01-18,C0233,P005,R009,5,0.0,120000,84000,600000,0.0,600000.0,420000,180000.0
ORD007609,2026-01-18,C0123,P011,R005,2,0.0,85000,57000,170000,0.0,170000.0,114000,56000.0
ORD003273,2026-01-18,C0086,P020,R009,10,0.02,22000,13000,220000,4400.0,215600.0,130000,85600.0
ORD004578,2026-01-18,C0023,P018,R012,2,0.0,90000,62000,180000,0.0,180000.0,124000,56000.0
ORD005860,2026-01-18,C0073,P020,R003,2,0.05,22000,13000,44000,2200.0,41800.0,26000,15800.0
ORD000103,2026-01-19,C0122,P013,R002,6,0.15,30000,18500,180000,27000.0,153000.0,111000,42000.0
ORD003899,2026-01-19,C0162,P008,R010,5,0.05,110000,72000,550000,27500.0,522500.0,360000,162500.0
ORD006655,2026-01-19,C0208,P012,R012,1,0.08,125000,83000,125000,10000.0,115000.0,83000,32000.0
ORD007174,2026-01-19,C0095,P020,R004,2,0.0,22000,13000,44000,0.0,44000.0,26000,18000.0
ORD003707,2026-01-19,C0220,P013,R013,1,0.08,30000,18500,30000,2400.0,27600.0,18500,9100.0
ORD004715,2026-01-19,C0004,P019,R006,3,0.1,45000,29000,135000,13500.0,121500.0,87000,34500.0
ORD004511,2026-01-19,C0185,P006,R006,5,0.1,95000,62000,475000,47500.0,427500.0,310000,117500.0
ORD007490,2026-01-19,C0127,P005,R011,5,0.15,120000,84000,600000,90000.0,510000.0,420000,90000.0
ORD003125,2026-01-19,C0203,P001,R011,6,0.0,350000,245000,2100000,0.0,2100000.0,1470000,630000.0
ORD002710,2026-01-19,C0065,P002,R009,5,0.0,220000,155000,1100000,0.0,1100000.0,775000,325000.0
ORD001204,2026-01-19,C0076,P017,R010,1,0.0,75000,50000,75000,0.0,75000.0,50000,25000.0
ORD007635,2026-01-19,C0049,P013,R003,6,0.0,30000,18500,180000,0.0,180000.0,111000,69000.0
ORD005308,2026-01-19,C0049,P014,R004,2,0.08,18000,10500,36000,2880.0,33120.0,21000,12120.0
ORD005764,2026-01-19,C0199,P012,R005,4,0.05,125000,83000,500000,25000.0,475000.0,332000,143000.0
ORD003202,2026-01-19,C0216,P011,R006,4,0.02,85000,57000,340000,6800.0,333200.0,228000,105200.0
ORD002327,2026-01-19,C0127,P007,R001,4,0.08,180000,118000,720000,57600.0,662400.0,472000,190400.0
ORD006063,2026-01-19,C0033,P013,R011,1,0.0,30000,18500,30000,0.0,30000.0,18500,11500.0
ORD001822,2026-01-19,C0213,P003,R004,3,0.08,160000,112000,480000,38400.0,441600.0,336000,105600.0
ORD003515,2026-01-19,C0208,P013,R007,1,0.1,30000,18500,30000,3000.0,27000.0,18500,8500.0
ORD002999,2026-01-20,C0123,P020,R007,6,0.0,22000,13000,132000,0.0,132000.0,78000,54000.0
ORD000238,2026-01-20,C0068,P014,R002,8,0.1,18000,10500,144000,14400.0,129600.0,84000,45600.0
ORD006767,2026-01-20,C0139,P014,R011,2,0.0,18000,10500,36000,0.0,36000.0,21000,15000.0
ORD001317,2026-01-20,C0064,P008,R002,2,0.0,110000,72000,220000,0.0,220000.0,144000,76000.0
ORD001577,2026-01-20,C0196,P009,R006,10,0.05,130000,85000,1300000,65000.0,1235000.0,850000,385000.0
ORD002239,2026-01-20,C0032,P006,R004,6,0.05,95000,62000,570000,28500.0,541500.0,372000,169500.0
ORD007364,2026-01-20,C0294,P004,R009,1,0.08,140000,98000,140000,11200.0,128800.0,98000,30800.0
ORD003668,2026-01-20,C0062,P009,R007,2,0.02,130000,85000,260000,5200.0,254800.0,170000,84800.0
ORD006390,2026-01-20,C0247,P005,R007,1,0.02,120000,84000,120000,2400.0,117600.0,84000,33600.0
ORD000639,2026-01-21,C0208,P020,R013,4,0.15,22000,13000,88000,13200.0,74800.0,52000,22800.0
ORD006034,2026-01-21,C0236,P004,R001,4,0.05,140000,98000,560000,28000.0,532000.0,392000,140000.0
ORD001018,2026-01-21,C0130,P019,R012,4,0.0,45000,29000,180000,0.0,180000.0,116000,64000.0
ORD001524,2026-01-21,C0062,P014,R013,10,0.15,18000,10500,180000,27000.0,153000.0,105000,48000.0
ORD001891,2026-01-21,C0276,P009,R009,3,0.02,130000,85000,390000,7800.0,382200.0,255000,127200.0
ORD003191,2026-01-21,C0098,P002,R004,8,0.08,220000,155000,1760000,140800.0,1619200.0,1240000,379200.0
ORD000550,2026-01-21,C0059,P013,R010,2,0.0,30000,18500,60000,0.0,60000.0,37000,23000.0
ORD003929,2026-01-21,C0239,P016,R010,2,0.15,55000,35000,110000,16500.0,93500.0,70000,23500.0
ORD000348,2026-01-21,C0273,P012,R009,2,0.1,125000,83000,250000,25000.0,225000.0,166000,59000.0
ORD003975,2026-01-21,C0144,P016,R009,1,0.08,55000,35000,55000,4400.0,50600.0,35000,15600.0
ORD006706,2026-01-21,C0169,P004,R005,2,0.02,140000,98000,280000,5600.0,274400.0,196000,78400.0
ORD007146,2026-01-21,C0041,P008,R003,1,0.05,110000,72000,110000,5500.0,104500.0,72000,32500.0
ORD004624,2026-01-21,C0112,P007,R003,1,0.0,180000,118000,180000,0.0,180000.0,118000,62000.0
ORD005841,2026-01-21,C0107,P015,R011,4,0.05,35000,21000,140000,7000.0,133000.0,84000,49000.0
ORD004565,2026-01-22,C0080,P006,R005,2,0.05,95000,62000,190000,9500.0,180500.0,124000,56500.0
ORD007651,2026-01-22,C0199,P020,R002,6,0.05,22000,13000,132000,6600.0,125400.0,78000,47400.0
ORD004603,2026-01-22,C0174,P017,R003,1,0.0,75000,50000,75000,0.0,75000.0,50000,25000.0
ORD001892,2026-01-22,C0239,P004,R012,2,0.05,140000,98000,280000,14000.0,266000.0,196000,70000.0
ORD003102,2026-01-22,C0196,P007,R008,1,0.1,180000,118000,180000,18000.0,162000.0,118000,44000.0
ORD000168,2026-01-22,C0249,P004,R006,4,0.0,140000,98000,560000,0.0,560000.0,392000,168000.0
ORD001005,2026-01-22,C0071,P003,R006,3,0.02,160000,112000,480000,9600.0,470400.0,336000,134400.0
ORD007704,2026-01-22,C0182,P006,R002,2,0.0,95000,62000,190000,0.0,190000.0,124000,66000.0
ORD002968,2026-01-22,C0086,P004,R006,6,0.02,140000,98000,840000,16800.0,823200.0,588000,235200.0
ORD006758,2026-01-22,C0182,P006,R006,5,0.0,95000,62000,475000,0.0,475000.0,310000,165000.0
ORD002130,2026-01-22,C0179,P004,R010,2,0.02,140000,98000,280000,5600.0,274400.0,196000,78400.0
ORD000988,2026-01-22,C0287,P002,R008,1,0.05,220000,155000,220000,11000.0,209000.0,155000,54000.0
ORD006642,2026-01-22,C0228,P006,R009,1,0.05,95000,62000,95000,4750.0,90250.0,62000,28250.0
ORD006045,2026-01-22,C0146,P010,R013,3,0.05,320000,215000,960000,48000.0,912000.0,645000,267000.0
ORD005611,2026-01-22,C0254,P002,R002,1,0.05,220000,155000,220000,11000.0,209000.0,155000,54000.0
ORD007579,2026-01-22,C0182,P011,R003,3,0.15,85000,57000,255000,38250.0,216750.0,171000,45750.0
ORD002475,2026-01-22,C0103,P011,R009,2,0.1,85000,57000,170000,17000.0,153000.0,114000,39000.0
ORD004972,2026-01-22,C0181,P009,R010,4,0.0,130000,85000,520000,0.0,520000.0,340000,180000.0
ORD004255,2026-01-22,C0021,P008,R001,2,0.08,110000,72000,220000,17600.0,202400.0,144000,58400.0
ORD006889,2026-01-22,C0166,P008,R002,6,0.15,110000,72000,660000,99000.0,561000.0,432000,129000.0
ORD002867,2026-01-22,C0122,P010,R008,6,0.05,320000,215000,1920000,96000.0,1824000.0,1290000,534000.0
ORD007622,2026-01-22,C0096,P018,R012,5,0.05,90000,62000,450000,22500.0,427500.0,310000,117500.0
ORD004966,2026-01-22,C0021,P004,R006,4,0.02,140000,98000,560000,11200.0,548800.0,392000,156800.0
ORD007541,2026-01-22,C0050,P011,R009,1,0.05,85000,57000,85000,4250.0,80750.0,57000,23750.0
ORD003467,2026-01-22,C0127,P007,R006,2,0.08,180000,118000,360000,28800.0,331200.0,236000,95200.0
ORD005311,2026-01-22,C0189,P006,R009,4,0.02,95000,62000,380000,7600.0,372400.0,248000,124400.0
ORD005784,2026-01-23,C0031,P007,R013,4,0.15,180000,118000,720000,108000.0,612000.0,472000,140000.0
ORD003773,2026-01-23,C0110,P001,R005,6,0.05,350000,245000,2100000,105000.0,1995000.0,1470000,525000.0
ORD007537,2026-01-23,C0224,P014,R006,1,0.2,18000,10500,18000,3600.0,14400.0,10500,3900.0
ORD003702,2026-01-23,C0211,P013,R012,3,0.0,30000,18500,90000,0.0,90000.0,55500,34500.0
ORD006173,2026-01-23,C0103,P011,R005,3,0.0,85000,57000,255000,0.0,255000.0,171000,84000.0
ORD005348,2026-01-23,C0178,P012,R010,1,0.0,125000,83000,125000,0.0,125000.0,83000,42000.0
ORD003889,2026-01-23,C0261,P004,R002,8,0.02,140000,98000,1120000,22400.0,1097600.0,784000,313600.0
ORD002190,2026-01-23,C0191,P005,R004,2,0.0,120000,84000,240000,0.0,240000.0,168000,72000.0
ORD004458,2026-01-23,C0131,P010,R005,2,0.05,320000,215000,640000,32000.0,608000.0,430000,178000.0
ORD003214,2026-01-23,C0263,P011,R013,1,0.08,85000,57000,85000,6800.0,78200.0,57000,21200.0
ORD003479,2026-01-23,C0241,P012,R008,1,0.0,125000,83000,125000,0.0,125000.0,83000,42000.0
ORD003732,2026-01-23,C0280,P006,R006,1,0.1,95000,62000,95000,9500.0,85500.0,62000,23500.0
ORD000267,2026-01-24,C0112,P018,R008,1,0.05,90000,62000,90000,4500.0,85500.0,62000,23500.0
ORD007138,2026-01-24,C0287,P010,R006,5,0.0,320000,215000,1600000,0.0,1600000.0,1075000,525000.0
ORD006437,2026-01-24,C0274,P015,R008,4,0.05,35000,21000,140000,7000.0,133000.0,84000,49000.0
ORD005395,2026-01-24,C0292,P013,R006,8,0.15,30000,18500,240000,36000.0,204000.0,148000,56000.0
ORD006027,2026-01-24,C0143,P007,R006,4,0.1,180000,118000,720000,72000.0,648000.0,472000,176000.0
ORD000813,2026-01-24,C0212,P008,R001,1,0.0,110000,72000,110000,0.0,110000.0,72000,38000.0
ORD004581,2026-01-24,C0276,P001,R011,6,0.08,350000,245000,2100000,168000.0,1932000.0,1470000,462000.0
ORD003021,2026-01-24,C0109,P005,R008,5,0.05,120000,84000,600000,30000.0,570000.0,420000,150000.0
ORD005612,2026-01-24,C0130,P018,R005,10,0.1,90000,62000,900000,90000.0,810000.0,620000,190000.0
ORD005673,2026-01-24,C0285,P011,R013,8,0.05,85000,57000,680000,34000.0,646000.0,456000,190000.0
ORD005790,2026-01-24,C0261,P012,R011,5,0.05,125000,83000,625000,31250.0,593750.0,415000,178750.0
ORD001480,2026-01-25,C0171,P010,R003,6,0.0,320000,215000,1920000,0.0,1920000.0,1290000,630000.0
ORD002598,2026-01-25,C0283,P005,R001,4,0.05,120000,84000,480000,24000.0,456000.0,336000,120000.0
ORD004198,2026-01-25,C0192,P019,R004,6,0.08,45000,29000,270000,21600.0,248400.0,174000,74400.0
ORD005035,2026-01-25,C0055,P006,R003,1,0.0,95000,62000,95000,0.0,95000.0,62000,33000.0
ORD002402,2026-01-25,C0253,P016,R007,4,0.0,55000,35000,220000,0.0,220000.0,140000,80000.0
ORD002973,2026-01-25,C0020,P014,R010,2,0.02,18000,10500,36000,720.0,35280.0,21000,14280.0
ORD000217,2026-01-25,C0282,P008,R009,1,0.02,110000,72000,110000,2200.0,107800.0,72000,35800.0
ORD001074,2026-01-25,C0224,P003,R006,4,0.08,160000,112000,640000,51200.0,588800.0,448000,140800.0
ORD002796,2026-01-25,C0235,P003,R005,2,0.05,160000,112000,320000,16000.0,304000.0,224000,80000.0
ORD005806,2026-01-25,C0070,P015,R007,5,0.0,35000,21000,175000,0.0,175000.0,105000,70000.0
ORD003699,2026-01-25,C0063,P001,R004,5,0.1,350000,245000,1750000,175000.0,1575000.0,1225000,350000.0
ORD007259,2026-01-25,C0248,P011,R009,2,0.05,85000,57000,170000,8500.0,161500.0,114000,47500.0
ORD004642,2026-01-25,C0154,P014,R012,4,0.15,18000,10500,72000,10800.0,61200.0,42000,19200.0
ORD006681,2026-01-25,C0263,P005,R011,3,0.02,120000,84000,360000,7200.0,352800.0,252000,100800.0
ORD003443,2026-01-25,C0278,P009,R006,4,0.15,130000,85000,520000,78000.0,442000.0,340000,102000.0
ORD002568,2026-01-25,C0066,P013,R004,2,0.15,30000,18500,60000,9000.0,51000.0,37000,14000.0
ORD003540,2026-01-25,C0033,P020,R003,2,0.08,22000,13000,44000,3520.0,40480.0,26000,14480.0
ORD004782,2026-01-26,C0246,P017,R009,2,0.08,75000,50000,150000,12000.0,138000.0,100000,38000.0
ORD004754,2026-01-26,C0209,P018,R003,6,0.0,90000,62000,540000,0.0,540000.0,372000,168000.0
ORD004147,2026-01-26,C0297,P015,R006,10,0.0,35000,21000,350000,0.0,350000.0,210000,140000.0
ORD000476,2026-01-26,C0037,P007,R009,1,0.08,180000,118000,180000,14400.0,165600.0,118000,47600.0
ORD000606,2026-01-26,C0157,P015,R008,1,0.0,35000,21000,35000,0.0,35000.0,21000,14000.0
ORD001852,2026-01-26,C0120,P015,R003,5,0.05,35000,21000,175000,8750.0,166250.0,105000,61250.0
ORD001590,2026-01-26,C0084,P006,R005,4,0.05,95000,62000,380000,19000.0,361000.0,248000,113000.0
ORD007966,2026-01-26,C0083,P011,R009,1,0.15,85000,57000,85000,12750.0,72250.0,57000,15250.0
ORD002705,2026-01-26,C0047,P009,R002,4,0.08,130000,85000,520000,41600.0,478400.0,340000,138400.0
ORD002494,2026-01-26,C0068,P002,R005,2,0.02,220000,155000,440000,8800.0,431200.0,310000,121200.0
ORD005787,2026-01-26,C0293,P020,R013,3,0.0,22000,13000,66000,0.0,66000.0,39000,27000.0
ORD000760,2026-01-26,C0185,P018,R005,6,0.05,90000,62000,540000,27000.0,513000.0,372000,141000.0
ORD002842,2026-01-26,C0271,P016,R004,4,0.02,55000,35000,220000,4400.0,215600.0,140000,75600.0
ORD007491,2026-01-26,C0058,P005,R008,4,0.08,120000,84000,480000,38400.0,441600.0,336000,105600.0
ORD006491,2026-01-27,C0238,P007,R010,1,0.15,180000,118000,180000,27000.0,153000.0,118000,35000.0
ORD002853,2026-01-27,C0213,P015,R001,2,0.08,35000,21000,70000,5600.0,64400.0,42000,22400.0
ORD002185,2026-01-27,C0204,P013,R002,1,0.1,30000,18500,30000,3000.0,27000.0,18500,8500.0
ORD006448,2026-01-27,C0230,P001,R007,3,0.0,350000,245000,1050000,0.0,1050000.0,735000,315000.0
ORD006376,2026-01-27,C0221,P015,R010,5,0.0,35000,21000,175000,0.0,175000.0,105000,70000.0
ORD005271,2026-01-27,C0065,P009,R011,4,0.08,130000,85000,520000,41600.0,478400.0,340000,138400.0
ORD005002,2026-01-27,C0232,P007,R003,8,0.05,180000,118000,1440000,72000.0,1368000.0,944000,424000.0
ORD000414,2026-01-27,C0280,P003,R010,5,0.1,160000,112000,800000,80000.0,720000.0,560000,160000.0
ORD001470,2026-01-27,C0248,P002,R012,4,0.0,220000,155000,880000,0.0,880000.0,620000,260000.0
ORD001034,2026-01-27,C0021,P006,R011,8,0.08,95000,62000,760000,60800.0,699200.0,496000,203200.0
ORD003221,2026-01-27,C0256,P007,R004,2,0.05,180000,118000,360000,18000.0,342000.0,236000,106000.0
ORD004621,2026-01-27,C0213,P008,R009,5,0.2,110000,72000,550000,110000.0,440000.0,360000,80000.0
ORD001971,2026-01-28,C0094,P008,R010,1,0.1,110000,72000,110000,11000.0,99000.0,72000,27000.0
ORD005390,2026-01-28,C0207,P002,R004,2,0.15,220000,155000,440000,66000.0,374000.0,310000,64000.0
ORD006818,2026-01-28,C0023,P005,R007,5,0.0,120000,84000,600000,0.0,600000.0,420000,180000.0
ORD002526,2026-01-28,C0069,P003,R007,5,0.05,160000,112000,800000,40000.0,760000.0,560000,200000.0
ORD007109,2026-01-28,C0122,P002,R006,1,0.05,220000,155000,220000,11000.0,209000.0,155000,54000.0
ORD000012,2026-01-28,C0247,P011,R001,1,0.02,85000,57000,85000,1700.0,83300.0,57000,26300.0
ORD000134,2026-01-28,C0139,P018,R010,6,0.08,90000,62000,540000,43200.0,496800.0,372000,124800.0
ORD001697,2026-01-28,C0091,P016,R012,3,0.15,55000,35000,165000,24750.0,140250.0,105000,35250.0
ORD003783,2026-01-28,C0031,P017,R011,4,0.15,75000,50000,300000,45000.0,255000.0,200000,55000.0
ORD007731,2026-01-28,C0066,P015,R001,2,0.15,35000,21000,70000,10500.0,59500.0,42000,17500.0
ORD003423,2026-01-28,C0182,P002,R013,3,0.0,220000,155000,660000,0.0,660000.0,465000,195000.0
ORD005850,2026-01-28,C0115,P005,R002,1,0.15,120000,84000,120000,18000.0,102000.0,84000,18000.0
ORD006008,2026-01-28,C0033,P014,R005,2,0.02,18000,10500,36000,720.0,35280.0,21000,14280.0
ORD006775,2026-01-28,C0252,P018,R001,4,0.0,90000,62000,360000,0.0,360000.0,248000,112000.0
ORD007219,2026-01-28,C0159,P019,R005,1,0.02,45000,29000,45000,900.0,44100.0,29000,15100.0
ORD001554,2026-01-28,C0248,P001,R012,1,0.1,350000,245000,350000,35000.0,315000.0,245000,70000.0
ORD005988,2026-01-28,C0260,P010,R006,4,0.0,320000,215000,1280000,0.0,1280000.0,860000,420000.0
ORD005931,2026-01-29,C0089,P004,R001,1,0.08,140000,98000,140000,11200.0,128800.0,98000,30800.0
ORD006495,2026-01-29,C0262,P014,R012,2,0.0,18000,10500,36000,0.0,36000.0,21000,15000.0
ORD006525,2026-01-29,C0210,P009,R010,1,0.1,130000,85000,130000,13000.0,117000.0,85000,32000.0
ORD005651,2026-01-29,C0106,P007,R009,4,0.15,180000,118000,720000,108000.0,612000.0,472000,140000.0
ORD000373,2026-01-29,C0080,P004,R009,2,0.0,140000,98000,280000,0.0,280000.0,196000,84000.0
ORD002541,2026-01-29,C0039,P012,R008,3,0.02,125000,83000,375000,7500.0,367500.0,249000,118500.0
ORD005719,2026-01-29,C0221,P005,R007,5,0.05,120000,84000,600000,30000.0,570000.0,420000,150000.0
ORD006816,2026-01-29,C0133,P014,R002,3,0.08,18000,10500,54000,4320.0,49680.0,31500,18180.0
ORD005265,2026-01-29,C0216,P002,R010,4,0.15,220000,155000,880000,132000.0,748000.0,620000,128000.0
ORD000913,2026-01-29,C0132,P019,R012,4,0.0,45000,29000,180000,0.0,180000.0,116000,64000.0
ORD006308,2026-01-29,C0231,P006,R003,4,0.0,95000,62000,380000,0.0,380000.0,248000,132000.0
ORD000080,2026-01-29,C0095,P005,R013,5,0.1,120000,84000,600000,60000.0,540000.0,420000,120000.0
ORD001153,2026-01-30,C0183,P010,R008,1,0.05,320000,215000,320000,16000.0,304000.0,215000,89000.0
ORD001020,2026-01-30,C0115,P014,R004,2,0.08,18000,10500,36000,2880.0,33120.0,21000,12120.0
ORD003193,2026-01-30,C0047,P014,R005,5,0.05,18000,10500,90000,4500.0,85500.0,52500,33000.0
ORD000874,2026-01-30,C0275,P017,R011,3,0.05,75000,50000,225000,11250.0,213750.0,150000,63750.0
ORD002261,2026-01-30,C0141,P007,R003,5,0.1,180000,118000,900000,90000.0,810000.0,590000,220000.0
ORD007353,2026-01-30,C0078,P014,R010,2,0.05,18000,10500,36000,1800.0,34200.0,21000,13200.0
ORD001928,2026-01-30,C0047,P006,R003,3,0.0,95000,62000,285000,0.0,285000.0,186000,99000.0
ORD005522,2026-01-30,C0082,P005,R003,3,0.05,120000,84000,360000,18000.0,342000.0,252000,90000.0
ORD006186,2026-01-30,C0223,P015,R010,6,0.02,35000,21000,210000,4200.0,205800.0,126000,79800.0
ORD001540,2026-01-30,C0115,P007,R003,2,0.08,180000,118000,360000,28800.0,331200.0,236000,95200.0
ORD002183,2026-01-30,C0072,P009,R005,4,0.2,130000,85000,520000,104000.0,416000.0,340000,76000.0
ORD006723,2026-01-30,C0249,P002,R012,5,0.08,220000,155000,1100000,88000.0,1012000.0,775000,237000.0
ORD000109,2026-01-31,C0127,P009,R001,3,0.08,130000,85000,390000,31200.0,358800.0,255000,103800.0
ORD006215,2026-01-31,C0183,P015,R009,1,0.08,35000,21000,35000,2800.0,32200.0,21000,11200.0
ORD006404,2026-01-31,C0099,P001,R007,1,0.05,350000,245000,350000,17500.0,332500.0,245000,87500.0
ORD006578,2026-01-31,C0072,P018,R008,2,0.08,90000,62000,180000,14400.0,165600.0,124000,41600.0
ORD007567,2026-01-31,C0116,P004,R010,5,0.15,140000,98000,700000,105000.0,595000.0,490000,105000.0
ORD006552,2026-01-31,C0239,P007,R002,1,0.05,180000,118000,180000,9000.0,171000.0,118000,53000.0
ORD000642,2026-01-31,C0255,P014,R001,2,0.05,18000,10500,36000,1800.0,34200.0,21000,13200.0
ORD005521,2026-01-31,C0154,P005,R001,6,0.2,120000,84000,720000,144000.0,576000.0,504000,72000.0
ORD000517,2026-01-31,C0069,P017,R010,10,0.05,75000,50000,750000,37500.0,712500.0,500000,212500.0
ORD003198,2026-01-31,C0037,P011,R006,2,0.15,85000,57000,170000,25500.0,144500.0,114000,30500.0
ORD004008,2026-01-31,C0054,P012,R006,3,0.1,125000,83000,375000,37500.0,337500.0,249000,88500.0
ORD000097,2026-01-31,C0293,P014,R007,4,0.2,18000,10500,72000,14400.0,57600.0,42000,15600.0
ORD005493,2026-01-31,C0288,P004,R001,10,0.1,140000,98000,1400000,140000.0,1260000.0,980000,280000.0
ORD006163,2026-01-31,C0218,P007,R002,1,0.05,180000,118000,180000,9000.0,171000.0,118000,53000.0
ORD006963,2026-01-31,C0166,P018,R007,1,0.05,90000,62000,90000,4500.0,85500.0,62000,23500.0
ORD005175,2026-01-31,C0152,P004,R011,2,0.15,140000,98000,280000,42000.0,238000.0,196000,42000.0
ORD006734,2026-01-31,C0184,P010,R003,1,0.05,320000,215000,320000,16000.0,304000.0,215000,89000.0
ORD006476,2026-01-31,C0050,P003,R012,4,0.1,160000,112000,640000,64000.0,576000.0,448000,128000.0
ORD004261,2026-01-31,C0174,P003,R010,1,0.02,160000,112000,160000,3200.0,156800.0,112000,44800.0
ORD005718,2026-02-01,C0165,P013,R004,2,0.0,30000,18500,60000,0.0,60000.0,37000,23000.0
ORD005116,2026-02-01,C0195,P019,R002,5,0.02,45000,29000,225000,4500.0,220500.0,145000,75500.0
ORD007375,2026-02-01,C0266,P018,R006,2,0.1,90000,62000,180000,18000.0,162000.0,124000,38000.0
ORD000786,2026-02-01,C0234,P006,R009,1,0.0,95000,62000,95000,0.0,95000.0,62000,33000.0
ORD001247,2026-02-01,C0226,P005,R001,2,0.0,120000,84000,240000,0.0,240000.0,168000,72000.0
ORD004991,2026-02-01,C0058,P008,R003,1,0.02,110000,72000,110000,2200.0,107800.0,72000,35800.0
ORD002088,2026-02-01,C0117,P020,R010,6,0.0,22000,13000,132000,0.0,132000.0,78000,54000.0
ORD001549,2026-02-01,C0010,P003,R012,2,0.08,160000,112000,320000,25600.0,294400.0,224000,70400.0
ORD000094,2026-02-01,C0029,P009,R013,10,0.05,130000,85000,1300000,65000.0,1235000.0,850000,385000.0
ORD005865,2026-02-01,C0287,P014,R003,8,0.05,18000,10500,144000,7200.0,136800.0,84000,52800.0
ORD001643,2026-02-01,C0105,P015,R002,4,0.0,35000,21000,140000,0.0,140000.0,84000,56000.0
ORD000063,2026-02-01,C0240,P015,R011,2,0.05,35000,21000,70000,3500.0,66500.0,42000,24500.0
ORD002439,2026-02-01,C0047,P010,R004,1,0.0,320000,215000,320000,0.0,320000.0,215000,105000.0
ORD007907,2026-02-01,C0140,P012,R007,4,0.05,125000,83000,500000,25000.0,475000.0,332000,143000.0
ORD000971,2026-02-01,C0108,P001,R004,2,0.05,350000,245000,700000,35000.0,665000.0,490000,175000.0
ORD003728,2026-02-02,C0210,P012,R006,10,0.08,125000,83000,1250000,100000.0,1150000.0,830000,320000.0
ORD006090,2026-02-02,C0233,P008,R001,3,0.1,110000,72000,330000,33000.0,297000.0,216000,81000.0
ORD000119,2026-02-02,C0264,P005,R002,1,0.0,120000,84000,120000,0.0,120000.0,84000,36000.0
ORD005396,2026-02-02,C0276,P002,R005,4,0.08,220000,155000,880000,70400.0,809600.0,620000,189600.0
ORD004733,2026-02-02,C0229,P012,R011,5,0.02,125000,83000,625000,12500.0,612500.0,415000,197500.0
ORD001998,2026-02-02,C0010,P008,R007,4,0.05,110000,72000,440000,22000.0,418000.0,288000,130000.0
ORD004922,2026-02-02,C0092,P019,R006,1,0.05,45000,29000,45000,2250.0,42750.0,29000,13750.0
ORD002473,2026-02-02,C0256,P019,R009,5,0.05,45000,29000,225000,11250.0,213750.0,145000,68750.0
ORD007159,2026-02-03,C0012,P003,R006,1,0.08,160000,112000,160000,12800.0,147200.0,112000,35200.0
ORD001764,2026-02-03,C0008,P005,R003,3,0.0,120000,84000,360000,0.0,360000.0,252000,108000.0
ORD001806,2026-02-03,C0020,P020,R003,1,0.0,22000,13000,22000,0.0,22000.0,13000,9000.0
ORD001286,2026-02-03,C0250,P019,R002,8,0.15,45000,29000,360000,54000.0,306000.0,232000,74000.0
ORD003417,2026-02-03,C0168,P014,R003,1,0.02,18000,10500,18000,360.0,17640.0,10500,7140.0
ORD002276,2026-02-03,C0153,P004,R010,8,0.15,140000,98000,1120000,168000.0,952000.0,784000,168000.0
ORD003708,2026-02-03,C0286,P010,R002,6,0.05,320000,215000,1920000,96000.0,1824000.0,1290000,534000.0
ORD002674,2026-02-03,C0099,P006,R003,6,0.05,95000,62000,570000,28500.0,541500.0,372000,169500.0
ORD001588,2026-02-03,C0259,P006,R011,4,0.08,95000,62000,380000,30400.0,349600.0,248000,101600.0
ORD000822,2026-02-03,C0063,P013,R008,2,0.1,30000,18500,60000,6000.0,54000.0,37000,17000.0
ORD001450,2026-02-03,C0109,P015,R002,6,0.15,35000,21000,210000,31500.0,178500.0,126000,52500.0
ORD006218,2026-02-03,C0206,P002,R002,4,0.02,220000,155000,880000,17600.0,862400.0,620000,242400.0
ORD005170,2026-02-03,C0015,P001,R008,4,0.02,350000,245000,1400000,28000.0,1372000.0,980000,392000.0
ORD004004,2026-02-04,C0205,P002,R001,10,0.0,220000,155000,2200000,0.0,2200000.0,1550000,650000.0
ORD001796,2026-02-04,C0176,P020,R006,4,0.15,22000,13000,88000,13200.0,74800.0,52000,22800.0
ORD001769,2026-02-04,C0237,P010,R006,2,0.08,320000,215000,640000,51200.0,588800.0,430000,158800.0
ORD001399,2026-02-04,C0099,P017,R003,8,0.08,75000,50000,600000,48000.0,552000.0,400000,152000.0
ORD003248,2026-02-04,C0249,P003,R004,1,0.02,160000,112000,160000,3200.0,156800.0,112000,44800.0
ORD006106,2026-02-04,C0250,P006,R009,1,0.05,95000,62000,95000,4750.0,90250.0,62000,28250.0
ORD003853,2026-02-04,C0051,P001,R004,8,0.1,350000,245000,2800000,280000.0,2520000.0,1960000,560000.0
ORD007151,2026-02-04,C0042,P020,R008,3,0.15,22000,13000,66000,9900.0,56100.0,39000,17100.0
ORD003178,2026-02-04,C0186,P017,R011,2,0.02,75000,50000,150000,3000.0,147000.0,100000,47000.0
ORD001504,2026-02-04,C0170,P008,R001,4,0.02,110000,72000,440000,8800.0,431200.0,288000,143200.0
ORD007101,2026-02-04,C0143,P013,R001,10,0.08,30000,18500,300000,24000.0,276000.0,185000,91000.0
ORD002825,2026-02-05,C0023,P009,R005,3,0.1,130000,85000,390000,39000.0,351000.0,255000,96000.0
ORD004401,2026-02-05,C0086,P013,R012,2,0.02,30000,18500,60000,1200.0,58800.0,37000,21800.0
ORD003177,2026-02-05,C0179,P015,R003,5,0.05,35000,21000,175000,8750.0,166250.0,105000,61250.0
ORD000268,2026-02-05,C0274,P002,R005,4,0.0,220000,155000,880000,0.0,880000.0,620000,260000.0
ORD006086,2026-02-05,C0282,P005,R008,2,0.02,120000,84000,240000,4800.0,235200.0,168000,67200.0
ORD001760,2026-02-05,C0168,P005,R008,5,0.05,120000,84000,600000,30000.0,570000.0,420000,150000.0
ORD006620,2026-02-05,C0222,P019,R003,6,0.02,45000,29000,270000,5400.0,264600.0,174000,90600.0
ORD001037,2026-02-05,C0235,P015,R001,3,0.05,35000,21000,105000,5250.0,99750.0,63000,36750.0
ORD007958,2026-02-05,C0218,P015,R003,3,0.08,35000,21000,105000,8400.0,96600.0,63000,33600.0
ORD003771,2026-02-05,C0143,P003,R006,1,0.08,160000,112000,160000,12800.0,147200.0,112000,35200.0
ORD002413,2026-02-05,C0161,P012,R013,1,0.05,125000,83000,125000,6250.0,118750.0,83000,35750.0
ORD003045,2026-02-05,C0275,P019,R012,6,0.2,45000,29000,270000,54000.0,216000.0,174000,42000.0
ORD004013,2026-02-05,C0243,P017,R006,3,0.0,75000,50000,225000,0.0,225000.0,150000,75000.0
ORD006663,2026-02-05,C0046,P005,R013,3,0.0,120000,84000,360000,0.0,360000.0,252000,108000.0
ORD000757,2026-02-05,C0245,P016,R003,3,0.05,55000,35000,165000,8250.0,156750.0,105000,51750.0
ORD000292,2026-02-05,C0061,P004,R003,5,0.0,140000,98000,700000,0.0,700000.0,490000,210000.0
ORD001970,2026-02-05,C0093,P005,R002,3,0.0,120000,84000,360000,0.0,360000.0,252000,108000.0
ORD000949,2026-02-05,C0028,P013,R005,6,0.02,30000,18500,180000,3600.0,176400.0,111000,65400.0
ORD002658,2026-02-05,C0281,P011,R002,1,0.1,85000,57000,85000,8500.0,76500.0,57000,19500.0
ORD000686,2026-02-05,C0182,P011,R001,2,0.2,85000,57000,170000,34000.0,136000.0,114000,22000.0
ORD005246,2026-02-06,C0105,P018,R011,3,0.0,90000,62000,270000,0.0,270000.0,186000,84000.0
ORD005386,2026-02-06,C0123,P004,R012,6,0.05,140000,98000,840000,42000.0,798000.0,588000,210000.0
ORD006810,2026-02-06,C0130,P019,R013,2,0.1,45000,29000,90000,9000.0,81000.0,58000,23000.0
ORD007119,2026-02-06,C0100,P018,R011,4,0.05,90000,62000,360000,18000.0,342000.0,248000,94000.0
ORD000463,2026-02-06,C0204,P001,R004,10,0.15,350000,245000,3500000,525000.0,2975000.0,2450000,525000.0
ORD007932,2026-02-06,C0142,P005,R003,5,0.02,120000,84000,600000,12000.0,588000.0,420000,168000.0
ORD007106,2026-02-06,C0284,P017,R010,3,0.0,75000,50000,225000,0.0,225000.0,150000,75000.0
ORD005069,2026-02-06,C0005,P001,R006,1,0.1,350000,245000,350000,35000.0,315000.0,245000,70000.0
ORD006478,2026-02-06,C0295,P006,R005,4,0.0,95000,62000,380000,0.0,380000.0,248000,132000.0
ORD000188,2026-02-06,C0249,P003,R002,1,0.0,160000,112000,160000,0.0,160000.0,112000,48000.0
ORD004436,2026-02-06,C0074,P011,R003,1,0.05,85000,57000,85000,4250.0,80750.0,57000,23750.0
ORD000768,2026-02-06,C0286,P010,R001,2,0.05,320000,215000,640000,32000.0,608000.0,430000,178000.0
ORD001626,2026-02-06,C0215,P006,R004,4,0.05,95000,62000,380000,19000.0,361000.0,248000,113000.0
ORD004729,2026-02-06,C0158,P018,R011,2,0.05,90000,62000,180000,9000.0,171000.0,124000,47000.0
ORD002363,2026-02-07,C0274,P001,R008,2,0.0,350000,245000,700000,0.0,700000.0,490000,210000.0
ORD002664,2026-02-07,C0053,P009,R003,5,0.0,130000,85000,650000,0.0,650000.0,425000,225000.0
ORD007181,2026-02-07,C0083,P011,R012,2,0.05,85000,57000,170000,8500.0,161500.0,114000,47500.0
ORD002883,2026-02-07,C0158,P016,R013,3,0.05,55000,35000,165000,8250.0,156750.0,105000,51750.0
ORD007852,2026-02-07,C0234,P020,R009,10,0.08,22000,13000,220000,17600.0,202400.0,130000,72400.0
ORD005243,2026-02-07,C0105,P013,R003,2,0.08,30000,18500,60000,4800.0,55200.0,37000,18200.0
ORD006287,2026-02-07,C0042,P008,R010,10,0.05,110000,72000,1100000,55000.0,1045000.0,720000,325000.0
ORD000314,2026-02-07,C0226,P019,R002,2,0.02,45000,29000,90000,1800.0,88200.0,58000,30200.0
ORD006296,2026-02-07,C0168,P007,R009,1,0.1,180000,118000,180000,18000.0,162000.0,118000,44000.0
ORD005945,2026-02-07,C0015,P018,R008,2,0.1,90000,62000,180000,18000.0,162000.0,124000,38000.0
ORD006162,2026-02-07,C0064,P003,R001,6,0.2,160000,112000,960000,192000.0,768000.0,672000,96000.0
ORD002846,2026-02-07,C0286,P015,R010,2,0.15,35000,21000,70000,10500.0,59500.0,42000,17500.0
ORD002849,2026-02-08,C0297,P018,R012,1,0.15,90000,62000,90000,13500.0,76500.0,62000,14500.0
ORD006735,2026-02-08,C0045,P002,R011,4,0.0,220000,155000,880000,0.0,880000.0,620000,260000.0
ORD001104,2026-02-08,C0078,P003,R005,1,0.2,160000,112000,160000,32000.0,128000.0,112000,16000.0
ORD005409,2026-02-08,C0246,P015,R006,2,0.05,35000,21000,70000,3500.0,66500.0,42000,24500.0
ORD003305,2026-02-08,C0224,P003,R013,3,0.08,160000,112000,480000,38400.0,441600.0,336000,105600.0
ORD005690,2026-02-08,C0275,P014,R007,2,0.05,18000,10500,36000,1800.0,34200.0,21000,13200.0
ORD002078,2026-02-08,C0149,P020,R009,1,0.05,22000,13000,22000,1100.0,20900.0,13000,7900.0
ORD004868,2026-02-08,C0114,P007,R011,5,0.15,180000,118000,900000,135000.0,765000.0,590000,175000.0
ORD002641,2026-02-08,C0210,P014,R003,6,0.15,18000,10500,108000,16200.0,91800.0,63000,28800.0
ORD006121,2026-02-08,C0002,P017,R013,6,0.0,75000,50000,450000,0.0,450000.0,300000,150000.0
ORD002652,2026-02-08,C0172,P010,R012,2,0.08,320000,215000,640000,51200.0,588800.0,430000,158800.0
ORD003672,2026-02-09,C0148,P013,R001,1,0.0,30000,18500,30000,0.0,30000.0,18500,11500.0
ORD000318,2026-02-09,C0175,P018,R008,5,0.0,90000,62000,450000,0.0,450000.0,310000,140000.0
ORD004210,2026-02-09,C0156,P016,R006,3,0.02,55000,35000,165000,3300.0,161700.0,105000,56700.0
ORD006592,2026-02-09,C0245,P003,R013,5,0.0,160000,112000,800000,0.0,800000.0,560000,240000.0
ORD001691,2026-02-09,C0180,P007,R007,2,0.05,180000,118000,360000,18000.0,342000.0,236000,106000.0
ORD004976,2026-02-09,C0022,P010,R005,1,0.02,320000,215000,320000,6400.0,313600.0,215000,98600.0
ORD001719,2026-02-09,C0070,P006,R013,1,0.05,95000,62000,95000,4750.0,90250.0,62000,28250.0
ORD006368,2026-02-09,C0294,P013,R004,2,0.0,30000,18500,60000,0.0,60000.0,37000,23000.0
ORD001451,2026-02-09,C0247,P019,R001,5,0.0,45000,29000,225000,0.0,225000.0,145000,80000.0
ORD003817,2026-02-09,C0087,P012,R005,8,0.1,125000,83000,1000000,100000.0,900000.0,664000,236000.0
ORD005270,2026-02-09,C0148,P002,R012,5,0.15,220000,155000,1100000,165000.0,935000.0,775000,160000.0
ORD000534,2026-02-09,C0134,P002,R007,2,0.0,220000,155000,440000,0.0,440000.0,310000,130000.0
ORD000239,2026-02-09,C0246,P013,R002,4,0.05,30000,18500,120000,6000.0,114000.0,74000,40000.0
ORD005990,2026-02-09,C0113,P004,R007,8,0.08,140000,98000,1120000,89600.0,1030400.0,784000,246400.0
ORD007124,2026-02-09,C0229,P018,R001,8,0.0,90000,62000,720000,0.0,720000.0,496000,224000.0
ORD003224,2026-02-09,C0197,P002,R013,6,0.0,220000,155000,1320000,0.0,1320000.0,930000,390000.0
ORD001525,2026-02-09,C0273,P015,R003,4,0.02,35000,21000,140000,2800.0,137200.0,84000,53200.0
ORD002670,2026-02-09,C0252,P008,R006,2,0.02,110000,72000,220000,4400.0,215600.0,144000,71600.0
ORD001413,2026-02-10,C0290,P013,R010,4,0.0,30000,18500,120000,0.0,120000.0,74000,46000.0
ORD000703,2026-02-10,C0029,P005,R013,1,0.02,120000,84000,120000,2400.0,117600.0,84000,33600.0
ORD003459,2026-02-10,C0025,P014,R013,3,0.05,18000,10500,54000,2700.0,51300.0,31500,19800.0
ORD001431,2026-02-10,C0152,P004,R008,3,0.08,140000,98000,420000,33600.0,386400.0,294000,92400.0
ORD007449,2026-02-10,C0211,P004,R011,3,0.08,140000,98000,420000,33600.0,386400.0,294000,92400.0
ORD005965,2026-02-10,C0102,P016,R009,5,0.02,55000,35000,275000,5500.0,269500.0,175000,94500.0
ORD002052,2026-02-10,C0094,P002,R009,2,0.02,220000,155000,440000,8800.0,431200.0,310000,121200.0
ORD003301,2026-02-10,C0103,P012,R009,1,0.02,125000,83000,125000,2500.0,122500.0,83000,39500.0
ORD003478,2026-02-10,C0122,P018,R003,4,0.05,90000,62000,360000,18000.0,342000.0,248000,94000.0
ORD001741,2026-02-10,C0053,P012,R004,1,0.0,125000,83000,125000,0.0,125000.0,83000,42000.0
ORD002043,2026-02-10,C0027,P019,R012,4,0.02,45000,29000,180000,3600.0,176400.0,116000,60400.0
ORD000533,2026-02-11,C0047,P020,R010,1,0.02,22000,13000,22000,440.0,21560.0,13000,8560.0
ORD003694,2026-02-11,C0097,P008,R003,1,0.0,110000,72000,110000,0.0,110000.0,72000,38000.0
ORD001282,2026-02-11,C0015,P018,R004,1,0.02,90000,62000,90000,1800.0,88200.0,62000,26200.0
ORD006219,2026-02-11,C0038,P008,R009,1,0.02,110000,72000,110000,2200.0,107800.0,72000,35800.0
ORD001425,2026-02-11,C0021,P016,R010,5,0.05,55000,35000,275000,13750.0,261250.0,175000,86250.0
ORD006456,2026-02-11,C0186,P005,R002,2,0.1,120000,84000,240000,24000.0,216000.0,168000,48000.0
ORD003539,2026-02-11,C0236,P006,R006,8,0.02,95000,62000,760000,15200.0,744800.0,496000,248800.0
ORD005656,2026-02-11,C0043,P010,R003,5,0.0,320000,215000,1600000,0.0,1600000.0,1075000,525000.0
ORD002275,2026-02-11,C0204,P013,R010,2,0.0,30000,18500,60000,0.0,60000.0,37000,23000.0
ORD001977,2026-02-11,C0159,P009,R005,5,0.02,130000,85000,650000,13000.0,637000.0,425000,212000.0
ORD002757,2026-02-11,C0108,P015,R003,6,0.02,35000,21000,210000,4200.0,205800.0,126000,79800.0
ORD001660,2026-02-11,C0255,P002,R010,8,0.1,220000,155000,1760000,176000.0,1584000.0,1240000,344000.0
ORD001579,2026-02-12,C0205,P019,R005,3,0.0,45000,29000,135000,0.0,135000.0,87000,48000.0
ORD004283,2026-02-12,C0193,P005,R007,1,0.08,120000,84000,120000,9600.0,110400.0,84000,26400.0
ORD002145,2026-02-12,C0086,P011,R006,6,0.15,85000,57000,510000,76500.0,433500.0,342000,91500.0
ORD000202,2026-02-12,C0180,P009,R007,2,0.02,130000,85000,260000,5200.0,254800.0,170000,84800.0
ORD001789,2026-02-12,C0248,P004,R008,4,0.05,140000,98000,560000,28000.0,532000.0,392000,140000.0
ORD004893,2026-02-12,C0190,P009,R012,1,0.05,130000,85000,130000,6500.0,123500.0,85000,38500.0
ORD003974,2026-02-12,C0122,P012,R008,2,0.1,125000,83000,250000,25000.0,225000.0,166000,59000.0
ORD007625,2026-02-12,C0101,P013,R003,8,0.02,30000,18500,240000,4800.0,235200.0,148000,87200.0
ORD005870,2026-02-12,C0004,P005,R010,4,0.1,120000,84000,480000,48000.0,432000.0,336000,96000.0
ORD002382,2026-02-12,C0057,P001,R012,2,0.08,350000,245000,700000,56000.0,644000.0,490000,154000.0
ORD002482,2026-02-13,C0189,P011,R013,2,0.08,85000,57000,170000,13600.0,156400.0,114000,42400.0
ORD002930,2026-02-13,C0194,P004,R009,6,0.15,140000,98000,840000,126000.0,714000.0,588000,126000.0
ORD006276,2026-02-13,C0200,P014,R011,3,0.15,18000,10500,54000,8100.0,45900.0,31500,14400.0
ORD000175,2026-02-13,C0145,P003,R007,1,0.1,160000,112000,160000,16000.0,144000.0,112000,32000.0
ORD005401,2026-02-13,C0253,P018,R002,1,0.0,90000,62000,90000,0.0,90000.0,62000,28000.0
ORD004032,2026-02-13,C0113,P002,R001,6,0.08,220000,155000,1320000,105600.0,1214400.0,930000,284400.0
ORD007288,2026-02-13,C0111,P008,R003,3,0.0,110000,72000,330000,0.0,330000.0,216000,114000.0
ORD003158,2026-02-13,C0120,P014,R005,5,0.05,18000,10500,90000,4500.0,85500.0,52500,33000.0
ORD005144,2026-02-13,C0071,P017,R011,3,0.1,75000,50000,225000,22500.0,202500.0,150000,52500.0
ORD005027,2026-02-14,C0294,P003,R001,5,0.0,160000,112000,800000,0.0,800000.0,560000,240000.0
ORD003932,2026-02-14,C0082,P006,R013,6,0.0,95000,62000,570000,0.0,570000.0,372000,198000.0
ORD000420,2026-02-14,C0180,P008,R003,6,0.05,110000,72000,660000,33000.0,627000.0,432000,195000.0
ORD000459,2026-02-14,C0134,P007,R004,4,0.05,180000,118000,720000,36000.0,684000.0,472000,212000.0
ORD001077,2026-02-14,C0020,P009,R012,5,0.02,130000,85000,650000,13000.0,637000.0,425000,212000.0
ORD004780,2026-02-14,C0003,P011,R006,5,0.15,85000,57000,425000,63750.0,361250.0,285000,76250.0
ORD004356,2026-02-14,C0014,P007,R001,2,0.1,180000,118000,360000,36000.0,324000.0,236000,88000.0
ORD007380,2026-02-14,C0113,P017,R006,2,0.08,75000,50000,150000,12000.0,138000.0,100000,38000.0
ORD007009,2026-02-14,C0112,P013,R001,2,0.0,30000,18500,60000,0.0,60000.0,37000,23000.0
ORD005095,2026-02-14,C0067,P009,R009,2,0.0,130000,85000,260000,0.0,260000.0,170000,90000.0
ORD003923,2026-02-14,C0266,P008,R007,1,0.02,110000,72000,110000,2200.0,107800.0,72000,35800.0
ORD006653,2026-02-15,C0121,P004,R002,2,0.1,140000,98000,280000,28000.0,252000.0,196000,56000.0
ORD004710,2026-02-15,C0273,P017,R006,4,0.1,75000,50000,300000,30000.0,270000.0,200000,70000.0
ORD000505,2026-02-15,C0252,P007,R006,4,0.0,180000,118000,720000,0.0,720000.0,472000,248000.0
ORD002721,2026-02-15,C0115,P008,R012,4,0.05,110000,72000,440000,22000.0,418000.0,288000,130000.0
ORD007186,2026-02-15,C0092,P004,R012,1,0.0,140000,98000,140000,0.0,140000.0,98000,42000.0
ORD005579,2026-02-15,C0258,P010,R002,2,0.1,320000,215000,640000,64000.0,576000.0,430000,146000.0
ORD000488,2026-02-15,C0047,P018,R009,5,0.1,90000,62000,450000,45000.0,405000.0,310000,95000.0
ORD007659,2026-02-15,C0295,P012,R008,6,0.05,125000,83000,750000,37500.0,712500.0,498000,214500.0
ORD004080,2026-02-15,C0111,P013,R003,1,0.08,30000,18500,30000,2400.0,27600.0,18500,9100.0
ORD005909,2026-02-16,C0137,P016,R007,1,0.0,55000,35000,55000,0.0,55000.0,35000,20000.0
ORD002518,2026-02-16,C0241,P003,R003,1,0.0,160000,112000,160000,0.0,160000.0,112000,48000.0
ORD003457,2026-02-16,C0080,P014,R011,6,0.1,18000,10500,108000,10800.0,97200.0,63000,34200.0
ORD002550,2026-02-16,C0152,P006,R013,5,0.1,95000,62000,475000,47500.0,427500.0,310000,117500.0
ORD004239,2026-02-16,C0222,P019,R007,4,0.15,45000,29000,180000,27000.0,153000.0,116000,37000.0
ORD000937,2026-02-16,C0135,P016,R010,1,0.08,55000,35000,55000,4400.0,50600.0,35000,15600.0
ORD005590,2026-02-16,C0163,P012,R004,3,0.15,125000,83000,375000,56250.0,318750.0,249000,69750.0
ORD002860,2026-02-16,C0245,P014,R012,3,0.02,18000,10500,54000,1080.0,52920.0,31500,21420.0
ORD007253,2026-02-16,C0237,P004,R012,1,0.08,140000,98000,140000,11200.0,128800.0,98000,30800.0
ORD003065,2026-02-16,C0003,P001,R004,5,0.05,350000,245000,1750000,87500.0,1662500.0,1225000,437500.0
ORD002113,2026-02-16,C0071,P005,R003,2,0.08,120000,84000,240000,19200.0,220800.0,168000,52800.0
ORD005659,2026-02-16,C0232,P004,R012,6,0.02,140000,98000,840000,16800.0,823200.0,588000,235200.0
ORD002380,2026-02-16,C0032,P006,R012,3,0.02,95000,62000,285000,5700.0,279300.0,186000,93300.0
ORD005402,2026-02-16,C0197,P010,R004,8,0.0,320000,215000,2560000,0.0,2560000.0,1720000,840000.0
ORD006189,2026-02-16,C0234,P010,R009,3,0.0,320000,215000,960000,0.0,960000.0,645000,315000.0
ORD007581,2026-02-16,C0121,P005,R013,1,0.15,120000,84000,120000,18000.0,102000.0,84000,18000.0
ORD002899,2026-02-17,C0055,P001,R013,3,0.15,350000,245000,1050000,157500.0,892500.0,735000,157500.0
ORD005895,2026-02-17,C0015,P020,R003,2,0.08,22000,13000,44000,3520.0,40480.0,26000,14480.0
ORD006639,2026-02-17,C0019,P016,R005,2,0.0,55000,35000,110000,0.0,110000.0,70000,40000.0
ORD004171,2026-02-17,C0084,P018,R008,3,0.0,90000,62000,270000,0.0,270000.0,186000,84000.0
ORD007804,2026-02-17,C0044,P004,R006,6,0.0,140000,98000,840000,0.0,840000.0,588000,252000.0
ORD006179,2026-02-17,C0079,P002,R004,4,0.15,220000,155000,880000,132000.0,748000.0,620000,128000.0
ORD003117,2026-02-17,C0285,P002,R005,1,0.0,220000,155000,220000,0.0,220000.0,155000,65000.0
ORD001670,2026-02-17,C0036,P009,R010,4,0.05,130000,85000,520000,26000.0,494000.0,340000,154000.0
ORD004793,2026-02-17,C0088,P013,R009,2,0.02,30000,18500,60000,1200.0,58800.0,37000,21800.0
ORD000076,2026-02-17,C0038,P013,R009,2,0.15,30000,18500,60000,9000.0,51000.0,37000,14000.0
ORD007399,2026-02-17,C0201,P020,R006,3,0.0,22000,13000,66000,0.0,66000.0,39000,27000.0
ORD004723,2026-02-17,C0172,P017,R008,4,0.02,75000,50000,300000,6000.0,294000.0,200000,94000.0
ORD003051,2026-02-18,C0171,P010,R005,10,0.0,320000,215000,3200000,0.0,3200000.0,2150000,1050000.0
ORD002886,2026-02-18,C0297,P016,R005,6,0.0,55000,35000,330000,0.0,330000.0,210000,120000.0
ORD002329,2026-02-18,C0262,P020,R003,4,0.0,22000,13000,88000,0.0,88000.0,52000,36000.0
ORD005096,2026-02-18,C0017,P019,R010,8,0.02,45000,29000,360000,7200.0,352800.0,232000,120800.0
ORD002907,2026-02-18,C0263,P010,R005,1,0.05,320000,215000,320000,16000.0,304000.0,215000,89000.0
ORD003148,2026-02-18,C0278,P018,R002,2,0.1,90000,62000,180000,18000.0,162000.0,124000,38000.0
ORD006930,2026-02-18,C0212,P010,R013,3,0.15,320000,215000,960000,144000.0,816000.0,645000,171000.0
ORD003038,2026-02-18,C0290,P013,R001,2,0.15,30000,18500,60000,9000.0,51000.0,37000,14000.0
ORD000933,2026-02-18,C0266,P009,R007,1,0.02,130000,85000,130000,2600.0,127400.0,85000,42400.0
ORD006980,2026-02-18,C0144,P020,R008,2,0.0,22000,13000,44000,0.0,44000.0,26000,18000.0
ORD001222,2026-02-18,C0128,P009,R001,10,0.05,130000,85000,1300000,65000.0,1235000.0,850000,385000.0
ORD000796,2026-02-18,C0043,P006,R005,4,0.0,95000,62000,380000,0.0,380000.0,248000,132000.0
ORD004126,2026-02-18,C0253,P007,R012,5,0.08,180000,118000,900000,72000.0,828000.0,590000,238000.0
ORD001630,2026-02-18,C0266,P017,R012,4,0.05,75000,50000,300000,15000.0,285000.0,200000,85000.0
ORD005244,2026-02-18,C0218,P009,R004,2,0.05,130000,85000,260000,13000.0,247000.0,170000,77000.0
ORD001790,2026-02-18,C0214,P010,R005,1,0.08,320000,215000,320000,25600.0,294400.0,215000,79400.0
ORD000152,2026-02-19,C0128,P016,R006,1,0.0,55000,35000,55000,0.0,55000.0,35000,20000.0
ORD003903,2026-02-19,C0273,P014,R010,4,0.02,18000,10500,72000,1440.0,70560.0,42000,28560.0
ORD005603,2026-02-19,C0029,P012,R006,2,0.05,125000,83000,250000,12500.0,237500.0,166000,71500.0
ORD003690,2026-02-19,C0130,P005,R008,5,0.0,120000,84000,600000,0.0,600000.0,420000,180000.0
ORD006395,2026-02-19,C0297,P013,R009,2,0.15,30000,18500,60000,9000.0,51000.0,37000,14000.0
ORD004592,2026-02-19,C0014,P015,R009,4,0.05,35000,21000,140000,7000.0,133000.0,84000,49000.0
ORD006494,2026-02-19,C0257,P009,R003,2,0.08,130000,85000,260000,20800.0,239200.0,170000,69200.0
ORD003256,2026-02-19,C0024,P003,R009,6,0.2,160000,112000,960000,192000.0,768000.0,672000,96000.0
ORD006421,2026-02-19,C0265,P011,R005,4,0.0,85000,57000,340000,0.0,340000.0,228000,112000.0
ORD007785,2026-02-19,C0007,P012,R003,2,0.02,125000,83000,250000,5000.0,245000.0,166000,79000.0
ORD000194,2026-02-19,C0092,P009,R013,4,0.1,130000,85000,520000,52000.0,468000.0,340000,128000.0
ORD006047,2026-02-19,C0110,P012,R005,3,0.02,125000,83000,375000,7500.0,367500.0,249000,118500.0
ORD006165,2026-02-19,C0162,P008,R009,2,0.05,110000,72000,220000,11000.0,209000.0,144000,65000.0
ORD006709,2026-02-19,C0294,P005,R001,2,0.05,120000,84000,240000,12000.0,228000.0,168000,60000.0
ORD007433,2026-02-19,C0088,P001,R012,2,0.2,350000,245000,700000,140000.0,560000.0,490000,70000.0
ORD005233,2026-02-19,C0147,P013,R005,8,0.15,30000,18500,240000,36000.0,204000.0,148000,56000.0
ORD004246,2026-02-20,C0021,P012,R009,10,0.02,125000,83000,1250000,25000.0,1225000.0,830000,395000.0
ORD007630,2026-02-20,C0066,P006,R005,2,0.15,95000,62000,190000,28500.0,161500.0,124000,37500.0
ORD003536,2026-02-20,C0098,P001,R003,1,0.0,350000,245000,350000,0.0,350000.0,245000,105000.0
ORD005125,2026-02-20,C0004,P001,R013,3,0.0,350000,245000,1050000,0.0,1050000.0,735000,315000.0
ORD006225,2026-02-20,C0005,P009,R006,3,0.02,130000,85000,390000,7800.0,382200.0,255000,127200.0
ORD006764,2026-02-20,C0218,P002,R009,4,0.0,220000,155000,880000,0.0,880000.0,620000,260000.0
ORD006762,2026-02-20,C0016,P019,R004,2,0.02,45000,29000,90000,1800.0,88200.0,58000,30200.0
ORD005444,2026-02-20,C0041,P015,R007,4,0.2,35000,21000,140000,28000.0,112000.0,84000,28000.0
ORD005517,2026-02-20,C0072,P014,R007,3,0.1,18000,10500,54000,5400.0,48600.0,31500,17100.0
ORD002229,2026-02-20,C0245,P008,R009,6,0.0,110000,72000,660000,0.0,660000.0,432000,228000.0
ORD003105,2026-02-20,C0030,P015,R012,2,0.02,35000,21000,70000,1400.0,68600.0,42000,26600.0
ORD000800,2026-02-20,C0133,P003,R006,4,0.1,160000,112000,640000,64000.0,576000.0,448000,128000.0
ORD001568,2026-02-20,C0227,P004,R010,3,0.0,140000,98000,420000,0.0,420000.0,294000,126000.0
ORD003775,2026-02-20,C0069,P015,R011,3,0.05,35000,21000,105000,5250.0,99750.0,63000,36750.0
ORD001061,2026-02-20,C0053,P011,R001,1,0.02,85000,57000,85000,1700.0,83300.0,57000,26300.0
ORD006946,2026-02-20,C0057,P005,R003,6,0.05,120000,84000,720000,36000.0,684000.0,504000,180000.0
ORD003053,2026-02-20,C0094,P011,R012,8,0.02,85000,57000,680000,13600.0,666400.0,456000,210400.0
ORD007489,2026-02-21,C0227,P013,R001,2,0.1,30000,18500,60000,6000.0,54000.0,37000,17000.0
ORD007413,2026-02-21,C0103,P001,R011,6,0.02,350000,245000,2100000,42000.0,2058000.0,1470000,588000.0
ORD007539,2026-02-21,C0069,P004,R004,2,0.05,140000,98000,280000,14000.0,266000.0,196000,70000.0
ORD007534,2026-02-21,C0175,P001,R008,3,0.08,350000,245000,1050000,84000.0,966000.0,735000,231000.0
ORD000059,2026-02-21,C0029,P012,R004,3,0.2,125000,83000,375000,75000.0,300000.0,249000,51000.0
ORD007382,2026-02-21,C0184,P016,R002,3,0.0,55000,35000,165000,0.0,165000.0,105000,60000.0
ORD007869,2026-02-21,C0242,P008,R003,8,0.15,110000,72000,880000,132000.0,748000.0,576000,172000.0
ORD003516,2026-02-21,C0135,P011,R011,3,0.05,85000,57000,255000,12750.0,242250.0,171000,71250.0
ORD007112,2026-02-21,C0025,P002,R013,1,0.15,220000,155000,220000,33000.0,187000.0,155000,32000.0
ORD001257,2026-02-21,C0225,P011,R003,2,0.08,85000,57000,170000,13600.0,156400.0,114000,42400.0
ORD001939,2026-02-21,C0058,P007,R010,1,0.0,180000,118000,180000,0.0,180000.0,118000,62000.0
ORD007571,2026-02-21,C0157,P014,R004,4,0.15,18000,10500,72000,10800.0,61200.0,42000,19200.0
ORD007629,2026-02-21,C0032,P009,R001,8,0.1,130000,85000,1040000,104000.0,936000.0,680000,256000.0
ORD002273,2026-02-21,C0215,P020,R006,2,0.0,22000,13000,44000,0.0,44000.0,26000,18000.0
ORD000553,2026-02-22,C0024,P014,R012,4,0.02,18000,10500,72000,1440.0,70560.0,42000,28560.0
ORD006520,2026-02-22,C0091,P018,R008,1,0.05,90000,62000,90000,4500.0,85500.0,62000,23500.0
ORD002762,2026-02-22,C0072,P007,R007,8,0.2,180000,118000,1440000,288000.0,1152000.0,944000,208000.0
ORD006973,2026-02-22,C0004,P007,R003,1,0.0,180000,118000,180000,0.0,180000.0,118000,62000.0
ORD000070,2026-02-22,C0172,P012,R005,5,0.1,125000,83000,625000,62500.0,562500.0,415000,147500.0
ORD005440,2026-02-22,C0175,P007,R006,5,0.1,180000,118000,900000,90000.0,810000.0,590000,220000.0
ORD000617,2026-02-22,C0215,P018,R002,2,0.2,90000,62000,180000,36000.0,144000.0,124000,20000.0
ORD001115,2026-02-22,C0214,P012,R012,3,0.1,125000,83000,375000,37500.0,337500.0,249000,88500.0
ORD007161,2026-02-22,C0196,P003,R011,3,0.0,160000,112000,480000,0.0,480000.0,336000,144000.0
ORD001704,2026-02-22,C0070,P002,R012,2,0.05,220000,155000,440000,22000.0,418000.0,310000,108000.0
ORD004365,2026-02-23,C0142,P014,R006,2,0.15,18000,10500,36000,5400.0,30600.0,21000,9600.0
ORD002178,2026-02-23,C0215,P012,R013,1,0.15,125000,83000,125000,18750.0,106250.0,83000,23250.0
ORD000440,2026-02-23,C0233,P006,R013,1,0.08,95000,62000,95000,7600.0,87400.0,62000,25400.0
ORD003713,2026-02-23,C0170,P014,R008,3,0.1,18000,10500,54000,5400.0,48600.0,31500,17100.0
ORD002785,2026-02-23,C0297,P017,R005,10,0.08,75000,50000,750000,60000.0,690000.0,500000,190000.0
ORD003711,2026-02-23,C0166,P013,R012,1,0.0,30000,18500,30000,0.0,30000.0,18500,11500.0
ORD006944,2026-02-23,C0236,P016,R003,1,0.05,55000,35000,55000,2750.0,52250.0,35000,17250.0
ORD001345,2026-02-23,C0138,P011,R012,3,0.08,85000,57000,255000,20400.0,234600.0,171000,63600.0
ORD000853,2026-02-23,C0129,P001,R012,6,0.02,350000,245000,2100000,42000.0,2058000.0,1470000,588000.0
ORD006340,2026-02-23,C0063,P008,R007,4,0.02,110000,72000,440000,8800.0,431200.0,288000,143200.0
ORD001430,2026-02-23,C0277,P012,R008,1,0.2,125000,83000,125000,25000.0,100000.0,83000,17000.0
ORD002926,2026-02-23,C0299,P014,R006,3,0.08,18000,10500,54000,4320.0,49680.0,31500,18180.0
ORD005367,2026-02-23,C0118,P018,R001,1,0.08,90000,62000,90000,7200.0,82800.0,62000,20800.0
ORD006206,2026-02-23,C0203,P006,R008,2,0.05,95000,62000,190000,9500.0,180500.0,124000,56500.0
ORD002136,2026-02-23,C0052,P010,R011,6,0.0,320000,215000,1920000,0.0,1920000.0,1290000,630000.0
ORD007404,2026-02-24,C0263,P020,R012,2,0.05,22000,13000,44000,2200.0,41800.0,26000,15800.0
ORD002111,2026-02-24,C0108,P019,R011,3,0.05,45000,29000,135000,6750.0,128250.0,87000,41250.0
ORD001510,2026-02-24,C0162,P017,R006,10,0.15,75000,50000,750000,112500.0,637500.0,500000,137500.0
ORD000078,2026-02-24,C0255,P017,R001,2,0.05,75000,50000,150000,7500.0,142500.0,100000,42500.0
ORD004297,2026-02-24,C0246,P013,R005,10,0.08,30000,18500,300000,24000.0,276000.0,185000,91000.0
ORD002917,2026-02-24,C0294,P012,R001,10,0.05,125000,83000,1250000,62500.0,1187500.0,830000,357500.0
ORD002714,2026-02-24,C0043,P005,R005,2,0.0,120000,84000,240000,0.0,240000.0,168000,72000.0
ORD005478,2026-02-24,C0083,P014,R006,1,0.08,18000,10500,18000,1440.0,16560.0,10500,6060.0
ORD001110,2026-02-24,C0276,P003,R005,2,0.1,160000,112000,320000,32000.0,288000.0,224000,64000.0
ORD006139,2026-02-24,C0280,P018,R011,6,0.0,90000,62000,540000,0.0,540000.0,372000,168000.0
ORD007113,2026-02-24,C0294,P001,R007,3,0.0,350000,245000,1050000,0.0,1050000.0,735000,315000.0
ORD000536,2026-02-24,C0072,P003,R003,2,0.15,160000,112000,320000,48000.0,272000.0,224000,48000.0
ORD006838,2026-02-24,C0143,P015,R012,2,0.02,35000,21000,70000,1400.0,68600.0,42000,26600.0
ORD007782,2026-02-24,C0245,P018,R002,3,0.05,90000,62000,270000,13500.0,256500.0,186000,70500.0
ORD005249,2026-02-24,C0200,P012,R004,4,0.15,125000,83000,500000,75000.0,425000.0,332000,93000.0
ORD003376,2026-02-24,C0213,P011,R001,8,0.08,85000,57000,680000,54400.0,625600.0,456000,169600.0
ORD007864,2026-02-24,C0150,P004,R005,2,0.1,140000,98000,280000,28000.0,252000.0,196000,56000.0
ORD002151,2026-02-24,C0178,P017,R001,3,0.05,75000,50000,225000,11250.0,213750.0,150000,63750.0
ORD001299,2026-02-24,C0100,P002,R001,3,0.0,220000,155000,660000,0.0,660000.0,465000,195000.0
ORD000484,2026-02-24,C0106,P008,R013,6,0.0,110000,72000,660000,0.0,660000.0,432000,228000.0
ORD005179,2026-02-24,C0041,P020,R010,4,0.2,22000,13000,88000,17600.0,70400.0,52000,18400.0
ORD002981,2026-02-24,C0028,P020,R003,2,0.0,22000,13000,44000,0.0,44000.0,26000,18000.0
ORD005225,2026-02-24,C0114,P017,R006,4,0.05,75000,50000,300000,15000.0,285000.0,200000,85000.0
ORD003991,2026-02-24,C0288,P013,R009,5,0.0,30000,18500,150000,0.0,150000.0,92500,57500.0
ORD002492,2026-02-25,C0083,P002,R005,2,0.15,220000,155000,440000,66000.0,374000.0,310000,64000.0
ORD003951,2026-02-25,C0245,P008,R013,3,0.08,110000,72000,330000,26400.0,303600.0,216000,87600.0
ORD004097,2026-02-25,C0293,P003,R009,5,0.02,160000,112000,800000,16000.0,784000.0,560000,224000.0
ORD007657,2026-02-25,C0052,P001,R013,5,0.0,350000,245000,1750000,0.0,1750000.0,1225000,525000.0
ORD006355,2026-02-25,C0193,P004,R009,8,0.02,140000,98000,1120000,22400.0,1097600.0,784000,313600.0
ORD002620,2026-02-25,C0147,P002,R007,5,0.2,220000,155000,1100000,220000.0,880000.0,775000,105000.0
ORD002684,2026-02-25,C0008,P003,R003,4,0.05,160000,112000,640000,32000.0,608000.0,448000,160000.0
ORD004221,2026-02-25,C0253,P005,R007,2,0.05,120000,84000,240000,12000.0,228000.0,168000,60000.0
ORD005131,2026-02-25,C0093,P009,R001,3,0.02,130000,85000,390000,7800.0,382200.0,255000,127200.0
ORD001665,2026-02-25,C0255,P001,R012,6,0.0,350000,245000,2100000,0.0,2100000.0,1470000,630000.0
ORD002412,2026-02-25,C0161,P017,R010,2,0.08,75000,50000,150000,12000.0,138000.0,100000,38000.0
ORD002173,2026-02-25,C0236,P014,R008,1,0.02,18000,10500,18000,360.0,17640.0,10500,7140.0
ORD005623,2026-02-25,C0134,P005,R006,6,0.05,120000,84000,720000,36000.0,684000.0,504000,180000.0
ORD007463,2026-02-25,C0230,P005,R002,10,0.15,120000,84000,1200000,180000.0,1020000.0,840000,180000.0
ORD006955,2026-02-25,C0025,P013,R009,3,0.2,30000,18500,90000,18000.0,72000.0,55500,16500.0
ORD004177,2026-02-25,C0246,P011,R013,5,0.05,85000,57000,425000,21250.0,403750.0,285000,118750.0
ORD006442,2026-02-26,C0002,P017,R010,8,0.05,75000,50000,600000,30000.0,570000.0,400000,170000.0
ORD006715,2026-02-26,C0006,P001,R001,2,0.05,350000,245000,700000,35000.0,665000.0,490000,175000.0
ORD001547,2026-02-26,C0228,P004,R003,4,0.08,140000,98000,560000,44800.0,515200.0,392000,123200.0
ORD004137,2026-02-26,C0120,P004,R007,5,0.05,140000,98000,700000,35000.0,665000.0,490000,175000.0
ORD004979,2026-02-26,C0010,P014,R003,5,0.05,18000,10500,90000,4500.0,85500.0,52500,33000.0
ORD003460,2026-02-26,C0169,P002,R005,1,0.0,220000,155000,220000,0.0,220000.0,155000,65000.0
ORD000275,2026-02-26,C0218,P012,R007,3,0.02,125000,83000,375000,7500.0,367500.0,249000,118500.0
ORD000467,2026-02-26,C0013,P001,R011,6,0.15,350000,245000,2100000,315000.0,1785000.0,1470000,315000.0
ORD005161,2026-02-26,C0099,P018,R004,1,0.2,90000,62000,90000,18000.0,72000.0,62000,10000.0
ORD002563,2026-02-26,C0141,P012,R013,2,0.15,125000,83000,250000,37500.0,212500.0,166000,46500.0
ORD004655,2026-02-26,C0296,P015,R001,1,0.0,35000,21000,35000,0.0,35000.0,21000,14000.0
ORD004220,2026-02-26,C0220,P019,R009,1,0.0,45000,29000,45000,0.0,45000.0,29000,16000.0
ORD000139,2026-02-26,C0279,P005,R010,8,0.0,120000,84000,960000,0.0,960000.0,672000,288000.0
ORD000907,2026-02-26,C0044,P006,R002,5,0.02,95000,62000,475000,9500.0,465500.0,310000,155500.0
ORD005913,2026-02-26,C0219,P002,R010,1,0.05,220000,155000,220000,11000.0,209000.0,155000,54000.0
ORD001512,2026-02-26,C0275,P001,R008,1,0.1,350000,245000,350000,35000.0,315000.0,245000,70000.0
ORD003452,2026-02-26,C0004,P018,R009,3,0.1,90000,62000,270000,27000.0,243000.0,186000,57000.0
ORD005028,2026-02-26,C0038,P018,R006,1,0.02,90000,62000,90000,1800.0,88200.0,62000,26200.0
ORD006749,2026-02-26,C0218,P017,R011,1,0.0,75000,50000,75000,0.0,75000.0,50000,25000.0
ORD001528,2026-02-27,C0003,P002,R006,10,0.08,220000,155000,2200000,176000.0,2024000.0,1550000,474000.0
ORD003751,2026-02-27,C0270,P002,R012,1,0.08,220000,155000,220000,17600.0,202400.0,155000,47400.0
ORD006591,2026-02-27,C0297,P001,R007,5,0.15,350000,245000,1750000,262500.0,1487500.0,1225000,262500.0
ORD006013,2026-02-27,C0260,P007,R010,1,0.0,180000,118000,180000,0.0,180000.0,118000,62000.0
ORD004208,2026-02-27,C0032,P014,R008,5,0.05,18000,10500,90000,4500.0,85500.0,52500,33000.0
ORD001833,2026-02-27,C0006,P009,R003,4,0.02,130000,85000,520000,10400.0,509600.0,340000,169600.0
ORD003915,2026-02-27,C0055,P005,R010,1,0.05,120000,84000,120000,6000.0,114000.0,84000,30000.0
ORD007570,2026-02-27,C0226,P009,R011,1,0.02,130000,85000,130000,2600.0,127400.0,85000,42400.0
ORD005342,2026-02-27,C0297,P013,R006,1,0.0,30000,18500,30000,0.0,30000.0,18500,11500.0
ORD002754,2026-02-27,C0002,P003,R009,4,0.0,160000,112000,640000,0.0,640000.0,448000,192000.0
ORD003763,2026-02-28,C0259,P014,R002,3,0.0,18000,10500,54000,0.0,54000.0,31500,22500.0
ORD003965,2026-02-28,C0044,P013,R005,5,0.08,30000,18500,150000,12000.0,138000.0,92500,45500.0
ORD003398,2026-02-28,C0189,P002,R005,5,0.08,220000,155000,1100000,88000.0,1012000.0,775000,237000.0
ORD006114,2026-02-28,C0093,P008,R011,1,0.08,110000,72000,110000,8800.0,101200.0,72000,29200.0
ORD000587,2026-02-28,C0281,P013,R003,3,0.02,30000,18500,90000,1800.0,88200.0,55500,32700.0
ORD005346,2026-02-28,C0229,P019,R010,6,0.1,45000,29000,270000,27000.0,243000.0,174000,69000.0
ORD001148,2026-02-28,C0149,P016,R004,4,0.02,55000,35000,220000,4400.0,215600.0,140000,75600.0
ORD002070,2026-02-28,C0178,P001,R004,5,0.1,350000,245000,1750000,175000.0,1575000.0,1225000,350000.0
ORD003538,2026-02-28,C0246,P008,R010,1,0.02,110000,72000,110000,2200.0,107800.0,72000,35800.0
ORD002037,2026-02-28,C0167,P007,R010,2,0.02,180000,118000,360000,7200.0,352800.0,236000,116800.0
ORD001985,2026-02-28,C0187,P005,R013,2,0.08,120000,84000,240000,19200.0,220800.0,168000,52800.0
ORD004842,2026-02-28,C0095,P011,R002,5,0.02,85000,57000,425000,8500.0,416500.0,285000,131500.0
ORD007715,2026-03-01,C0242,P011,R001,3,0.1,85000,57000,255000,25500.0,229500.0,171000,58500.0
ORD004282,2026-03-01,C0162,P011,R002,6,0.02,85000,57000,510000,10200.0,499800.0,342000,157800.0
ORD003294,2026-03-01,C0113,P017,R008,2,0.02,75000,50000,150000,3000.0,147000.0,100000,47000.0
ORD000384,2026-03-01,C0058,P004,R011,5,0.05,140000,98000,700000,35000.0,665000.0,490000,175000.0
ORD003113,2026-03-01,C0060,P010,R005,3,0.2,320000,215000,960000,192000.0,768000.0,645000,123000.0
ORD001370,2026-03-01,C0237,P020,R008,2,0.08,22000,13000,44000,3520.0,40480.0,26000,14480.0
ORD003031,2026-03-01,C0168,P008,R006,1,0.05,110000,72000,110000,5500.0,104500.0,72000,32500.0
ORD002865,2026-03-01,C0049,P003,R001,5,0.0,160000,112000,800000,0.0,800000.0,560000,240000.0
ORD007924,2026-03-01,C0085,P013,R010,1,0.1,30000,18500,30000,3000.0,27000.0,18500,8500.0
ORD004725,2026-03-01,C0295,P015,R002,6,0.0,35000,21000,210000,0.0,210000.0,126000,84000.0
ORD001555,2026-03-01,C0140,P006,R001,3,0.0,95000,62000,285000,0.0,285000.0,186000,99000.0
ORD001033,2026-03-01,C0222,P017,R006,2,0.08,75000,50000,150000,12000.0,138000.0,100000,38000.0
ORD001824,2026-03-01,C0276,P002,R013,10,0.05,220000,155000,2200000,110000.0,2090000.0,1550000,540000.0
ORD005657,2026-03-01,C0050,P015,R009,4,0.1,35000,21000,140000,14000.0,126000.0,84000,42000.0
ORD005918,2026-03-01,C0134,P013,R013,3,0.02,30000,18500,90000,1800.0,88200.0,55500,32700.0
ORD006700,2026-03-01,C0110,P012,R009,2,0.05,125000,83000,250000,12500.0,237500.0,166000,71500.0
ORD005187,2026-03-01,C0079,P012,R002,4,0.02,125000,83000,500000,10000.0,490000.0,332000,158000.0
ORD004649,2026-03-02,C0074,P010,R011,1,0.1,320000,215000,320000,32000.0,288000.0,215000,73000.0
ORD001989,2026-03-02,C0055,P013,R009,1,0.05,30000,18500,30000,1500.0,28500.0,18500,10000.0
ORD005312,2026-03-02,C0057,P009,R007,4,0.0,130000,85000,520000,0.0,520000.0,340000,180000.0
ORD001811,2026-03-02,C0269,P010,R011,1,0.05,320000,215000,320000,16000.0,304000.0,215000,89000.0
ORD006939,2026-03-02,C0033,P003,R011,1,0.15,160000,112000,160000,24000.0,136000.0,112000,24000.0
ORD004233,2026-03-02,C0015,P020,R007,1,0.08,22000,13000,22000,1760.0,20240.0,13000,7240.0
ORD004687,2026-03-02,C0067,P003,R006,2,0.15,160000,112000,320000,48000.0,272000.0,224000,48000.0
ORD005559,2026-03-02,C0001,P013,R004,10,0.1,30000,18500,300000,30000.0,270000.0,185000,85000.0
ORD006763,2026-03-02,C0202,P009,R012,1,0.0,130000,85000,130000,0.0,130000.0,85000,45000.0
ORD003033,2026-03-02,C0259,P009,R003,2,0.1,130000,85000,260000,26000.0,234000.0,170000,64000.0
ORD000912,2026-03-02,C0253,P006,R003,3,0.0,95000,62000,285000,0.0,285000.0,186000,99000.0
ORD005680,2026-03-02,C0031,P004,R006,5,0.08,140000,98000,700000,56000.0,644000.0,490000,154000.0
ORD001775,2026-03-02,C0199,P003,R008,2,0.15,160000,112000,320000,48000.0,272000.0,224000,48000.0
ORD006845,2026-03-02,C0130,P003,R012,2,0.08,160000,112000,320000,25600.0,294400.0,224000,70400.0
ORD000790,2026-03-02,C0093,P009,R009,8,0.02,130000,85000,1040000,20800.0,1019200.0,680000,339200.0
ORD003671,2026-03-02,C0107,P005,R012,2,0.0,120000,84000,240000,0.0,240000.0,168000,72000.0
ORD007800,2026-03-03,C0118,P004,R006,3,0.15,140000,98000,420000,63000.0,357000.0,294000,63000.0
ORD006482,2026-03-03,C0292,P008,R010,5,0.05,110000,72000,550000,27500.0,522500.0,360000,162500.0
ORD007462,2026-03-03,C0113,P014,R005,1,0.05,18000,10500,18000,900.0,17100.0,10500,6600.0
ORD007681,2026-03-03,C0051,P019,R002,5,0.05,45000,29000,225000,11250.0,213750.0,145000,68750.0
ORD000057,2026-03-03,C0127,P010,R013,2,0.0,320000,215000,640000,0.0,640000.0,430000,210000.0
ORD007780,2026-03-03,C0131,P008,R007,3,0.15,110000,72000,330000,49500.0,280500.0,216000,64500.0
ORD004154,2026-03-03,C0280,P004,R012,1,0.08,140000,98000,140000,11200.0,128800.0,98000,30800.0
ORD007474,2026-03-03,C0167,P004,R011,6,0.02,140000,98000,840000,16800.0,823200.0,588000,235200.0
ORD001874,2026-03-03,C0072,P012,R001,2,0.1,125000,83000,250000,25000.0,225000.0,166000,59000.0
ORD001221,2026-03-03,C0234,P014,R012,1,0.0,18000,10500,18000,0.0,18000.0,10500,7500.0
ORD002613,2026-03-03,C0105,P018,R007,4,0.08,90000,62000,360000,28800.0,331200.0,248000,83200.0
ORD001280,2026-03-03,C0178,P001,R013,6,0.08,350000,245000,2100000,168000.0,1932000.0,1470000,462000.0
ORD004836,2026-03-03,C0193,P001,R012,6,0.08,350000,245000,2100000,168000.0,1932000.0,1470000,462000.0
ORD003878,2026-03-03,C0132,P012,R005,4,0.08,125000,83000,500000,40000.0,460000.0,332000,128000.0
ORD004300,2026-03-03,C0242,P016,R009,1,0.0,55000,35000,55000,0.0,55000.0,35000,20000.0
ORD002179,2026-03-03,C0171,P009,R006,4,0.2,130000,85000,520000,104000.0,416000.0,340000,76000.0
ORD001199,2026-03-03,C0191,P001,R002,1,0.05,350000,245000,350000,17500.0,332500.0,245000,87500.0
ORD004082,2026-03-03,C0234,P020,R005,4,0.08,22000,13000,88000,7040.0,80960.0,52000,28960.0
ORD004285,2026-03-04,C0232,P013,R002,3,0.02,30000,18500,90000,1800.0,88200.0,55500,32700.0
ORD007461,2026-03-04,C0034,P006,R006,2,0.2,95000,62000,190000,38000.0,152000.0,124000,28000.0
ORD004343,2026-03-04,C0085,P018,R011,2,0.1,90000,62000,180000,18000.0,162000.0,124000,38000.0
ORD001054,2026-03-04,C0174,P015,R007,5,0.0,35000,21000,175000,0.0,175000.0,105000,70000.0
ORD005383,2026-03-04,C0246,P006,R006,2,0.02,95000,62000,190000,3800.0,186200.0,124000,62200.0
ORD007981,2026-03-04,C0257,P003,R008,8,0.02,160000,112000,1280000,25600.0,1254400.0,896000,358400.0
ORD002804,2026-03-04,C0191,P005,R012,3,0.08,120000,84000,360000,28800.0,331200.0,252000,79200.0
ORD002578,2026-03-04,C0283,P011,R012,6,0.0,85000,57000,510000,0.0,510000.0,342000,168000.0
ORD007191,2026-03-04,C0242,P016,R011,3,0.0,55000,35000,165000,0.0,165000.0,105000,60000.0
ORD001372,2026-03-04,C0081,P001,R004,2,0.08,350000,245000,700000,56000.0,644000.0,490000,154000.0
ORD003429,2026-03-04,C0240,P012,R002,4,0.0,125000,83000,500000,0.0,500000.0,332000,168000.0
ORD006223,2026-03-04,C0154,P009,R007,4,0.0,130000,85000,520000,0.0,520000.0,340000,180000.0
ORD002406,2026-03-04,C0156,P013,R002,2,0.02,30000,18500,60000,1200.0,58800.0,37000,21800.0
ORD001201,2026-03-04,C0161,P004,R004,1,0.02,140000,98000,140000,2800.0,137200.0,98000,39200.0
ORD005255,2026-03-04,C0219,P001,R009,3,0.15,350000,245000,1050000,157500.0,892500.0,735000,157500.0
ORD006418,2026-03-04,C0230,P003,R002,4,0.15,160000,112000,640000,96000.0,544000.0,448000,96000.0
ORD003119,2026-03-05,C0230,P003,R008,4,0.05,160000,112000,640000,32000.0,608000.0,448000,160000.0
ORD000815,2026-03-05,C0026,P019,R010,3,0.05,45000,29000,135000,6750.0,128250.0,87000,41250.0
ORD005347,2026-03-05,C0119,P019,R011,1,0.0,45000,29000,45000,0.0,45000.0,29000,16000.0
ORD004245,2026-03-05,C0178,P020,R012,5,0.05,22000,13000,110000,5500.0,104500.0,65000,39500.0
ORD004422,2026-03-05,C0190,P015,R007,3,0.0,35000,21000,105000,0.0,105000.0,63000,42000.0
ORD005997,2026-03-05,C0271,P002,R001,4,0.02,220000,155000,880000,17600.0,862400.0,620000,242400.0
ORD004113,2026-03-05,C0274,P016,R011,1,0.2,55000,35000,55000,11000.0,44000.0,35000,9000.0
ORD000583,2026-03-05,C0172,P008,R003,2,0.2,110000,72000,220000,44000.0,176000.0,144000,32000.0
ORD005819,2026-03-05,C0179,P014,R013,4,0.05,18000,10500,72000,3600.0,68400.0,42000,26400.0
ORD004324,2026-03-05,C0015,P019,R004,2,0.0,45000,29000,90000,0.0,90000.0,58000,32000.0
ORD004840,2026-03-05,C0244,P001,R003,5,0.08,350000,245000,1750000,140000.0,1610000.0,1225000,385000.0
ORD003681,2026-03-05,C0013,P012,R007,4,0.05,125000,83000,500000,25000.0,475000.0,332000,143000.0
ORD003164,2026-03-05,C0084,P018,R010,1,0.15,90000,62000,90000,13500.0,76500.0,62000,14500.0
ORD001441,2026-03-05,C0099,P020,R005,1,0.1,22000,13000,22000,2200.0,19800.0,13000,6800.0
ORD002152,2026-03-05,C0006,P006,R009,1,0.02,95000,62000,95000,1900.0,93100.0,62000,31100.0
ORD003733,2026-03-05,C0145,P009,R002,4,0.05,130000,85000,520000,26000.0,494000.0,340000,154000.0
ORD005189,2026-03-05,C0023,P008,R008,6,0.1,110000,72000,660000,66000.0,594000.0,432000,162000.0
ORD003303,2026-03-06,C0245,P013,R010,3,0.05,30000,18500,90000,4500.0,85500.0,55500,30000.0
ORD001000,2026-03-06,C0091,P010,R010,3,0.08,320000,215000,960000,76800.0,883200.0,645000,238200.0
ORD002197,2026-03-06,C0130,P015,R009,1,0.08,35000,21000,35000,2800.0,32200.0,21000,11200.0
ORD000967,2026-03-06,C0266,P010,R009,3,0.02,320000,215000,960000,19200.0,940800.0,645000,295800.0
ORD005844,2026-03-06,C0199,P013,R013,8,0.05,30000,18500,240000,12000.0,228000.0,148000,80000.0
ORD002216,2026-03-07,C0134,P020,R003,6,0.1,22000,13000,132000,13200.0,118800.0,78000,40800.0
ORD002109,2026-03-07,C0130,P020,R013,1,0.0,22000,13000,22000,0.0,22000.0,13000,9000.0
ORD002036,2026-03-07,C0122,P016,R001,2,0.08,55000,35000,110000,8800.0,101200.0,70000,31200.0
ORD000540,2026-03-07,C0116,P008,R002,1,0.08,110000,72000,110000,8800.0,101200.0,72000,29200.0
ORD002424,2026-03-07,C0045,P003,R007,1,0.0,160000,112000,160000,0.0,160000.0,112000,48000.0
ORD006761,2026-03-07,C0212,P009,R010,3,0.1,130000,85000,390000,39000.0,351000.0,255000,96000.0
ORD004716,2026-03-07,C0263,P020,R003,5,0.05,22000,13000,110000,5500.0,104500.0,65000,39500.0
ORD007367,2026-03-07,C0143,P018,R012,1,0.1,90000,62000,90000,9000.0,81000.0,62000,19000.0
ORD007901,2026-03-07,C0248,P018,R004,3,0.0,90000,62000,270000,0.0,270000.0,186000,84000.0
ORD003832,2026-03-07,C0272,P003,R007,4,0.08,160000,112000,640000,51200.0,588800.0,448000,140800.0
ORD003861,2026-03-07,C0244,P004,R001,1,0.15,140000,98000,140000,21000.0,119000.0,98000,21000.0
ORD007194,2026-03-07,C0264,P016,R008,3,0.08,55000,35000,165000,13200.0,151800.0,105000,46800.0
ORD004704,2026-03-07,C0106,P001,R012,3,0.08,350000,245000,1050000,84000.0,966000.0,735000,231000.0
ORD007390,2026-03-07,C0293,P010,R007,1,0.0,320000,215000,320000,0.0,320000.0,215000,105000.0
ORD004580,2026-03-08,C0241,P012,R011,3,0.0,125000,83000,375000,0.0,375000.0,249000,126000.0
ORD005943,2026-03-08,C0102,P008,R010,1,0.0,110000,72000,110000,0.0,110000.0,72000,38000.0
ORD001748,2026-03-08,C0025,P002,R007,2,0.05,220000,155000,440000,22000.0,418000.0,310000,108000.0
ORD000036,2026-03-08,C0049,P010,R007,5,0.0,320000,215000,1600000,0.0,1600000.0,1075000,525000.0
ORD001344,2026-03-08,C0110,P004,R001,2,0.05,140000,98000,280000,14000.0,266000.0,196000,70000.0
ORD006314,2026-03-08,C0215,P019,R008,4,0.1,45000,29000,180000,18000.0,162000.0,116000,46000.0
ORD006901,2026-03-08,C0095,P010,R013,8,0.05,320000,215000,2560000,128000.0,2432000.0,1720000,712000.0
ORD002018,2026-03-08,C0262,P013,R008,3,0.15,30000,18500,90000,13500.0,76500.0,55500,21000.0
ORD007949,2026-03-08,C0201,P002,R003,2,0.0,220000,155000,440000,0.0,440000.0,310000,130000.0
ORD002073,2026-03-08,C0296,P018,R011,3,0.1,90000,62000,270000,27000.0,243000.0,186000,57000.0
ORD004388,2026-03-08,C0283,P006,R011,1,0.02,95000,62000,95000,1900.0,93100.0,62000,31100.0
ORD003715,2026-03-08,C0189,P020,R003,4,0.02,22000,13000,88000,1760.0,86240.0,52000,34240.0
ORD005660,2026-03-08,C0219,P015,R013,1,0.0,35000,21000,35000,0.0,35000.0,21000,14000.0
ORD004322,2026-03-08,C0112,P008,R012,2,0.08,110000,72000,220000,17600.0,202400.0,144000,58400.0
ORD000821,2026-03-08,C0049,P006,R011,8,0.1,95000,62000,760000,76000.0,684000.0,496000,188000.0
ORD002695,2026-03-09,C0104,P010,R013,1,0.1,320000,215000,320000,32000.0,288000.0,215000,73000.0
ORD003623,2026-03-09,C0186,P006,R007,3,0.05,95000,62000,285000,14250.0,270750.0,186000,84750.0
ORD003083,2026-03-09,C0281,P009,R012,10,0.0,130000,85000,1300000,0.0,1300000.0,850000,450000.0
ORD004243,2026-03-09,C0151,P004,R011,5,0.2,140000,98000,700000,140000.0,560000.0,490000,70000.0
ORD005372,2026-03-09,C0263,P006,R002,1,0.15,95000,62000,95000,14250.0,80750.0,62000,18750.0
ORD007389,2026-03-09,C0043,P001,R005,2,0.1,350000,245000,700000,70000.0,630000.0,490000,140000.0
ORD004864,2026-03-09,C0259,P012,R005,1,0.08,125000,83000,125000,10000.0,115000.0,83000,32000.0
ORD006084,2026-03-09,C0292,P003,R003,1,0.15,160000,112000,160000,24000.0,136000.0,112000,24000.0
ORD005205,2026-03-09,C0254,P004,R010,3,0.05,140000,98000,420000,21000.0,399000.0,294000,105000.0
ORD007386,2026-03-09,C0145,P015,R012,2,0.05,35000,21000,70000,3500.0,66500.0,42000,24500.0
ORD006159,2026-03-09,C0151,P007,R009,6,0.15,180000,118000,1080000,162000.0,918000.0,708000,210000.0
ORD005799,2026-03-09,C0212,P009,R010,1,0.0,130000,85000,130000,0.0,130000.0,85000,45000.0
ORD007580,2026-03-09,C0085,P002,R009,2,0.05,220000,155000,440000,22000.0,418000.0,310000,108000.0
ORD007292,2026-03-09,C0084,P005,R010,2,0.08,120000,84000,240000,19200.0,220800.0,168000,52800.0
ORD004881,2026-03-09,C0194,P001,R003,2,0.1,350000,245000,700000,70000.0,630000.0,490000,140000.0
ORD003259,2026-03-09,C0010,P001,R005,2,0.05,350000,245000,700000,35000.0,665000.0,490000,175000.0
ORD003304,2026-03-10,C0268,P011,R013,8,0.15,85000,57000,680000,102000.0,578000.0,456000,122000.0
ORD005190,2026-03-10,C0189,P019,R004,2,0.02,45000,29000,90000,1800.0,88200.0,58000,30200.0
ORD007884,2026-03-10,C0207,P005,R006,3,0.15,120000,84000,360000,54000.0,306000.0,252000,54000.0
ORD002527,2026-03-10,C0097,P005,R001,3,0.02,120000,84000,360000,7200.0,352800.0,252000,100800.0
ORD002191,2026-03-10,C0298,P020,R003,2,0.05,22000,13000,44000,2200.0,41800.0,26000,15800.0
ORD003612,2026-03-10,C0197,P006,R009,2,0.02,95000,62000,190000,3800.0,186200.0,124000,62200.0
ORD004764,2026-03-10,C0288,P004,R005,2,0.0,140000,98000,280000,0.0,280000.0,196000,84000.0
ORD007143,2026-03-10,C0221,P006,R010,3,0.15,95000,62000,285000,42750.0,242250.0,186000,56250.0
ORD007406,2026-03-10,C0055,P019,R012,1,0.05,45000,29000,45000,2250.0,42750.0,29000,13750.0
ORD003306,2026-03-10,C0220,P010,R002,1,0.0,320000,215000,320000,0.0,320000.0,215000,105000.0
ORD005759,2026-03-10,C0118,P005,R012,1,0.05,120000,84000,120000,6000.0,114000.0,84000,30000.0
ORD001925,2026-03-10,C0029,P006,R005,5,0.02,95000,62000,475000,9500.0,465500.0,310000,155500.0
ORD006682,2026-03-10,C0184,P012,R002,4,0.15,125000,83000,500000,75000.0,425000.0,332000,93000.0
ORD007860,2026-03-10,C0188,P007,R010,1,0.15,180000,118000,180000,27000.0,153000.0,118000,35000.0
ORD004496,2026-03-10,C0113,P011,R011,8,0.08,85000,57000,680000,54400.0,625600.0,456000,169600.0
ORD007400,2026-03-10,C0236,P014,R004,4,0.15,18000,10500,72000,10800.0,61200.0,42000,19200.0
ORD004706,2026-03-11,C0088,P005,R008,2,0.08,120000,84000,240000,19200.0,220800.0,168000,52800.0
ORD001846,2026-03-11,C0264,P013,R005,1,0.0,30000,18500,30000,0.0,30000.0,18500,11500.0
ORD001578,2026-03-11,C0033,P002,R010,8,0.05,220000,155000,1760000,88000.0,1672000.0,1240000,432000.0
ORD001633,2026-03-11,C0211,P005,R005,1,0.0,120000,84000,120000,0.0,120000.0,84000,36000.0
ORD005068,2026-03-11,C0093,P014,R013,2,0.15,18000,10500,36000,5400.0,30600.0,21000,9600.0
ORD000416,2026-03-11,C0197,P010,R011,2,0.15,320000,215000,640000,96000.0,544000.0,430000,114000.0
ORD000731,2026-03-11,C0060,P014,R004,2,0.02,18000,10500,36000,720.0,35280.0,21000,14280.0
ORD000279,2026-03-11,C0258,P008,R007,2,0.05,110000,72000,220000,11000.0,209000.0,144000,65000.0
ORD000025,2026-03-11,C0215,P011,R008,2,0.0,85000,57000,170000,0.0,170000.0,114000,56000.0
ORD003973,2026-03-11,C0013,P013,R010,1,0.02,30000,18500,30000,600.0,29400.0,18500,10900.0
ORD007844,2026-03-11,C0266,P010,R007,1,0.05,320000,215000,320000,16000.0,304000.0,215000,89000.0
ORD000273,2026-03-11,C0281,P020,R012,5,0.05,22000,13000,110000,5500.0,104500.0,65000,39500.0
ORD007226,2026-03-11,C0133,P018,R009,4,0.02,90000,62000,360000,7200.0,352800.0,248000,104800.0
ORD003124,2026-03-11,C0140,P010,R012,6,0.15,320000,215000,1920000,288000.0,1632000.0,1290000,342000.0
ORD000578,2026-03-11,C0140,P014,R005,2,0.1,18000,10500,36000,3600.0,32400.0,21000,11400.0
ORD004385,2026-03-11,C0201,P003,R001,4,0.08,160000,112000,640000,51200.0,588800.0,448000,140800.0
ORD004076,2026-03-11,C0091,P013,R013,2,0.2,30000,18500,60000,12000.0,48000.0,37000,11000.0
ORD002244,2026-03-11,C0166,P019,R001,5,0.05,45000,29000,225000,11250.0,213750.0,145000,68750.0
ORD001587,2026-03-12,C0297,P006,R004,1,0.05,95000,62000,95000,4750.0,90250.0,62000,28250.0
ORD007997,2026-03-12,C0071,P005,R003,1,0.05,120000,84000,120000,6000.0,114000.0,84000,30000.0
ORD005074,2026-03-12,C0137,P003,R006,10,0.0,160000,112000,1600000,0.0,1600000.0,1120000,480000.0
ORD001465,2026-03-12,C0160,P002,R002,2,0.05,220000,155000,440000,22000.0,418000.0,310000,108000.0
ORD000544,2026-03-12,C0268,P014,R004,3,0.15,18000,10500,54000,8100.0,45900.0,31500,14400.0
ORD007250,2026-03-12,C0073,P013,R009,3,0.15,30000,18500,90000,13500.0,76500.0,55500,21000.0
ORD007001,2026-03-12,C0145,P019,R003,6,0.0,45000,29000,270000,0.0,270000.0,174000,96000.0
ORD007683,2026-03-12,C0090,P012,R010,2,0.1,125000,83000,250000,25000.0,225000.0,166000,59000.0
ORD001871,2026-03-12,C0023,P012,R010,2,0.05,125000,83000,250000,12500.0,237500.0,166000,71500.0
ORD004918,2026-03-12,C0273,P004,R002,1,0.0,140000,98000,140000,0.0,140000.0,98000,42000.0
ORD005319,2026-03-12,C0165,P003,R010,2,0.1,160000,112000,320000,32000.0,288000.0,224000,64000.0
ORD003862,2026-03-12,C0267,P020,R010,2,0.1,22000,13000,44000,4400.0,39600.0,26000,13600.0
ORD002947,2026-03-12,C0247,P018,R010,2,0.15,90000,62000,180000,27000.0,153000.0,124000,29000.0
ORD001657,2026-03-12,C0044,P002,R002,3,0.05,220000,155000,660000,33000.0,627000.0,465000,162000.0
ORD001546,2026-03-12,C0260,P020,R011,1,0.08,22000,13000,22000,1760.0,20240.0,13000,7240.0
ORD002743,2026-03-12,C0229,P017,R006,3,0.05,75000,50000,225000,11250.0,213750.0,150000,63750.0
ORD006343,2026-03-13,C0124,P017,R008,3,0.0,75000,50000,225000,0.0,225000.0,150000,75000.0
ORD002000,2026-03-13,C0186,P012,R005,3,0.0,125000,83000,375000,0.0,375000.0,249000,126000.0
ORD006123,2026-03-13,C0024,P003,R003,1,0.1,160000,112000,160000,16000.0,144000.0,112000,32000.0
ORD001705,2026-03-13,C0115,P019,R003,3,0.0,45000,29000,135000,0.0,135000.0,87000,48000.0
ORD007716,2026-03-13,C0153,P006,R009,5,0.0,95000,62000,475000,0.0,475000.0,310000,165000.0
ORD004042,2026-03-13,C0243,P012,R005,5,0.0,125000,83000,625000,0.0,625000.0,415000,210000.0
ORD003212,2026-03-13,C0212,P013,R002,5,0.0,30000,18500,150000,0.0,150000.0,92500,57500.0
ORD002361,2026-03-13,C0087,P016,R005,5,0.05,55000,35000,275000,13750.0,261250.0,175000,86250.0
ORD000242,2026-03-13,C0254,P019,R013,4,0.08,45000,29000,180000,14400.0,165600.0,116000,49600.0
ORD000392,2026-03-13,C0059,P017,R011,5,0.0,75000,50000,375000,0.0,375000.0,250000,125000.0
ORD005985,2026-03-13,C0065,P017,R008,3,0.02,75000,50000,225000,4500.0,220500.0,150000,70500.0
ORD000915,2026-03-13,C0266,P018,R009,4,0.2,90000,62000,360000,72000.0,288000.0,248000,40000.0
ORD007701,2026-03-14,C0232,P006,R002,4,0.0,95000,62000,380000,0.0,380000.0,248000,132000.0
ORD006746,2026-03-14,C0100,P003,R008,1,0.1,160000,112000,160000,16000.0,144000.0,112000,32000.0
ORD005019,2026-03-14,C0061,P018,R009,1,0.02,90000,62000,90000,1800.0,88200.0,62000,26200.0
ORD002039,2026-03-14,C0045,P007,R005,2,0.05,180000,118000,360000,18000.0,342000.0,236000,106000.0
ORD002457,2026-03-14,C0231,P015,R006,4,0.0,35000,21000,140000,0.0,140000.0,84000,56000.0
ORD002149,2026-03-14,C0104,P013,R013,1,0.0,30000,18500,30000,0.0,30000.0,18500,11500.0
ORD007890,2026-03-14,C0208,P006,R002,4,0.1,95000,62000,380000,38000.0,342000.0,248000,94000.0
ORD002635,2026-03-14,C0184,P003,R010,4,0.08,160000,112000,640000,51200.0,588800.0,448000,140800.0
ORD003322,2026-03-14,C0056,P003,R006,1,0.15,160000,112000,160000,24000.0,136000.0,112000,24000.0
ORD004771,2026-03-14,C0205,P013,R002,5,0.2,30000,18500,150000,30000.0,120000.0,92500,27500.0
ORD005630,2026-03-14,C0155,P010,R010,5,0.0,320000,215000,1600000,0.0,1600000.0,1075000,525000.0
ORD000261,2026-03-14,C0110,P020,R003,1,0.05,22000,13000,22000,1100.0,20900.0,13000,7900.0
ORD003660,2026-03-14,C0092,P010,R001,6,0.02,320000,215000,1920000,38400.0,1881600.0,1290000,591600.0
ORD006500,2026-03-14,C0251,P019,R005,4,0.1,45000,29000,180000,18000.0,162000.0,116000,46000.0
ORD004111,2026-03-14,C0258,P019,R004,6,0.05,45000,29000,270000,13500.0,256500.0,174000,82500.0
ORD002555,2026-03-14,C0240,P004,R001,1,0.02,140000,98000,140000,2800.0,137200.0,98000,39200.0
ORD006958,2026-03-15,C0126,P017,R003,3,0.0,75000,50000,225000,0.0,225000.0,150000,75000.0
ORD004078,2026-03-15,C0079,P005,R002,2,0.05,120000,84000,240000,12000.0,228000.0,168000,60000.0
ORD004540,2026-03-15,C0025,P006,R009,5,0.0,95000,62000,475000,0.0,475000.0,310000,165000.0
ORD004368,2026-03-15,C0091,P004,R010,2,0.1,140000,98000,280000,28000.0,252000.0,196000,56000.0
ORD003665,2026-03-15,C0107,P008,R007,4,0.1,110000,72000,440000,44000.0,396000.0,288000,108000.0
ORD007919,2026-03-15,C0288,P012,R012,2,0.05,125000,83000,250000,12500.0,237500.0,166000,71500.0
ORD004435,2026-03-15,C0103,P008,R007,1,0.05,110000,72000,110000,5500.0,104500.0,72000,32500.0
ORD006621,2026-03-15,C0217,P008,R011,2,0.05,110000,72000,220000,11000.0,209000.0,144000,65000.0
ORD001339,2026-03-15,C0057,P020,R005,1,0.02,22000,13000,22000,440.0,21560.0,13000,8560.0
ORD004673,2026-03-15,C0032,P001,R007,2,0.02,350000,245000,700000,14000.0,686000.0,490000,196000.0
ORD004349,2026-03-15,C0211,P001,R013,1,0.1,350000,245000,350000,35000.0,315000.0,245000,70000.0
ORD004653,2026-03-15,C0176,P009,R010,3,0.02,130000,85000,390000,7800.0,382200.0,255000,127200.0
ORD004336,2026-03-15,C0006,P008,R005,4,0.05,110000,72000,440000,22000.0,418000.0,288000,130000.0
ORD005746,2026-03-15,C0196,P009,R008,5,0.08,130000,85000,650000,52000.0,598000.0,425000,173000.0
ORD002875,2026-03-15,C0111,P002,R013,8,0.0,220000,155000,1760000,0.0,1760000.0,1240000,520000.0
ORD003329,2026-03-15,C0288,P008,R001,4,0.1,110000,72000,440000,44000.0,396000.0,288000,108000.0
ORD003437,2026-03-15,C0108,P012,R002,3,0.1,125000,83000,375000,37500.0,337500.0,249000,88500.0
ORD005489,2026-03-15,C0185,P019,R003,6,0.15,45000,29000,270000,40500.0,229500.0,174000,55500.0
ORD003409,2026-03-15,C0174,P020,R004,1,0.08,22000,13000,22000,1760.0,20240.0,13000,7240.0
ORD006183,2026-03-15,C0088,P016,R008,2,0.08,55000,35000,110000,8800.0,101200.0,70000,31200.0
ORD006414,2026-03-15,C0170,P017,R005,4,0.15,75000,50000,300000,45000.0,255000.0,200000,55000.0
ORD006400,2026-03-16,C0291,P010,R011,6,0.0,320000,215000,1920000,0.0,1920000.0,1290000,630000.0
ORD004345,2026-03-16,C0058,P005,R012,1,0.05,120000,84000,120000,6000.0,114000.0,84000,30000.0
ORD007729,2026-03-16,C0268,P016,R009,1,0.05,55000,35000,55000,2750.0,52250.0,35000,17250.0
ORD000828,2026-03-16,C0259,P012,R005,3,0.05,125000,83000,375000,18750.0,356250.0,249000,107250.0
ORD000807,2026-03-16,C0242,P004,R012,4,0.1,140000,98000,560000,56000.0,504000.0,392000,112000.0
ORD004737,2026-03-16,C0108,P011,R001,4,0.02,85000,57000,340000,6800.0,333200.0,228000,105200.0
ORD007655,2026-03-16,C0108,P002,R010,3,0.05,220000,155000,660000,33000.0,627000.0,465000,162000.0
ORD000983,2026-03-16,C0227,P010,R008,2,0.1,320000,215000,640000,64000.0,576000.0,430000,146000.0
ORD004680,2026-03-16,C0279,P020,R009,6,0.02,22000,13000,132000,2640.0,129360.0,78000,51360.0
ORD002186,2026-03-16,C0172,P013,R012,5,0.02,30000,18500,150000,3000.0,147000.0,92500,54500.0
ORD003995,2026-03-16,C0207,P016,R007,1,0.15,55000,35000,55000,8250.0,46750.0,35000,11750.0
ORD002170,2026-03-16,C0075,P018,R007,4,0.05,90000,62000,360000,18000.0,342000.0,248000,94000.0
ORD006093,2026-03-16,C0134,P016,R007,3,0.0,55000,35000,165000,0.0,165000.0,105000,60000.0
ORD004074,2026-03-16,C0079,P011,R011,4,0.05,85000,57000,340000,17000.0,323000.0,228000,95000.0
ORD006572,2026-03-17,C0156,P019,R003,6,0.08,45000,29000,270000,21600.0,248400.0,174000,74400.0
ORD000486,2026-03-17,C0190,P016,R008,8,0.0,55000,35000,440000,0.0,440000.0,280000,160000.0
ORD003885,2026-03-17,C0178,P009,R010,4,0.02,130000,85000,520000,10400.0,509600.0,340000,169600.0
ORD000412,2026-03-17,C0114,P005,R006,1,0.02,120000,84000,120000,2400.0,117600.0,84000,33600.0
ORD004308,2026-03-17,C0012,P005,R012,10,0.02,120000,84000,1200000,24000.0,1176000.0,840000,336000.0
ORD001351,2026-03-17,C0042,P003,R005,10,0.05,160000,112000,1600000,80000.0,1520000.0,1120000,400000.0
ORD006819,2026-03-17,C0088,P007,R008,1,0.02,180000,118000,180000,3600.0,176400.0,118000,58400.0
ORD003901,2026-03-17,C0151,P004,R001,2,0.08,140000,98000,280000,22400.0,257600.0,196000,61600.0
ORD004146,2026-03-17,C0254,P003,R006,4,0.08,160000,112000,640000,51200.0,588800.0,448000,140800.0
ORD007887,2026-03-17,C0158,P014,R011,2,0.08,18000,10500,36000,2880.0,33120.0,21000,12120.0
ORD005519,2026-03-17,C0170,P013,R002,3,0.0,30000,18500,90000,0.0,90000.0,55500,34500.0
ORD005006,2026-03-17,C0111,P003,R005,5,0.02,160000,112000,800000,16000.0,784000.0,560000,224000.0
ORD001801,2026-03-17,C0191,P006,R002,4,0.02,95000,62000,380000,7600.0,372400.0,248000,124400.0
ORD002068,2026-03-17,C0259,P016,R006,1,0.0,55000,35000,55000,0.0,55000.0,35000,20000.0
ORD006263,2026-03-17,C0041,P005,R004,6,0.08,120000,84000,720000,57600.0,662400.0,504000,158400.0
ORD005811,2026-03-17,C0095,P004,R007,1,0.0,140000,98000,140000,0.0,140000.0,98000,42000.0
ORD004061,2026-03-17,C0075,P015,R002,5,0.05,35000,21000,175000,8750.0,166250.0,105000,61250.0
ORD002538,2026-03-17,C0043,P015,R002,2,0.02,35000,21000,70000,1400.0,68600.0,42000,26600.0
ORD000187,2026-03-17,C0076,P005,R012,1,0.0,120000,84000,120000,0.0,120000.0,84000,36000.0
ORD002394,2026-03-17,C0108,P004,R007,2,0.02,140000,98000,280000,5600.0,274400.0,196000,78400.0
ORD001389,2026-03-18,C0242,P016,R011,6,0.15,55000,35000,330000,49500.0,280500.0,210000,70500.0
ORD004637,2026-03-18,C0215,P017,R009,4,0.0,75000,50000,300000,0.0,300000.0,200000,100000.0
ORD000667,2026-03-18,C0080,P013,R007,4,0.05,30000,18500,120000,6000.0,114000.0,74000,40000.0
ORD003176,2026-03-18,C0068,P014,R002,1,0.0,18000,10500,18000,0.0,18000.0,10500,7500.0
ORD005577,2026-03-18,C0169,P017,R003,6,0.2,75000,50000,450000,90000.0,360000.0,300000,60000.0
ORD003263,2026-03-18,C0258,P014,R007,5,0.05,18000,10500,90000,4500.0,85500.0,52500,33000.0
ORD004196,2026-03-18,C0232,P012,R012,1,0.0,125000,83000,125000,0.0,125000.0,83000,42000.0
ORD004821,2026-03-18,C0004,P004,R004,5,0.15,140000,98000,700000,105000.0,595000.0,490000,105000.0
ORD006140,2026-03-18,C0065,P016,R001,4,0.05,55000,35000,220000,11000.0,209000.0,140000,69000.0
ORD007227,2026-03-18,C0189,P012,R004,3,0.05,125000,83000,375000,18750.0,356250.0,249000,107250.0
ORD006835,2026-03-18,C0261,P006,R013,5,0.05,95000,62000,475000,23750.0,451250.0,310000,141250.0
ORD001962,2026-03-18,C0296,P013,R008,8,0.05,30000,18500,240000,12000.0,228000.0,148000,80000.0
ORD004901,2026-03-18,C0051,P007,R003,8,0.0,180000,118000,1440000,0.0,1440000.0,944000,496000.0
ORD000046,2026-03-18,C0129,P005,R013,5,0.0,120000,84000,600000,0.0,600000.0,420000,180000.0
ORD001594,2026-03-18,C0195,P007,R004,5,0.1,180000,118000,900000,90000.0,810000.0,590000,220000.0
ORD007016,2026-03-18,C0041,P007,R006,6,0.15,180000,118000,1080000,162000.0,918000.0,708000,210000.0
ORD007369,2026-03-18,C0287,P002,R011,2,0.2,220000,155000,440000,88000.0,352000.0,310000,42000.0
ORD007339,2026-03-18,C0299,P001,R012,1,0.2,350000,245000,350000,70000.0,280000.0,245000,35000.0
ORD005492,2026-03-18,C0072,P003,R009,4,0.05,160000,112000,640000,32000.0,608000.0,448000,160000.0
ORD003651,2026-03-19,C0105,P001,R012,3,0.0,350000,245000,1050000,0.0,1050000.0,735000,315000.0
ORD006530,2026-03-19,C0032,P012,R013,10,0.05,125000,83000,1250000,62500.0,1187500.0,830000,357500.0
ORD004961,2026-03-19,C0219,P016,R007,6,0.02,55000,35000,330000,6600.0,323400.0,210000,113400.0
ORD007137,2026-03-19,C0235,P008,R006,3,0.05,110000,72000,330000,16500.0,313500.0,216000,97500.0
ORD000610,2026-03-19,C0018,P007,R004,5,0.08,180000,118000,900000,72000.0,828000.0,590000,238000.0
ORD002194,2026-03-19,C0199,P010,R005,3,0.05,320000,215000,960000,48000.0,912000.0,645000,267000.0
ORD002965,2026-03-19,C0210,P005,R007,3,0.1,120000,84000,360000,36000.0,324000.0,252000,72000.0
ORD001978,2026-03-19,C0268,P020,R013,1,0.15,22000,13000,22000,3300.0,18700.0,13000,5700.0
ORD000388,2026-03-19,C0271,P004,R003,2,0.08,140000,98000,280000,22400.0,257600.0,196000,61600.0
ORD007699,2026-03-19,C0216,P002,R008,3,0.02,220000,155000,660000,13200.0,646800.0,465000,181800.0
ORD002894,2026-03-19,C0270,P002,R013,4,0.0,220000,155000,880000,0.0,880000.0,620000,260000.0
ORD004251,2026-03-19,C0030,P020,R012,2,0.08,22000,13000,44000,3520.0,40480.0,26000,14480.0
ORD000769,2026-03-19,C0088,P017,R001,6,0.05,75000,50000,450000,22500.0,427500.0,300000,127500.0
ORD002736,2026-03-19,C0263,P010,R004,4,0.0,320000,215000,1280000,0.0,1280000.0,860000,420000.0
ORD005046,2026-03-19,C0029,P015,R003,2,0.08,35000,21000,70000,5600.0,64400.0,42000,22400.0
ORD002289,2026-03-19,C0016,P015,R012,3,0.0,35000,21000,105000,0.0,105000.0,63000,42000.0
ORD005942,2026-03-19,C0047,P011,R007,1,0.0,85000,57000,85000,0.0,85000.0,57000,28000.0
ORD004089,2026-03-19,C0161,P011,R001,1,0.05,85000,57000,85000,4250.0,80750.0,57000,23750.0
ORD005268,2026-03-20,C0129,P020,R012,2,0.15,22000,13000,44000,6600.0,37400.0,26000,11400.0
ORD006324,2026-03-20,C0110,P006,R013,4,0.08,95000,62000,380000,30400.0,349600.0,248000,101600.0
ORD004829,2026-03-20,C0263,P011,R001,2,0.1,85000,57000,170000,17000.0,153000.0,114000,39000.0
ORD002177,2026-03-20,C0080,P001,R007,3,0.15,350000,245000,1050000,157500.0,892500.0,735000,157500.0
ORD005491,2026-03-20,C0008,P020,R008,4,0.1,22000,13000,88000,8800.0,79200.0,52000,27200.0
ORD004306,2026-03-20,C0292,P001,R009,2,0.0,350000,245000,700000,0.0,700000.0,490000,210000.0
ORD003010,2026-03-20,C0230,P001,R011,3,0.0,350000,245000,1050000,0.0,1050000.0,735000,315000.0
ORD003946,2026-03-20,C0190,P006,R001,3,0.1,95000,62000,285000,28500.0,256500.0,186000,70500.0
ORD007911,2026-03-20,C0060,P004,R001,2,0.05,140000,98000,280000,14000.0,266000.0,196000,70000.0
ORD006365,2026-03-20,C0021,P004,R011,1,0.0,140000,98000,140000,0.0,140000.0,98000,42000.0
ORD004366,2026-03-20,C0063,P008,R009,1,0.05,110000,72000,110000,5500.0,104500.0,72000,32500.0
ORD006472,2026-03-20,C0161,P018,R010,2,0.15,90000,62000,180000,27000.0,153000.0,124000,29000.0
ORD007405,2026-03-20,C0185,P010,R002,2,0.0,320000,215000,640000,0.0,640000.0,430000,210000.0
ORD003432,2026-03-20,C0167,P019,R007,6,0.05,45000,29000,270000,13500.0,256500.0,174000,82500.0
ORD003659,2026-03-21,C0211,P014,R012,3,0.2,18000,10500,54000,10800.0,43200.0,31500,11700.0
ORD004630,2026-03-21,C0085,P013,R002,2,0.2,30000,18500,60000,12000.0,48000.0,37000,11000.0
ORD006108,2026-03-21,C0254,P018,R004,5,0.0,90000,62000,450000,0.0,450000.0,310000,140000.0
ORD002977,2026-03-21,C0280,P009,R007,3,0.0,130000,85000,390000,0.0,390000.0,255000,135000.0
ORD003687,2026-03-21,C0113,P004,R004,6,0.15,140000,98000,840000,126000.0,714000.0,588000,126000.0
ORD005281,2026-03-21,C0270,P006,R002,2,0.02,95000,62000,190000,3800.0,186200.0,124000,62200.0
ORD001097,2026-03-21,C0296,P006,R004,8,0.1,95000,62000,760000,76000.0,684000.0,496000,188000.0
ORD002027,2026-03-21,C0009,P002,R004,6,0.0,220000,155000,1320000,0.0,1320000.0,930000,390000.0
ORD007702,2026-03-21,C0112,P015,R008,5,0.0,35000,21000,175000,0.0,175000.0,105000,70000.0
ORD001312,2026-03-21,C0078,P020,R003,2,0.08,22000,13000,44000,3520.0,40480.0,26000,14480.0
ORD007938,2026-03-21,C0179,P014,R008,2,0.0,18000,10500,36000,0.0,36000.0,21000,15000.0
ORD006922,2026-03-21,C0259,P015,R012,1,0.1,35000,21000,35000,3500.0,31500.0,21000,10500.0
ORD000153,2026-03-21,C0200,P018,R001,4,0.1,90000,62000,360000,36000.0,324000.0,248000,76000.0
ORD007875,2026-03-21,C0270,P016,R011,6,0.0,55000,35000,330000,0.0,330000.0,210000,120000.0
ORD002099,2026-03-21,C0233,P014,R010,3,0.15,18000,10500,54000,8100.0,45900.0,31500,14400.0
ORD003182,2026-03-21,C0220,P003,R013,1,0.05,160000,112000,160000,8000.0,152000.0,112000,40000.0
ORD001823,2026-03-21,C0156,P013,R008,3,0.05,30000,18500,90000,4500.0,85500.0,55500,30000.0
ORD006921,2026-03-21,C0234,P013,R010,4,0.05,30000,18500,120000,6000.0,114000.0,74000,40000.0
ORD000098,2026-03-21,C0222,P014,R012,2,0.08,18000,10500,36000,2880.0,33120.0,21000,12120.0
ORD005851,2026-03-21,C0040,P008,R001,2,0.0,110000,72000,220000,0.0,220000.0,144000,76000.0
ORD007028,2026-03-22,C0221,P012,R008,2,0.0,125000,83000,250000,0.0,250000.0,166000,84000.0
ORD004611,2026-03-22,C0070,P017,R002,4,0.0,75000,50000,300000,0.0,300000.0,200000,100000.0
ORD004585,2026-03-22,C0152,P003,R013,3,0.1,160000,112000,480000,48000.0,432000.0,336000,96000.0
ORD005201,2026-03-22,C0094,P002,R009,6,0.02,220000,155000,1320000,26400.0,1293600.0,930000,363600.0
ORD001396,2026-03-22,C0062,P008,R013,2,0.15,110000,72000,220000,33000.0,187000.0,144000,43000.0
ORD002372,2026-03-22,C0077,P005,R006,6,0.1,120000,84000,720000,72000.0,648000.0,504000,144000.0
ORD003403,2026-03-22,C0095,P006,R008,5,0.2,95000,62000,475000,95000.0,380000.0,310000,70000.0
ORD000252,2026-03-22,C0072,P001,R004,1,0.05,350000,245000,350000,17500.0,332500.0,245000,87500.0
ORD000397,2026-03-22,C0207,P001,R013,3,0.05,350000,245000,1050000,52500.0,997500.0,735000,262500.0
ORD006095,2026-03-22,C0028,P008,R008,5,0.05,110000,72000,550000,27500.0,522500.0,360000,162500.0
ORD006841,2026-03-22,C0043,P001,R006,5,0.15,350000,245000,1750000,262500.0,1487500.0,1225000,262500.0
ORD005920,2026-03-22,C0133,P001,R005,1,0.2,350000,245000,350000,70000.0,280000.0,245000,35000.0
ORD002570,2026-03-22,C0165,P010,R002,2,0.05,320000,215000,640000,32000.0,608000.0,430000,178000.0
ORD002590,2026-03-22,C0081,P006,R006,1,0.0,95000,62000,95000,0.0,95000.0,62000,33000.0
ORD005033,2026-03-22,C0077,P011,R012,4,0.08,85000,57000,340000,27200.0,312800.0,228000,84800.0
ORD003625,2026-03-22,C0166,P013,R007,10,0.1,30000,18500,300000,30000.0,270000.0,185000,85000.0
ORD005287,2026-03-22,C0065,P004,R008,3,0.05,140000,98000,420000,21000.0,399000.0,294000,105000.0
ORD006385,2026-03-22,C0004,P017,R010,2,0.0,75000,50000,150000,0.0,150000.0,100000,50000.0
ORD004831,2026-03-23,C0231,P013,R006,4,0.0,30000,18500,120000,0.0,120000.0,74000,46000.0
ORD004588,2026-03-23,C0176,P012,R003,3,0.0,125000,83000,375000,0.0,375000.0,249000,126000.0
ORD005005,2026-03-23,C0263,P003,R006,2,0.0,160000,112000,320000,0.0,320000.0,224000,96000.0
ORD001479,2026-03-23,C0097,P019,R005,2,0.2,45000,29000,90000,18000.0,72000.0,58000,14000.0
ORD001865,2026-03-23,C0132,P006,R001,6,0.05,95000,62000,570000,28500.0,541500.0,372000,169500.0
ORD003428,2026-03-23,C0160,P006,R002,6,0.0,95000,62000,570000,0.0,570000.0,372000,198000.0
ORD007222,2026-03-23,C0286,P014,R009,2,0.15,18000,10500,36000,5400.0,30600.0,21000,9600.0
ORD003579,2026-03-23,C0106,P014,R008,6,0.05,18000,10500,108000,5400.0,102600.0,63000,39600.0
ORD000280,2026-03-23,C0005,P014,R012,2,0.0,18000,10500,36000,0.0,36000.0,21000,15000.0
ORD003769,2026-03-23,C0253,P010,R010,5,0.05,320000,215000,1600000,80000.0,1520000.0,1075000,445000.0
ORD007168,2026-03-23,C0146,P006,R010,8,0.08,95000,62000,760000,60800.0,699200.0,496000,203200.0
ORD005588,2026-03-23,C0161,P015,R001,5,0.08,35000,21000,175000,14000.0,161000.0,105000,56000.0
ORD006569,2026-03-23,C0065,P018,R007,1,0.0,90000,62000,90000,0.0,90000.0,62000,28000.0
ORD005516,2026-03-23,C0171,P017,R006,2,0.02,75000,50000,150000,3000.0,147000.0,100000,47000.0
ORD000021,2026-03-23,C0127,P002,R006,3,0.05,220000,155000,660000,33000.0,627000.0,465000,162000.0
ORD005642,2026-03-24,C0073,P005,R009,3,0.0,120000,84000,360000,0.0,360000.0,252000,108000.0
ORD003820,2026-03-24,C0113,P006,R007,3,0.02,95000,62000,285000,5700.0,279300.0,186000,93300.0
ORD002199,2026-03-24,C0122,P020,R007,10,0.0,22000,13000,220000,0.0,220000.0,130000,90000.0
ORD000929,2026-03-24,C0210,P017,R002,3,0.05,75000,50000,225000,11250.0,213750.0,150000,63750.0
ORD004084,2026-03-24,C0132,P020,R010,4,0.05,22000,13000,88000,4400.0,83600.0,52000,31600.0
ORD007631,2026-03-24,C0179,P014,R013,2,0.02,18000,10500,36000,720.0,35280.0,21000,14280.0
ORD004645,2026-03-24,C0046,P007,R004,3,0.02,180000,118000,540000,10800.0,529200.0,354000,175200.0
ORD000478,2026-03-24,C0252,P002,R009,2,0.1,220000,155000,440000,44000.0,396000.0,310000,86000.0
ORD006667,2026-03-24,C0092,P012,R005,2,0.05,125000,83000,250000,12500.0,237500.0,166000,71500.0
ORD003700,2026-03-24,C0065,P012,R011,10,0.1,125000,83000,1250000,125000.0,1125000.0,830000,295000.0
ORD007394,2026-03-25,C0119,P002,R002,1,0.08,220000,155000,220000,17600.0,202400.0,155000,47400.0
ORD003076,2026-03-25,C0060,P005,R013,1,0.0,120000,84000,120000,0.0,120000.0,84000,36000.0
ORD002067,2026-03-25,C0067,P016,R003,4,0.15,55000,35000,220000,33000.0,187000.0,140000,47000.0
ORD001684,2026-03-25,C0068,P011,R012,3,0.15,85000,57000,255000,38250.0,216750.0,171000,45750.0
ORD007557,2026-03-25,C0048,P012,R005,1,0.0,125000,83000,125000,0.0,125000.0,83000,42000.0
ORD005704,2026-03-25,C0095,P002,R008,8,0.05,220000,155000,1760000,88000.0,1672000.0,1240000,432000.0
ORD001569,2026-03-25,C0010,P010,R003,3,0.05,320000,215000,960000,48000.0,912000.0,645000,267000.0
ORD000253,2026-03-25,C0235,P011,R010,5,0.0,85000,57000,425000,0.0,425000.0,285000,140000.0
ORD006614,2026-03-25,C0044,P004,R001,1,0.05,140000,98000,140000,7000.0,133000.0,98000,35000.0
ORD002910,2026-03-25,C0291,P018,R009,1,0.02,90000,62000,90000,1800.0,88200.0,62000,26200.0
ORD007460,2026-03-25,C0195,P019,R010,3,0.0,45000,29000,135000,0.0,135000.0,87000,48000.0
ORD007803,2026-03-25,C0267,P005,R003,1,0.0,120000,84000,120000,0.0,120000.0,84000,36000.0
ORD001423,2026-03-25,C0005,P010,R005,6,0.05,320000,215000,1920000,96000.0,1824000.0,1290000,534000.0
ORD003655,2026-03-25,C0165,P003,R013,5,0.05,160000,112000,800000,40000.0,760000.0,560000,200000.0
ORD001147,2026-03-25,C0032,P002,R011,8,0.02,220000,155000,1760000,35200.0,1724800.0,1240000,484800.0
ORD007841,2026-03-26,C0109,P011,R013,5,0.05,85000,57000,425000,21250.0,403750.0,285000,118750.0
ORD000298,2026-03-26,C0089,P001,R009,2,0.2,350000,245000,700000,140000.0,560000.0,490000,70000.0
ORD007030,2026-03-26,C0058,P005,R011,5,0.05,120000,84000,600000,30000.0,570000.0,420000,150000.0
ORD004229,2026-03-26,C0013,P008,R003,4,0.15,110000,72000,440000,66000.0,374000.0,288000,86000.0
ORD007861,2026-03-26,C0112,P011,R003,5,0.0,85000,57000,425000,0.0,425000.0,285000,140000.0
ORD006965,2026-03-26,C0176,P001,R011,5,0.05,350000,245000,1750000,87500.0,1662500.0,1225000,437500.0
ORD002604,2026-03-26,C0049,P015,R008,6,0.05,35000,21000,210000,10500.0,199500.0,126000,73500.0
ORD004885,2026-03-26,C0039,P011,R008,4,0.0,85000,57000,340000,0.0,340000.0,228000,112000.0
ORD001929,2026-03-26,C0091,P017,R007,2,0.08,75000,50000,150000,12000.0,138000.0,100000,38000.0
ORD005874,2026-03-26,C0201,P011,R006,1,0.05,85000,57000,85000,4250.0,80750.0,57000,23750.0
ORD003047,2026-03-26,C0249,P016,R013,4,0.0,55000,35000,220000,0.0,220000.0,140000,80000.0
ORD000219,2026-03-26,C0125,P007,R001,8,0.02,180000,118000,1440000,28800.0,1411200.0,944000,467200.0
ORD002347,2026-03-26,C0194,P003,R007,3,0.02,160000,112000,480000,9600.0,470400.0,336000,134400.0
ORD001266,2026-03-26,C0086,P006,R005,3,0.2,95000,62000,285000,57000.0,228000.0,186000,42000.0
ORD003275,2026-03-26,C0240,P014,R012,4,0.1,18000,10500,72000,7200.0,64800.0,42000,22800.0
ORD005423,2026-03-26,C0249,P003,R010,4,0.15,160000,112000,640000,96000.0,544000.0,448000,96000.0
ORD000792,2026-03-26,C0052,P002,R011,4,0.2,220000,155000,880000,176000.0,704000.0,620000,84000.0
ORD002121,2026-03-26,C0224,P012,R005,1,0.0,125000,83000,125000,0.0,125000.0,83000,42000.0
ORD002837,2026-03-26,C0036,P002,R003,4,0.15,220000,155000,880000,132000.0,748000.0,620000,128000.0
ORD003551,2026-03-26,C0260,P003,R011,4,0.05,160000,112000,640000,32000.0,608000.0,448000,160000.0
ORD000716,2026-03-26,C0155,P003,R012,3,0.02,160000,112000,480000,9600.0,470400.0,336000,134400.0
ORD004270,2026-03-27,C0194,P001,R001,1,0.05,350000,245000,350000,17500.0,332500.0,245000,87500.0
ORD002158,2026-03-27,C0285,P001,R006,3,0.1,350000,245000,1050000,105000.0,945000.0,735000,210000.0
ORD003093,2026-03-27,C0236,P017,R012,10,0.15,75000,50000,750000,112500.0,637500.0,500000,137500.0
ORD003456,2026-03-27,C0137,P001,R012,2,0.0,350000,245000,700000,0.0,700000.0,490000,210000.0
ORD000160,2026-03-27,C0131,P020,R013,5,0.05,22000,13000,110000,5500.0,104500.0,65000,39500.0
ORD007556,2026-03-27,C0073,P005,R011,2,0.1,120000,84000,240000,24000.0,216000.0,168000,48000.0
ORD003245,2026-03-27,C0123,P011,R005,5,0.02,85000,57000,425000,8500.0,416500.0,285000,131500.0
ORD002813,2026-03-27,C0028,P017,R009,3,0.05,75000,50000,225000,11250.0,213750.0,150000,63750.0
ORD002631,2026-03-27,C0002,P020,R013,5,0.05,22000,13000,110000,5500.0,104500.0,65000,39500.0
ORD002355,2026-03-27,C0179,P018,R003,2,0.0,90000,62000,180000,0.0,180000.0,124000,56000.0
ORD002838,2026-03-28,C0028,P012,R009,3,0.0,125000,83000,375000,0.0,375000.0,249000,126000.0
ORD004758,2026-03-28,C0126,P020,R003,2,0.08,22000,13000,44000,3520.0,40480.0,26000,14480.0
ORD002423,2026-03-28,C0240,P019,R011,3,0.05,45000,29000,135000,6750.0,128250.0,87000,41250.0
ORD002782,2026-03-28,C0202,P008,R010,1,0.05,110000,72000,110000,5500.0,104500.0,72000,32500.0
ORD006570,2026-03-28,C0117,P015,R003,2,0.02,35000,21000,70000,1400.0,68600.0,42000,26600.0
ORD002803,2026-03-28,C0236,P007,R005,5,0.2,180000,118000,900000,180000.0,720000.0,590000,130000.0
ORD007544,2026-03-28,C0057,P001,R004,2,0.02,350000,245000,700000,14000.0,686000.0,490000,196000.0
ORD005222,2026-03-28,C0161,P017,R006,6,0.08,75000,50000,450000,36000.0,414000.0,300000,114000.0
ORD005953,2026-03-28,C0228,P015,R012,4,0.0,35000,21000,140000,0.0,140000.0,84000,56000.0
ORD004005,2026-03-28,C0255,P003,R013,2,0.0,160000,112000,320000,0.0,320000.0,224000,96000.0
ORD000624,2026-03-28,C0131,P013,R008,1,0.1,30000,18500,30000,3000.0,27000.0,18500,8500.0
ORD001316,2026-03-28,C0179,P014,R012,1,0.02,18000,10500,18000,360.0,17640.0,10500,7140.0
ORD006781,2026-03-28,C0028,P011,R009,5,0.08,85000,57000,425000,34000.0,391000.0,285000,106000.0
ORD002900,2026-03-28,C0168,P003,R013,2,0.05,160000,112000,320000,16000.0,304000.0,224000,80000.0
ORD003774,2026-03-28,C0008,P018,R002,4,0.1,90000,62000,360000,36000.0,324000.0,248000,76000.0
ORD007819,2026-03-28,C0137,P012,R012,1,0.0,125000,83000,125000,0.0,125000.0,83000,42000.0
ORD002407,2026-03-28,C0111,P011,R011,5,0.05,85000,57000,425000,21250.0,403750.0,285000,118750.0
ORD001390,2026-03-29,C0054,P003,R012,10,0.0,160000,112000,1600000,0.0,1600000.0,1120000,480000.0
ORD006741,2026-03-29,C0177,P011,R012,3,0.0,85000,57000,255000,0.0,255000.0,171000,84000.0
ORD002793,2026-03-29,C0238,P018,R003,3,0.0,90000,62000,270000,0.0,270000.0,186000,84000.0
ORD002104,2026-03-29,C0093,P002,R005,1,0.1,220000,155000,220000,22000.0,198000.0,155000,43000.0
ORD006076,2026-03-29,C0026,P017,R006,3,0.1,75000,50000,225000,22500.0,202500.0,150000,52500.0
ORD005561,2026-03-29,C0293,P015,R011,3,0.02,35000,21000,105000,2100.0,102900.0,63000,39900.0
ORD006791,2026-03-29,C0007,P005,R006,2,0.08,120000,84000,240000,19200.0,220800.0,168000,52800.0
ORD003755,2026-03-29,C0199,P016,R012,3,0.1,55000,35000,165000,16500.0,148500.0,105000,43500.0
ORD003394,2026-03-29,C0176,P007,R008,10,0.0,180000,118000,1800000,0.0,1800000.0,1180000,620000.0
ORD000987,2026-03-29,C0292,P017,R005,10,0.08,75000,50000,750000,60000.0,690000.0,500000,190000.0
ORD005264,2026-03-29,C0262,P004,R011,4,0.08,140000,98000,560000,44800.0,515200.0,392000,123200.0
ORD002567,2026-03-29,C0020,P020,R008,8,0.0,22000,13000,176000,0.0,176000.0,104000,72000.0
ORD004247,2026-03-29,C0112,P020,R002,6,0.15,22000,13000,132000,19800.0,112200.0,78000,34200.0
ORD000032,2026-03-29,C0015,P005,R011,1,0.08,120000,84000,120000,9600.0,110400.0,84000,26400.0
ORD006672,2026-03-30,C0283,P006,R004,2,0.02,95000,62000,190000,3800.0,186200.0,124000,62200.0
ORD001889,2026-03-30,C0016,P014,R010,1,0.05,18000,10500,18000,900.0,17100.0,10500,6600.0
ORD005864,2026-03-30,C0299,P009,R006,3,0.02,130000,85000,390000,7800.0,382200.0,255000,127200.0
ORD006036,2026-03-30,C0041,P007,R010,2,0.08,180000,118000,360000,28800.0,331200.0,236000,95200.0
ORD007918,2026-03-30,C0177,P007,R007,3,0.0,180000,118000,540000,0.0,540000.0,354000,186000.0
ORD002128,2026-03-30,C0213,P012,R002,4,0.08,125000,83000,500000,40000.0,460000.0,332000,128000.0
ORD003989,2026-03-30,C0294,P008,R013,5,0.02,110000,72000,550000,11000.0,539000.0,360000,179000.0
ORD001956,2026-03-30,C0210,P005,R008,10,0.05,120000,84000,1200000,60000.0,1140000.0,840000,300000.0
ORD001267,2026-03-30,C0133,P017,R002,1,0.08,75000,50000,75000,6000.0,69000.0,50000,19000.0
ORD003777,2026-03-30,C0179,P017,R003,2,0.15,75000,50000,150000,22500.0,127500.0,100000,27500.0
ORD001245,2026-03-30,C0141,P009,R004,3,0.02,130000,85000,390000,7800.0,382200.0,255000,127200.0
ORD000881,2026-03-30,C0237,P010,R007,6,0.15,320000,215000,1920000,288000.0,1632000.0,1290000,342000.0
ORD001521,2026-03-31,C0135,P007,R007,1,0.15,180000,118000,180000,27000.0,153000.0,118000,35000.0
ORD005735,2026-03-31,C0022,P007,R011,1,0.05,180000,118000,180000,9000.0,171000.0,118000,53000.0
ORD001012,2026-03-31,C0213,P008,R011,2,0.02,110000,72000,220000,4400.0,215600.0,144000,71600.0
ORD005060,2026-03-31,C0165,P001,R008,3,0.02,350000,245000,1050000,21000.0,1029000.0,735000,294000.0
ORD001346,2026-03-31,C0051,P008,R003,1,0.0,110000,72000,110000,0.0,110000.0,72000,38000.0
ORD007792,2026-03-31,C0114,P017,R013,3,0.02,75000,50000,225000,4500.0,220500.0,150000,70500.0
ORD000102,2026-03-31,C0251,P004,R002,8,0.08,140000,98000,1120000,89600.0,1030400.0,784000,246400.0
ORD006696,2026-03-31,C0296,P004,R004,5,0.15,140000,98000,700000,105000.0,595000.0,490000,105000.0
ORD006605,2026-03-31,C0247,P019,R007,6,0.05,45000,29000,270000,13500.0,256500.0,174000,82500.0
ORD006284,2026-03-31,C0068,P020,R002,1,0.08,22000,13000,22000,1760.0,20240.0,13000,7240.0
ORD002049,2026-03-31,C0280,P004,R003,6,0.05,140000,98000,840000,42000.0,798000.0,588000,210000.0
ORD000685,2026-03-31,C0040,P017,R006,8,0.02,75000,50000,600000,12000.0,588000.0,400000,188000.0
ORD003231,2026-03-31,C0287,P014,R011,2,0.0,18000,10500,36000,0.0,36000.0,21000,15000.0
ORD004192,2026-03-31,C0087,P008,R010,2,0.02,110000,72000,220000,4400.0,215600.0,144000,71600.0
ORD006580,2026-03-31,C0078,P013,R007,2,0.05,30000,18500,60000,3000.0,57000.0,37000,20000.0
ORD000934,2026-03-31,C0175,P009,R010,3,0.2,130000,85000,390000,78000.0,312000.0,255000,57000.0
ORD003004,2026-03-31,C0162,P012,R003,2,0.0,125000,83000,250000,0.0,250000.0,166000,84000.0
ORD001252,2026-03-31,C0040,P002,R002,2,0.1,220000,155000,440000,44000.0,396000.0,310000,86000.0
ORD002436,2026-03-31,C0111,P002,R004,4,0.05,220000,155000,880000,44000.0,836000.0,620000,216000.0
ORD005928,2026-03-31,C0047,P007,R006,3,0.15,180000,118000,540000,81000.0,459000.0,354000,105000.0
ORD001414,2026-04-01,C0268,P015,R012,6,0.0,35000,21000,210000,0.0,210000.0,126000,84000.0
ORD002628,2026-04-01,C0256,P015,R005,3,0.0,35000,21000,105000,0.0,105000.0,63000,42000.0
ORD007848,2026-04-01,C0216,P008,R001,2,0.0,110000,72000,220000,0.0,220000.0,144000,76000.0
ORD006252,2026-04-01,C0257,P005,R010,6,0.1,120000,84000,720000,72000.0,648000.0,504000,144000.0
ORD002096,2026-04-01,C0021,P012,R001,3,0.0,125000,83000,375000,0.0,375000.0,249000,126000.0
ORD007594,2026-04-01,C0088,P008,R006,4,0.2,110000,72000,440000,88000.0,352000.0,288000,64000.0
ORD002376,2026-04-01,C0076,P016,R006,3,0.15,55000,35000,165000,24750.0,140250.0,105000,35250.0
ORD000165,2026-04-01,C0125,P002,R012,6,0.05,220000,155000,1320000,66000.0,1254000.0,930000,324000.0
ORD006948,2026-04-01,C0015,P020,R008,1,0.15,22000,13000,22000,3300.0,18700.0,13000,5700.0
ORD005636,2026-04-01,C0230,P005,R006,2,0.02,120000,84000,240000,4800.0,235200.0,168000,67200.0
ORD002510,2026-04-01,C0136,P014,R005,8,0.02,18000,10500,144000,2880.0,141120.0,84000,57120.0
ORD007880,2026-04-01,C0232,P003,R006,4,0.02,160000,112000,640000,12800.0,627200.0,448000,179200.0
ORD002547,2026-04-01,C0133,P019,R002,6,0.0,45000,29000,270000,0.0,270000.0,174000,96000.0
ORD001494,2026-04-02,C0229,P006,R002,4,0.1,95000,62000,380000,38000.0,342000.0,248000,94000.0
ORD002505,2026-04-02,C0038,P011,R008,3,0.02,85000,57000,255000,5100.0,249900.0,171000,78900.0
ORD003661,2026-04-02,C0127,P010,R001,2,0.05,320000,215000,640000,32000.0,608000.0,430000,178000.0
ORD007985,2026-04-02,C0206,P008,R003,3,0.05,110000,72000,330000,16500.0,313500.0,216000,97500.0
ORD003764,2026-04-02,C0019,P006,R004,8,0.02,95000,62000,760000,15200.0,744800.0,496000,248800.0
ORD006877,2026-04-02,C0081,P008,R007,1,0.05,110000,72000,110000,5500.0,104500.0,72000,32500.0
ORD004161,2026-04-02,C0059,P007,R010,6,0.15,180000,118000,1080000,162000.0,918000.0,708000,210000.0
ORD007626,2026-04-02,C0103,P008,R010,6,0.1,110000,72000,660000,66000.0,594000.0,432000,162000.0
ORD003039,2026-04-02,C0050,P011,R007,2,0.1,85000,57000,170000,17000.0,153000.0,114000,39000.0
ORD000249,2026-04-02,C0254,P006,R004,3,0.15,95000,62000,285000,42750.0,242250.0,186000,56250.0
ORD004926,2026-04-02,C0053,P005,R011,2,0.05,120000,84000,240000,12000.0,228000.0,168000,60000.0
ORD001931,2026-04-02,C0218,P013,R004,10,0.05,30000,18500,300000,15000.0,285000.0,185000,100000.0
ORD007689,2026-04-02,C0089,P004,R010,2,0.02,140000,98000,280000,5600.0,274400.0,196000,78400.0
ORD000081,2026-04-02,C0171,P019,R009,10,0.0,45000,29000,450000,0.0,450000.0,290000,160000.0
ORD006410,2026-04-02,C0122,P016,R003,4,0.02,55000,35000,220000,4400.0,215600.0,140000,75600.0
ORD003297,2026-04-03,C0256,P018,R012,2,0.05,90000,62000,180000,9000.0,171000.0,124000,47000.0
ORD002800,2026-04-03,C0045,P011,R010,1,0.1,85000,57000,85000,8500.0,76500.0,57000,19500.0
ORD003748,2026-04-03,C0083,P014,R001,3,0.0,18000,10500,54000,0.0,54000.0,31500,22500.0
ORD000244,2026-04-03,C0262,P012,R004,4,0.0,125000,83000,500000,0.0,500000.0,332000,168000.0
ORD003244,2026-04-03,C0167,P010,R009,2,0.15,320000,215000,640000,96000.0,544000.0,430000,114000.0
ORD000599,2026-04-03,C0168,P004,R010,3,0.15,140000,98000,420000,63000.0,357000.0,294000,63000.0
ORD006893,2026-04-03,C0284,P012,R002,1,0.15,125000,83000,125000,18750.0,106250.0,83000,23250.0
ORD005707,2026-04-03,C0180,P002,R001,1,0.1,220000,155000,220000,22000.0,198000.0,155000,43000.0
ORD007439,2026-04-03,C0140,P002,R003,2,0.08,220000,155000,440000,35200.0,404800.0,310000,94800.0
ORD001357,2026-04-04,C0166,P017,R013,2,0.0,75000,50000,150000,0.0,150000.0,100000,50000.0
ORD006313,2026-04-04,C0246,P002,R013,1,0.0,220000,155000,220000,0.0,220000.0,155000,65000.0
ORD002445,2026-04-04,C0297,P018,R013,3,0.05,90000,62000,270000,13500.0,256500.0,186000,70500.0
ORD004720,2026-04-04,C0229,P002,R001,2,0.15,220000,155000,440000,66000.0,374000.0,310000,64000.0
ORD003815,2026-04-04,C0090,P017,R003,5,0.0,75000,50000,375000,0.0,375000.0,250000,125000.0
ORD000446,2026-04-04,C0093,P004,R008,3,0.0,140000,98000,420000,0.0,420000.0,294000,126000.0
ORD002561,2026-04-04,C0207,P009,R013,3,0.05,130000,85000,390000,19500.0,370500.0,255000,115500.0
ORD001304,2026-04-04,C0201,P011,R004,4,0.05,85000,57000,340000,17000.0,323000.0,228000,95000.0
ORD007362,2026-04-04,C0101,P015,R003,5,0.15,35000,21000,175000,26250.0,148750.0,105000,43750.0
ORD004920,2026-04-04,C0024,P020,R002,8,0.05,22000,13000,176000,8800.0,167200.0,104000,63200.0
ORD003250,2026-04-04,C0252,P007,R009,8,0.1,180000,118000,1440000,144000.0,1296000.0,944000,352000.0
ORD007467,2026-04-04,C0165,P018,R002,4,0.08,90000,62000,360000,28800.0,331200.0,248000,83200.0
ORD005118,2026-04-04,C0103,P005,R001,1,0.08,120000,84000,120000,9600.0,110400.0,84000,26400.0
ORD000964,2026-04-04,C0200,P018,R007,6,0.05,90000,62000,540000,27000.0,513000.0,372000,141000.0
ORD000980,2026-04-04,C0250,P016,R010,3,0.0,55000,35000,165000,0.0,165000.0,105000,60000.0
ORD001071,2026-04-04,C0273,P014,R009,3,0.0,18000,10500,54000,0.0,54000.0,31500,22500.0
ORD005950,2026-04-05,C0077,P013,R009,5,0.05,30000,18500,150000,7500.0,142500.0,92500,50000.0
ORD000521,2026-04-05,C0189,P002,R004,2,0.1,220000,155000,440000,44000.0,396000.0,310000,86000.0
ORD003607,2026-04-05,C0224,P016,R005,2,0.2,55000,35000,110000,22000.0,88000.0,70000,18000.0
ORD006892,2026-04-05,C0216,P018,R001,10,0.08,90000,62000,900000,72000.0,828000.0,620000,208000.0
ORD001969,2026-04-05,C0005,P007,R013,4,0.0,180000,118000,720000,0.0,720000.0,472000,248000.0
ORD003580,2026-04-05,C0097,P012,R010,1,0.08,125000,83000,125000,10000.0,115000.0,83000,32000.0
ORD001416,2026-04-05,C0207,P004,R012,1,0.1,140000,98000,140000,14000.0,126000.0,98000,28000.0
ORD001149,2026-04-05,C0266,P002,R013,4,0.0,220000,155000,880000,0.0,880000.0,620000,260000.0
ORD005016,2026-04-05,C0289,P003,R002,1,0.02,160000,112000,160000,3200.0,156800.0,112000,44800.0
ORD000959,2026-04-05,C0156,P017,R007,2,0.15,75000,50000,150000,22500.0,127500.0,100000,27500.0
ORD006187,2026-04-05,C0294,P004,R010,1,0.15,140000,98000,140000,21000.0,119000.0,98000,21000.0
ORD005824,2026-04-06,C0073,P016,R005,5,0.08,55000,35000,275000,22000.0,253000.0,175000,78000.0
ORD000215,2026-04-06,C0075,P007,R001,1,0.02,180000,118000,180000,3600.0,176400.0,118000,58400.0
ORD005220,2026-04-06,C0024,P009,R004,4,0.0,130000,85000,520000,0.0,520000.0,340000,180000.0
ORD004781,2026-04-06,C0068,P020,R001,1,0.0,22000,13000,22000,0.0,22000.0,13000,9000.0
ORD002546,2026-04-06,C0179,P018,R011,2,0.02,90000,62000,180000,3600.0,176400.0,124000,52400.0
ORD005138,2026-04-06,C0095,P013,R009,4,0.1,30000,18500,120000,12000.0,108000.0,74000,34000.0
ORD006744,2026-04-06,C0233,P002,R013,8,0.15,220000,155000,1760000,264000.0,1496000.0,1240000,256000.0
ORD003863,2026-04-06,C0118,P020,R012,1,0.05,22000,13000,22000,1100.0,20900.0,13000,7900.0
ORD007381,2026-04-06,C0063,P008,R012,2,0.1,110000,72000,220000,22000.0,198000.0,144000,54000.0
ORD001663,2026-04-06,C0237,P010,R009,4,0.0,320000,215000,1280000,0.0,1280000.0,860000,420000.0
ORD007466,2026-04-06,C0155,P018,R012,2,0.0,90000,62000,180000,0.0,180000.0,124000,56000.0
ORD005474,2026-04-06,C0054,P004,R011,2,0.08,140000,98000,280000,22400.0,257600.0,196000,61600.0
ORD000234,2026-04-06,C0048,P012,R002,3,0.1,125000,83000,375000,37500.0,337500.0,249000,88500.0
ORD006270,2026-04-07,C0297,P011,R008,10,0.0,85000,57000,850000,0.0,850000.0,570000,280000.0
ORD005804,2026-04-07,C0214,P009,R006,3,0.05,130000,85000,390000,19500.0,370500.0,255000,115500.0
ORD000530,2026-04-07,C0247,P004,R005,5,0.2,140000,98000,700000,140000.0,560000.0,490000,70000.0
ORD006659,2026-04-07,C0180,P019,R001,1,0.08,45000,29000,45000,3600.0,41400.0,29000,12400.0
ORD003705,2026-04-07,C0172,P003,R004,2,0.08,160000,112000,320000,25600.0,294400.0,224000,70400.0
ORD002671,2026-04-07,C0035,P018,R005,2,0.0,90000,62000,180000,0.0,180000.0,124000,56000.0
ORD007486,2026-04-07,C0062,P012,R003,1,0.0,125000,83000,125000,0.0,125000.0,83000,42000.0
ORD001444,2026-04-07,C0151,P007,R011,2,0.05,180000,118000,360000,18000.0,342000.0,236000,106000.0
ORD005825,2026-04-07,C0196,P002,R006,4,0.15,220000,155000,880000,132000.0,748000.0,620000,128000.0
ORD004007,2026-04-07,C0135,P011,R005,3,0.08,85000,57000,255000,20400.0,234600.0,171000,63600.0
ORD003257,2026-04-07,C0026,P020,R012,2,0.05,22000,13000,44000,2200.0,41800.0,26000,15800.0
ORD007215,2026-04-08,C0137,P013,R001,5,0.02,30000,18500,150000,3000.0,147000.0,92500,54500.0
ORD006425,2026-04-08,C0269,P007,R012,1,0.1,180000,118000,180000,18000.0,162000.0,118000,44000.0
ORD007049,2026-04-08,C0044,P011,R012,1,0.0,85000,57000,85000,0.0,85000.0,57000,28000.0
ORD000870,2026-04-08,C0034,P008,R009,1,0.05,110000,72000,110000,5500.0,104500.0,72000,32500.0
ORD001039,2026-04-08,C0257,P018,R012,5,0.0,90000,62000,450000,0.0,450000.0,310000,140000.0
ORD004379,2026-04-08,C0241,P013,R009,8,0.1,30000,18500,240000,24000.0,216000.0,148000,68000.0
ORD001659,2026-04-08,C0042,P005,R009,1,0.05,120000,84000,120000,6000.0,114000.0,84000,30000.0
ORD001607,2026-04-08,C0159,P002,R005,1,0.08,220000,155000,220000,17600.0,202400.0,155000,47400.0
ORD001656,2026-04-08,C0004,P004,R011,5,0.05,140000,98000,700000,35000.0,665000.0,490000,175000.0
ORD006342,2026-04-08,C0074,P004,R010,2,0.0,140000,98000,280000,0.0,280000.0,196000,84000.0
ORD005424,2026-04-08,C0181,P008,R010,2,0.1,110000,72000,220000,22000.0,198000.0,144000,54000.0
ORD006129,2026-04-08,C0032,P015,R010,5,0.0,35000,21000,175000,0.0,175000.0,105000,70000.0
ORD001493,2026-04-08,C0095,P010,R004,5,0.05,320000,215000,1600000,80000.0,1520000.0,1075000,445000.0
ORD007595,2026-04-08,C0010,P008,R008,4,0.05,110000,72000,440000,22000.0,418000.0,288000,130000.0
ORD003729,2026-04-08,C0164,P020,R011,2,0.08,22000,13000,44000,3520.0,40480.0,26000,14480.0
ORD005412,2026-04-08,C0276,P013,R011,6,0.08,30000,18500,180000,14400.0,165600.0,111000,54600.0
ORD006166,2026-04-08,C0130,P008,R004,3,0.05,110000,72000,330000,16500.0,313500.0,216000,97500.0
ORD007154,2026-04-09,C0033,P007,R012,8,0.02,180000,118000,1440000,28800.0,1411200.0,944000,467200.0
ORD005549,2026-04-09,C0021,P008,R008,2,0.1,110000,72000,220000,22000.0,198000.0,144000,54000.0
ORD002817,2026-04-09,C0001,P008,R006,6,0.0,110000,72000,660000,0.0,660000.0,432000,228000.0
ORD005223,2026-04-09,C0255,P015,R009,1,0.02,35000,21000,35000,700.0,34300.0,21000,13300.0
ORD007496,2026-04-09,C0240,P018,R012,1,0.15,90000,62000,90000,13500.0,76500.0,62000,14500.0
ORD004899,2026-04-09,C0073,P008,R008,3,0.1,110000,72000,330000,33000.0,297000.0,216000,81000.0
ORD006790,2026-04-09,C0283,P009,R007,1,0.05,130000,85000,130000,6500.0,123500.0,85000,38500.0
ORD003603,2026-04-09,C0011,P019,R010,2,0.08,45000,29000,90000,7200.0,82800.0,58000,24800.0
ORD004676,2026-04-09,C0032,P016,R003,3,0.05,55000,35000,165000,8250.0,156750.0,105000,51750.0
ORD005520,2026-04-09,C0159,P014,R001,1,0.0,18000,10500,18000,0.0,18000.0,10500,7500.0
ORD005760,2026-04-09,C0263,P002,R012,2,0.02,220000,155000,440000,8800.0,431200.0,310000,121200.0
ORD004570,2026-04-09,C0298,P010,R006,2,0.05,320000,215000,640000,32000.0,608000.0,430000,178000.0
ORD006964,2026-04-09,C0042,P010,R011,2,0.08,320000,215000,640000,51200.0,588800.0,430000,158800.0
ORD007038,2026-04-09,C0129,P019,R007,1,0.2,45000,29000,45000,9000.0,36000.0,29000,7000.0
ORD007469,2026-04-09,C0239,P002,R013,6,0.0,220000,155000,1320000,0.0,1320000.0,930000,390000.0
ORD004294,2026-04-10,C0034,P003,R009,3,0.0,160000,112000,480000,0.0,480000.0,336000,144000.0
ORD002278,2026-04-10,C0090,P020,R009,1,0.02,22000,13000,22000,440.0,21560.0,13000,8560.0
ORD001538,2026-04-10,C0137,P016,R013,4,0.0,55000,35000,220000,0.0,220000.0,140000,80000.0
ORD002001,2026-04-10,C0062,P003,R012,6,0.05,160000,112000,960000,48000.0,912000.0,672000,240000.0
ORD007755,2026-04-10,C0188,P012,R005,2,0.0,125000,83000,250000,0.0,250000.0,166000,84000.0
ORD003847,2026-04-10,C0202,P007,R004,2,0.05,180000,118000,360000,18000.0,342000.0,236000,106000.0
ORD003035,2026-04-10,C0232,P010,R007,2,0.15,320000,215000,640000,96000.0,544000.0,430000,114000.0
ORD002488,2026-04-10,C0123,P012,R004,4,0.08,125000,83000,500000,40000.0,460000.0,332000,128000.0
ORD006988,2026-04-10,C0161,P006,R013,3,0.0,95000,62000,285000,0.0,285000.0,186000,99000.0
ORD003344,2026-04-10,C0289,P005,R006,5,0.0,120000,84000,600000,0.0,600000.0,420000,180000.0
ORD007232,2026-04-11,C0279,P010,R008,1,0.05,320000,215000,320000,16000.0,304000.0,215000,89000.0
ORD000316,2026-04-11,C0297,P012,R012,3,0.02,125000,83000,375000,7500.0,367500.0,249000,118500.0
ORD005343,2026-04-11,C0220,P007,R012,1,0.1,180000,118000,180000,18000.0,162000.0,118000,44000.0
ORD002389,2026-04-11,C0158,P011,R004,5,0.0,85000,57000,425000,0.0,425000.0,285000,140000.0
ORD001653,2026-04-11,C0010,P004,R008,3,0.0,140000,98000,420000,0.0,420000.0,294000,126000.0
ORD006094,2026-04-11,C0171,P001,R003,4,0.05,350000,245000,1400000,70000.0,1330000.0,980000,350000.0
ORD005758,2026-04-11,C0117,P004,R010,5,0.15,140000,98000,700000,105000.0,595000.0,490000,105000.0
ORD006618,2026-04-11,C0091,P011,R007,1,0.02,85000,57000,85000,1700.0,83300.0,57000,26300.0
ORD000749,2026-04-11,C0134,P004,R006,4,0.08,140000,98000,560000,44800.0,515200.0,392000,123200.0
ORD006247,2026-04-11,C0209,P008,R011,1,0.0,110000,72000,110000,0.0,110000.0,72000,38000.0
ORD001453,2026-04-11,C0268,P014,R004,2,0.05,18000,10500,36000,1800.0,34200.0,21000,13200.0
ORD006312,2026-04-11,C0081,P014,R010,2,0.1,18000,10500,36000,3600.0,32400.0,21000,11400.0
ORD001427,2026-04-11,C0128,P002,R011,6,0.05,220000,155000,1320000,66000.0,1254000.0,930000,324000.0
ORD004382,2026-04-11,C0183,P017,R003,8,0.08,75000,50000,600000,48000.0,552000.0,400000,152000.0
ORD007895,2026-04-12,C0256,P001,R003,4,0.02,350000,245000,1400000,28000.0,1372000.0,980000,392000.0
ORD004507,2026-04-12,C0156,P005,R003,1,0.02,120000,84000,120000,2400.0,117600.0,84000,33600.0
ORD001488,2026-04-12,C0250,P006,R004,1,0.02,95000,62000,95000,1900.0,93100.0,62000,31100.0
ORD006813,2026-04-12,C0147,P008,R004,3,0.0,110000,72000,330000,0.0,330000.0,216000,114000.0
ORD004121,2026-04-12,C0254,P011,R003,2,0.2,85000,57000,170000,34000.0,136000.0,114000,22000.0
ORD002064,2026-04-12,C0066,P004,R008,1,0.15,140000,98000,140000,21000.0,119000.0,98000,21000.0
ORD001485,2026-04-12,C0027,P017,R006,5,0.1,75000,50000,375000,37500.0,337500.0,250000,87500.0
ORD004520,2026-04-12,C0189,P002,R013,1,0.0,220000,155000,220000,0.0,220000.0,155000,65000.0
ORD006727,2026-04-12,C0143,P017,R006,10,0.05,75000,50000,750000,37500.0,712500.0,500000,212500.0
ORD000708,2026-04-12,C0164,P016,R005,3,0.15,55000,35000,165000,24750.0,140250.0,105000,35250.0
ORD004523,2026-04-12,C0274,P005,R004,3,0.15,120000,84000,360000,54000.0,306000.0,252000,54000.0
ORD007973,2026-04-12,C0239,P005,R004,3,0.1,120000,84000,360000,36000.0,324000.0,252000,72000.0
ORD003508,2026-04-12,C0202,P019,R003,1,0.05,45000,29000,45000,2250.0,42750.0,29000,13750.0
ORD007582,2026-04-12,C0129,P014,R007,4,0.08,18000,10500,72000,5760.0,66240.0,42000,24240.0
ORD000932,2026-04-12,C0026,P013,R011,2,0.0,30000,18500,60000,0.0,60000.0,37000,23000.0
ORD007532,2026-04-12,C0099,P005,R002,3,0.05,120000,84000,360000,18000.0,342000.0,252000,90000.0
ORD001567,2026-04-12,C0275,P012,R003,2,0.1,125000,83000,250000,25000.0,225000.0,166000,59000.0
ORD006156,2026-04-12,C0152,P010,R006,3,0.08,320000,215000,960000,76800.0,883200.0,645000,238200.0
ORD005250,2026-04-13,C0252,P020,R012,3,0.05,22000,13000,66000,3300.0,62700.0,39000,23700.0
ORD003285,2026-04-13,C0300,P018,R008,3,0.02,90000,62000,270000,5400.0,264600.0,186000,78600.0
ORD002864,2026-04-13,C0054,P007,R003,2,0.1,180000,118000,360000,36000.0,324000.0,236000,88000.0
ORD004316,2026-04-13,C0120,P015,R005,1,0.02,35000,21000,35000,700.0,34300.0,21000,13300.0
ORD003956,2026-04-13,C0001,P001,R011,10,0.0,350000,245000,3500000,0.0,3500000.0,2450000,1050000.0
ORD006630,2026-04-13,C0080,P003,R007,3,0.05,160000,112000,480000,24000.0,456000.0,336000,120000.0
ORD007636,2026-04-13,C0275,P017,R005,5,0.05,75000,50000,375000,18750.0,356250.0,250000,106250.0
ORD001888,2026-04-13,C0199,P009,R013,3,0.02,130000,85000,390000,7800.0,382200.0,255000,127200.0
ORD000407,2026-04-13,C0069,P004,R005,1,0.1,140000,98000,140000,14000.0,126000.0,98000,28000.0
ORD007261,2026-04-13,C0033,P004,R012,6,0.08,140000,98000,840000,67200.0,772800.0,588000,184800.0
ORD005400,2026-04-13,C0026,P007,R006,5,0.2,180000,118000,900000,180000.0,720000.0,590000,130000.0
ORD006046,2026-04-13,C0107,P005,R005,8,0.05,120000,84000,960000,48000.0,912000.0,672000,240000.0
ORD003624,2026-04-14,C0178,P002,R008,3,0.1,220000,155000,660000,66000.0,594000.0,465000,129000.0
ORD002022,2026-04-14,C0286,P001,R013,3,0.05,350000,245000,1050000,52500.0,997500.0,735000,262500.0
ORD007851,2026-04-14,C0213,P011,R010,3,0.0,85000,57000,255000,0.0,255000.0,171000,84000.0
ORD000566,2026-04-14,C0242,P006,R009,5,0.05,95000,62000,475000,23750.0,451250.0,310000,141250.0
ORD000628,2026-04-14,C0252,P018,R001,3,0.0,90000,62000,270000,0.0,270000.0,186000,84000.0
ORD001718,2026-04-14,C0070,P014,R009,1,0.2,18000,10500,18000,3600.0,14400.0,10500,3900.0
ORD007100,2026-04-14,C0113,P013,R006,1,0.15,30000,18500,30000,4500.0,25500.0,18500,7000.0
ORD000111,2026-04-14,C0221,P003,R007,10,0.08,160000,112000,1600000,128000.0,1472000.0,1120000,352000.0
ORD005011,2026-04-14,C0207,P013,R011,4,0.02,30000,18500,120000,2400.0,117600.0,74000,43600.0
ORD005231,2026-04-14,C0139,P001,R004,2,0.08,350000,245000,700000,56000.0,644000.0,490000,154000.0
ORD007587,2026-04-15,C0102,P006,R003,2,0.1,95000,62000,190000,19000.0,171000.0,124000,47000.0
ORD006242,2026-04-15,C0015,P015,R003,5,0.1,35000,21000,175000,17500.0,157500.0,105000,52500.0
ORD003181,2026-04-15,C0214,P019,R001,3,0.0,45000,29000,135000,0.0,135000.0,87000,48000.0
ORD007873,2026-04-15,C0179,P003,R003,1,0.05,160000,112000,160000,8000.0,152000.0,112000,40000.0
ORD006843,2026-04-15,C0296,P008,R006,2,0.05,110000,72000,220000,11000.0,209000.0,144000,65000.0
ORD004695,2026-04-15,C0169,P016,R012,3,0.1,55000,35000,165000,16500.0,148500.0,105000,43500.0
ORD000381,2026-04-15,C0239,P001,R012,3,0.08,350000,245000,1050000,84000.0,966000.0,735000,231000.0
ORD001290,2026-04-15,C0137,P005,R002,1,0.15,120000,84000,120000,18000.0,102000.0,84000,18000.0
ORD000640,2026-04-16,C0257,P011,R007,4,0.1,85000,57000,340000,34000.0,306000.0,228000,78000.0
ORD003614,2026-04-16,C0228,P017,R005,3,0.05,75000,50000,225000,11250.0,213750.0,150000,63750.0
ORD002388,2026-04-16,C0166,P017,R011,3,0.0,75000,50000,225000,0.0,225000.0,150000,75000.0
ORD003290,2026-04-16,C0241,P020,R008,1,0.1,22000,13000,22000,2200.0,19800.0,13000,6800.0
ORD003387,2026-04-16,C0224,P004,R009,3,0.02,140000,98000,420000,8400.0,411600.0,294000,117600.0
ORD001527,2026-04-16,C0020,P005,R012,1,0.2,120000,84000,120000,24000.0,96000.0,84000,12000.0
ORD006062,2026-04-16,C0146,P019,R001,4,0.05,45000,29000,180000,9000.0,171000.0,116000,55000.0
ORD003514,2026-04-16,C0018,P016,R009,2,0.02,55000,35000,110000,2200.0,107800.0,70000,37800.0
ORD004734,2026-04-16,C0062,P016,R010,1,0.02,55000,35000,55000,1100.0,53900.0,35000,18900.0
ORD003876,2026-04-16,C0122,P016,R011,2,0.02,55000,35000,110000,2200.0,107800.0,70000,37800.0
ORD006283,2026-04-16,C0225,P016,R008,2,0.15,55000,35000,110000,16500.0,93500.0,70000,23500.0
ORD006730,2026-04-16,C0277,P019,R011,4,0.08,45000,29000,180000,14400.0,165600.0,116000,49600.0
ORD007542,2026-04-16,C0091,P007,R011,4,0.05,180000,118000,720000,36000.0,684000.0,472000,212000.0
ORD000198,2026-04-16,C0133,P017,R011,2,0.05,75000,50000,150000,7500.0,142500.0,100000,42500.0
ORD005562,2026-04-16,C0230,P014,R006,3,0.1,18000,10500,54000,5400.0,48600.0,31500,17100.0
ORD002414,2026-04-16,C0128,P004,R001,4,0.02,140000,98000,560000,11200.0,548800.0,392000,156800.0
ORD002696,2026-04-16,C0294,P020,R002,1,0.0,22000,13000,22000,0.0,22000.0,13000,9000.0
ORD005849,2026-04-16,C0026,P014,R007,2,0.0,18000,10500,36000,0.0,36000.0,21000,15000.0
ORD001386,2026-04-16,C0264,P015,R006,4,0.1,35000,21000,140000,14000.0,126000.0,84000,42000.0
ORD003037,2026-04-16,C0019,P017,R001,6,0.0,75000,50000,450000,0.0,450000.0,300000,150000.0
ORD007763,2026-04-16,C0097,P009,R006,8,0.0,130000,85000,1040000,0.0,1040000.0,680000,360000.0
ORD003636,2026-04-16,C0250,P005,R002,1,0.02,120000,84000,120000,2400.0,117600.0,84000,33600.0
ORD002522,2026-04-16,C0282,P014,R004,1,0.0,18000,10500,18000,0.0,18000.0,10500,7500.0
ORD006049,2026-04-17,C0210,P009,R010,2,0.02,130000,85000,260000,5200.0,254800.0,170000,84800.0
ORD007576,2026-04-17,C0145,P003,R010,3,0.05,160000,112000,480000,24000.0,456000.0,336000,120000.0
ORD004677,2026-04-17,C0152,P019,R009,3,0.05,45000,29000,135000,6750.0,128250.0,87000,41250.0
ORD007312,2026-04-17,C0008,P015,R013,2,0.08,35000,21000,70000,5600.0,64400.0,42000,22400.0
ORD007662,2026-04-17,C0209,P014,R003,3,0.02,18000,10500,54000,1080.0,52920.0,31500,21420.0
ORD003588,2026-04-17,C0032,P015,R001,3,0.0,35000,21000,105000,0.0,105000.0,63000,42000.0
ORD007621,2026-04-17,C0160,P007,R007,2,0.02,180000,118000,360000,7200.0,352800.0,236000,116800.0
ORD004980,2026-04-17,C0066,P019,R003,3,0.02,45000,29000,135000,2700.0,132300.0,87000,45300.0
ORD001809,2026-04-17,C0029,P013,R002,1,0.02,30000,18500,30000,600.0,29400.0,18500,10900.0
ORD007478,2026-04-17,C0176,P004,R007,3,0.08,140000,98000,420000,33600.0,386400.0,294000,92400.0
ORD003581,2026-04-17,C0230,P014,R012,4,0.08,18000,10500,72000,5760.0,66240.0,42000,24240.0
ORD005209,2026-04-17,C0175,P009,R003,8,0.0,130000,85000,1040000,0.0,1040000.0,680000,360000.0
ORD003497,2026-04-18,C0203,P019,R012,3,0.15,45000,29000,135000,20250.0,114750.0,87000,27750.0
ORD006643,2026-04-18,C0089,P019,R013,1,0.0,45000,29000,45000,0.0,45000.0,29000,16000.0
ORD007639,2026-04-18,C0133,P009,R012,3,0.05,130000,85000,390000,19500.0,370500.0,255000,115500.0
ORD001256,2026-04-18,C0104,P019,R001,2,0.08,45000,29000,90000,7200.0,82800.0,58000,24800.0
ORD007441,2026-04-18,C0068,P020,R011,2,0.02,22000,13000,44000,880.0,43120.0,26000,17120.0
ORD005472,2026-04-18,C0189,P017,R013,1,0.0,75000,50000,75000,0.0,75000.0,50000,25000.0
ORD001689,2026-04-18,C0001,P015,R005,2,0.15,35000,21000,70000,10500.0,59500.0,42000,17500.0
ORD007744,2026-04-18,C0022,P008,R003,5,0.05,110000,72000,550000,27500.0,522500.0,360000,162500.0
ORD005217,2026-04-19,C0019,P004,R003,4,0.02,140000,98000,560000,11200.0,548800.0,392000,156800.0
ORD002778,2026-04-19,C0147,P017,R006,2,0.08,75000,50000,150000,12000.0,138000.0,100000,38000.0
ORD007498,2026-04-19,C0122,P012,R008,4,0.02,125000,83000,500000,10000.0,490000.0,332000,158000.0
ORD004702,2026-04-19,C0161,P004,R011,2,0.0,140000,98000,280000,0.0,280000.0,196000,84000.0
ORD000035,2026-04-19,C0001,P014,R007,1,0.15,18000,10500,18000,2700.0,15300.0,10500,4800.0
ORD002348,2026-04-19,C0158,P013,R001,4,0.05,30000,18500,120000,6000.0,114000.0,74000,40000.0
ORD007602,2026-04-19,C0175,P004,R008,3,0.02,140000,98000,420000,8400.0,411600.0,294000,117600.0
ORD005485,2026-04-19,C0182,P001,R011,2,0.02,350000,245000,700000,14000.0,686000.0,490000,196000.0
ORD000009,2026-04-19,C0146,P001,R005,2,0.05,350000,245000,700000,35000.0,665000.0,490000,175000.0
ORD002863,2026-04-19,C0023,P015,R008,3,0.0,35000,21000,105000,0.0,105000.0,63000,42000.0
ORD003962,2026-04-19,C0008,P019,R009,3,0.0,45000,29000,135000,0.0,135000.0,87000,48000.0
ORD003838,2026-04-19,C0275,P005,R009,5,0.0,120000,84000,600000,0.0,600000.0,420000,180000.0
ORD000344,2026-04-19,C0253,P011,R007,1,0.08,85000,57000,85000,6800.0,78200.0,57000,21200.0
ORD005839,2026-04-19,C0113,P016,R011,4,0.1,55000,35000,220000,22000.0,198000.0,140000,58000.0
ORD000951,2026-04-19,C0022,P009,R009,4,0.15,130000,85000,520000,78000.0,442000.0,340000,102000.0
ORD006081,2026-04-19,C0060,P018,R007,5,0.0,90000,62000,450000,0.0,450000.0,310000,140000.0
ORD000366,2026-04-19,C0001,P012,R011,2,0.0,125000,83000,250000,0.0,250000.0,166000,84000.0
ORD003492,2026-04-19,C0297,P010,R007,3,0.0,320000,215000,960000,0.0,960000.0,645000,315000.0
ORD000552,2026-04-20,C0192,P011,R010,3,0.08,85000,57000,255000,20400.0,234600.0,171000,63600.0
ORD004051,2026-04-20,C0145,P008,R012,6,0.15,110000,72000,660000,99000.0,561000.0,432000,129000.0
ORD006619,2026-04-20,C0212,P002,R013,4,0.0,220000,155000,880000,0.0,880000.0,620000,260000.0
ORD006253,2026-04-20,C0218,P010,R009,1,0.08,320000,215000,320000,25600.0,294400.0,215000,79400.0
ORD007680,2026-04-20,C0080,P013,R006,2,0.02,30000,18500,60000,1200.0,58800.0,37000,21800.0
ORD000054,2026-04-20,C0079,P013,R004,3,0.1,30000,18500,90000,9000.0,81000.0,55500,25500.0
ORD002682,2026-04-20,C0079,P016,R009,4,0.08,55000,35000,220000,17600.0,202400.0,140000,62400.0
ORD002181,2026-04-20,C0126,P015,R009,2,0.0,35000,21000,70000,0.0,70000.0,42000,28000.0
ORD001756,2026-04-21,C0106,P009,R013,2,0.0,130000,85000,260000,0.0,260000.0,170000,90000.0
ORD001880,2026-04-21,C0051,P003,R009,4,0.05,160000,112000,640000,32000.0,608000.0,448000,160000.0
ORD004063,2026-04-21,C0179,P018,R009,4,0.05,90000,62000,360000,18000.0,342000.0,248000,94000.0
ORD000241,2026-04-21,C0208,P001,R012,5,0.15,350000,245000,1750000,262500.0,1487500.0,1225000,262500.0
ORD001920,2026-04-21,C0082,P012,R007,1,0.15,125000,83000,125000,18750.0,106250.0,83000,23250.0
ORD007011,2026-04-21,C0185,P015,R003,5,0.08,35000,21000,175000,14000.0,161000.0,105000,56000.0
ORD006268,2026-04-21,C0162,P007,R013,4,0.15,180000,118000,720000,108000.0,612000.0,472000,140000.0
ORD004023,2026-04-21,C0008,P020,R003,5,0.02,22000,13000,110000,2200.0,107800.0,65000,42800.0
ORD000164,2026-04-21,C0061,P017,R004,3,0.02,75000,50000,225000,4500.0,220500.0,150000,70500.0
ORD007425,2026-04-21,C0171,P014,R013,10,0.08,18000,10500,180000,14400.0,165600.0,105000,60600.0
ORD007868,2026-04-21,C0103,P020,R010,2,0.05,22000,13000,44000,2200.0,41800.0,26000,15800.0
ORD000604,2026-04-21,C0014,P016,R007,2,0.15,55000,35000,110000,16500.0,93500.0,70000,23500.0
ORD000572,2026-04-21,C0227,P010,R006,4,0.05,320000,215000,1280000,64000.0,1216000.0,860000,356000.0
ORD000687,2026-04-21,C0270,P015,R004,1,0.02,35000,21000,35000,700.0,34300.0,21000,13300.0
ORD002263,2026-04-21,C0043,P017,R012,4,0.0,75000,50000,300000,0.0,300000.0,200000,100000.0
ORD001934,2026-04-21,C0044,P002,R001,4,0.0,220000,155000,880000,0.0,880000.0,620000,260000.0
ORD007495,2026-04-21,C0199,P003,R008,1,0.1,160000,112000,160000,16000.0,144000.0,112000,32000.0
ORD005015,2026-04-22,C0010,P007,R005,2,0.2,180000,118000,360000,72000.0,288000.0,236000,52000.0
ORD005059,2026-04-22,C0004,P007,R011,2,0.1,180000,118000,360000,36000.0,324000.0,236000,88000.0
ORD006399,2026-04-22,C0298,P002,R012,2,0.05,220000,155000,440000,22000.0,418000.0,310000,108000.0
ORD001921,2026-04-22,C0209,P010,R013,1,0.08,320000,215000,320000,25600.0,294400.0,215000,79400.0
ORD004619,2026-04-22,C0205,P003,R007,2,0.1,160000,112000,320000,32000.0,288000.0,224000,64000.0
ORD002763,2026-04-22,C0283,P007,R004,2,0.02,180000,118000,360000,7200.0,352800.0,236000,116800.0
ORD001391,2026-04-22,C0168,P017,R011,10,0.1,75000,50000,750000,75000.0,675000.0,500000,175000.0
ORD000765,2026-04-22,C0034,P003,R008,4,0.02,160000,112000,640000,12800.0,627200.0,448000,179200.0
ORD006662,2026-04-22,C0019,P009,R011,3,0.0,130000,85000,390000,0.0,390000.0,255000,135000.0
ORD002016,2026-04-22,C0066,P005,R011,3,0.08,120000,84000,360000,28800.0,331200.0,252000,79200.0
ORD004741,2026-04-22,C0268,P013,R002,5,0.2,30000,18500,150000,30000.0,120000.0,92500,27500.0
ORD006929,2026-04-22,C0032,P013,R010,3,0.1,30000,18500,90000,9000.0,81000.0,55500,25500.0
ORD000584,2026-04-22,C0092,P013,R013,1,0.15,30000,18500,30000,4500.0,25500.0,18500,7000.0
ORD000803,2026-04-22,C0041,P012,R008,10,0.02,125000,83000,1250000,25000.0,1225000.0,830000,395000.0
ORD006461,2026-04-22,C0064,P016,R001,2,0.0,55000,35000,110000,0.0,110000.0,70000,40000.0
ORD002848,2026-04-22,C0078,P004,R008,6,0.02,140000,98000,840000,16800.0,823200.0,588000,235200.0
ORD005538,2026-04-23,C0142,P004,R012,3,0.1,140000,98000,420000,42000.0,378000.0,294000,84000.0
ORD000482,2026-04-23,C0178,P005,R005,8,0.2,120000,84000,960000,192000.0,768000.0,672000,96000.0
ORD002610,2026-04-23,C0182,P007,R007,4,0.02,180000,118000,720000,14400.0,705600.0,472000,233600.0
ORD001126,2026-04-23,C0216,P010,R005,2,0.05,320000,215000,640000,32000.0,608000.0,430000,178000.0
ORD005022,2026-04-23,C0272,P016,R008,5,0.05,55000,35000,275000,13750.0,261250.0,175000,86250.0
ORD005697,2026-04-23,C0006,P013,R009,2,0.0,30000,18500,60000,0.0,60000.0,37000,23000.0
ORD000732,2026-04-23,C0125,P001,R001,4,0.1,350000,245000,1400000,140000.0,1260000.0,980000,280000.0
ORD003897,2026-04-23,C0016,P016,R011,1,0.08,55000,35000,55000,4400.0,50600.0,35000,15600.0
ORD004159,2026-04-23,C0010,P015,R005,10,0.02,35000,21000,350000,7000.0,343000.0,210000,133000.0
ORD005224,2026-04-23,C0059,P010,R012,8,0.05,320000,215000,2560000,128000.0,2432000.0,1720000,712000.0
ORD007822,2026-04-23,C0286,P017,R006,4,0.15,75000,50000,300000,45000.0,255000.0,200000,55000.0
ORD005771,2026-04-24,C0215,P004,R005,6,0.05,140000,98000,840000,42000.0,798000.0,588000,210000.0
ORD005539,2026-04-24,C0278,P011,R009,2,0.05,85000,57000,170000,8500.0,161500.0,114000,47500.0
ORD003146,2026-04-24,C0079,P011,R005,10,0.2,85000,57000,850000,170000.0,680000.0,570000,110000.0
ORD007578,2026-04-24,C0152,P001,R009,1,0.1,350000,245000,350000,35000.0,315000.0,245000,70000.0
ORD002180,2026-04-24,C0255,P005,R001,1,0.02,120000,84000,120000,2400.0,117600.0,84000,33600.0
ORD004450,2026-04-24,C0236,P009,R011,3,0.05,130000,85000,390000,19500.0,370500.0,255000,115500.0
ORD006882,2026-04-24,C0158,P010,R001,5,0.0,320000,215000,1600000,0.0,1600000.0,1075000,525000.0
ORD005280,2026-04-24,C0081,P008,R013,2,0.2,110000,72000,220000,44000.0,176000.0,144000,32000.0
ORD005431,2026-04-24,C0183,P002,R011,6,0.08,220000,155000,1320000,105600.0,1214400.0,930000,284400.0
ORD003513,2026-04-24,C0058,P014,R005,4,0.15,18000,10500,72000,10800.0,61200.0,42000,19200.0
ORD005384,2026-04-24,C0132,P019,R001,6,0.05,45000,29000,270000,13500.0,256500.0,174000,82500.0
ORD005470,2026-04-24,C0201,P016,R009,3,0.08,55000,35000,165000,13200.0,151800.0,105000,46800.0
ORD007528,2026-04-24,C0251,P016,R006,1,0.0,55000,35000,55000,0.0,55000.0,35000,20000.0
ORD003215,2026-04-25,C0273,P018,R003,3,0.08,90000,62000,270000,21600.0,248400.0,186000,62400.0
ORD002740,2026-04-25,C0157,P005,R006,2,0.05,120000,84000,240000,12000.0,228000.0,168000,60000.0
ORD006329,2026-04-25,C0102,P016,R008,2,0.0,55000,35000,110000,0.0,110000.0,70000,40000.0
ORD004002,2026-04-25,C0299,P014,R007,4,0.0,18000,10500,72000,0.0,72000.0,42000,30000.0
ORD007749,2026-04-25,C0058,P017,R007,6,0.1,75000,50000,450000,45000.0,405000.0,300000,105000.0
ORD007244,2026-04-25,C0290,P008,R001,5,0.0,110000,72000,550000,0.0,550000.0,360000,190000.0
ORD003165,2026-04-25,C0031,P017,R008,4,0.05,75000,50000,300000,15000.0,285000.0,200000,85000.0
ORD004883,2026-04-25,C0290,P004,R006,10,0.08,140000,98000,1400000,112000.0,1288000.0,980000,308000.0
ORD004956,2026-04-25,C0150,P011,R004,3,0.08,85000,57000,255000,20400.0,234600.0,171000,63600.0
ORD002031,2026-04-25,C0118,P020,R013,4,0.0,22000,13000,88000,0.0,88000.0,52000,36000.0
ORD004105,2026-04-25,C0285,P008,R006,3,0.1,110000,72000,330000,33000.0,297000.0,216000,81000.0
ORD004250,2026-04-25,C0233,P008,R012,4,0.0,110000,72000,440000,0.0,440000.0,288000,152000.0
ORD006443,2026-04-25,C0212,P016,R001,4,0.05,55000,35000,220000,11000.0,209000.0,140000,69000.0
ORD006199,2026-04-25,C0186,P014,R004,3,0.08,18000,10500,54000,4320.0,49680.0,31500,18180.0
ORD006220,2026-04-25,C0022,P019,R007,4,0.15,45000,29000,180000,27000.0,153000.0,116000,37000.0
ORD002946,2026-04-25,C0172,P008,R006,3,0.08,110000,72000,330000,26400.0,303600.0,216000,87600.0
ORD003243,2026-04-25,C0178,P004,R008,5,0.05,140000,98000,700000,35000.0,665000.0,490000,175000.0
ORD002294,2026-04-25,C0284,P015,R005,1,0.02,35000,21000,35000,700.0,34300.0,21000,13300.0
ORD003535,2026-04-26,C0158,P016,R005,8,0.05,55000,35000,440000,22000.0,418000.0,280000,138000.0
ORD004317,2026-04-26,C0183,P013,R003,10,0.15,30000,18500,300000,45000.0,255000.0,185000,70000.0
ORD002891,2026-04-26,C0016,P006,R011,4,0.0,95000,62000,380000,0.0,380000.0,248000,132000.0
ORD000284,2026-04-26,C0253,P016,R013,5,0.15,55000,35000,275000,41250.0,233750.0,175000,58750.0
ORD007921,2026-04-26,C0207,P009,R001,4,0.02,130000,85000,520000,10400.0,509600.0,340000,169600.0
ORD001753,2026-04-26,C0060,P011,R008,4,0.15,85000,57000,340000,51000.0,289000.0,228000,61000.0
ORD003626,2026-04-26,C0183,P010,R013,3,0.1,320000,215000,960000,96000.0,864000.0,645000,219000.0
ORD007813,2026-04-26,C0139,P001,R011,2,0.0,350000,245000,700000,0.0,700000.0,490000,210000.0
ORD001419,2026-04-26,C0096,P001,R009,4,0.02,350000,245000,1400000,28000.0,1372000.0,980000,392000.0
ORD003484,2026-04-26,C0080,P016,R008,1,0.15,55000,35000,55000,8250.0,46750.0,35000,11750.0
ORD003071,2026-04-26,C0279,P011,R003,3,0.2,85000,57000,255000,51000.0,204000.0,171000,33000.0
ORD007624,2026-04-26,C0120,P005,R004,8,0.08,120000,84000,960000,76800.0,883200.0,672000,211200.0
ORD003524,2026-04-26,C0093,P003,R008,2,0.0,160000,112000,320000,0.0,320000.0,224000,96000.0
ORD006613,2026-04-26,C0118,P002,R008,2,0.15,220000,155000,440000,66000.0,374000.0,310000,64000.0
ORD004434,2026-04-26,C0111,P015,R013,3,0.1,35000,21000,105000,10500.0,94500.0,63000,31500.0
ORD001246,2026-04-27,C0103,P009,R003,2,0.05,130000,85000,260000,13000.0,247000.0,170000,77000.0
ORD004641,2026-04-27,C0167,P005,R008,3,0.02,120000,84000,360000,7200.0,352800.0,252000,100800.0
ORD005155,2026-04-27,C0202,P011,R008,3,0.05,85000,57000,255000,12750.0,242250.0,171000,71250.0
ORD005721,2026-04-27,C0224,P010,R003,2,0.0,320000,215000,640000,0.0,640000.0,430000,210000.0
ORD007255,2026-04-27,C0020,P019,R012,10,0.0,45000,29000,450000,0.0,450000.0,290000,160000.0
ORD007673,2026-04-27,C0028,P008,R012,8,0.15,110000,72000,880000,132000.0,748000.0,576000,172000.0
ORD004739,2026-04-27,C0229,P003,R006,4,0.05,160000,112000,640000,32000.0,608000.0,448000,160000.0
ORD004546,2026-04-27,C0086,P004,R007,1,0.1,140000,98000,140000,14000.0,126000.0,98000,28000.0
ORD003154,2026-04-27,C0098,P007,R006,4,0.05,180000,118000,720000,36000.0,684000.0,472000,212000.0
ORD000966,2026-04-27,C0233,P008,R011,6,0.15,110000,72000,660000,99000.0,561000.0,432000,129000.0
ORD006947,2026-04-27,C0112,P007,R013,3,0.08,180000,118000,540000,43200.0,496800.0,354000,142800.0
ORD007599,2026-04-27,C0144,P004,R013,1,0.02,140000,98000,140000,2800.0,137200.0,98000,39200.0
ORD004426,2026-04-27,C0118,P016,R013,3,0.05,55000,35000,165000,8250.0,156750.0,105000,51750.0
ORD002030,2026-04-27,C0280,P018,R008,8,0.02,90000,62000,720000,14400.0,705600.0,496000,209600.0
ORD001469,2026-04-27,C0138,P004,R009,3,0.05,140000,98000,420000,21000.0,399000.0,294000,105000.0
ORD007313,2026-04-27,C0265,P016,R003,2,0.05,55000,35000,110000,5500.0,104500.0,70000,34500.0
ORD000713,2026-04-27,C0164,P006,R002,3,0.1,95000,62000,285000,28500.0,256500.0,186000,70500.0
ORD007089,2026-04-28,C0049,P016,R005,3,0.0,55000,35000,165000,0.0,165000.0,105000,60000.0
ORD007139,2026-04-28,C0155,P009,R008,4,0.0,130000,85000,520000,0.0,520000.0,340000,180000.0
ORD001466,2026-04-28,C0166,P002,R007,4,0.05,220000,155000,880000,44000.0,836000.0,620000,216000.0
ORD005465,2026-04-28,C0025,P008,R006,3,0.02,110000,72000,330000,6600.0,323400.0,216000,107400.0
ORD002799,2026-04-28,C0016,P004,R007,5,0.1,140000,98000,700000,70000.0,630000.0,490000,140000.0
ORD002241,2026-04-28,C0265,P004,R002,1,0.15,140000,98000,140000,21000.0,119000.0,98000,21000.0
ORD002884,2026-04-28,C0286,P010,R003,5,0.05,320000,215000,1600000,80000.0,1520000.0,1075000,445000.0
ORD003827,2026-04-28,C0172,P013,R002,3,0.05,30000,18500,90000,4500.0,85500.0,55500,30000.0
ORD001580,2026-04-28,C0182,P016,R012,3,0.02,55000,35000,165000,3300.0,161700.0,105000,56700.0
ORD004358,2026-04-28,C0030,P018,R003,2,0.15,90000,62000,180000,27000.0,153000.0,124000,29000.0
ORD005717,2026-04-28,C0285,P010,R007,6,0.15,320000,215000,1920000,288000.0,1632000.0,1290000,342000.0
ORD006185,2026-04-28,C0017,P002,R008,8,0.0,220000,155000,1760000,0.0,1760000.0,1240000,520000.0
ORD001952,2026-04-28,C0164,P018,R004,4,0.0,90000,62000,360000,0.0,360000.0,248000,112000.0
ORD001686,2026-04-28,C0293,P016,R002,1,0.0,55000,35000,55000,0.0,55000.0,35000,20000.0
ORD001516,2026-04-28,C0188,P013,R002,4,0.1,30000,18500,120000,12000.0,108000.0,74000,34000.0
ORD001341,2026-04-28,C0269,P015,R004,1,0.05,35000,21000,35000,1750.0,33250.0,21000,12250.0
ORD005710,2026-04-29,C0228,P006,R007,5,0.1,95000,62000,475000,47500.0,427500.0,310000,117500.0
ORD004576,2026-04-29,C0176,P017,R003,2,0.2,75000,50000,150000,30000.0,120000.0,100000,20000.0
ORD002375,2026-04-29,C0175,P014,R004,2,0.1,18000,10500,36000,3600.0,32400.0,21000,11400.0
ORD000943,2026-04-29,C0156,P014,R002,10,0.15,18000,10500,180000,27000.0,153000.0,105000,48000.0
ORD005873,2026-04-29,C0028,P010,R001,3,0.1,320000,215000,960000,96000.0,864000.0,645000,219000.0
ORD005285,2026-04-29,C0035,P006,R007,2,0.1,95000,62000,190000,19000.0,171000.0,124000,47000.0
ORD000112,2026-04-29,C0091,P002,R011,1,0.15,220000,155000,220000,33000.0,187000.0,155000,32000.0
ORD002502,2026-04-29,C0120,P018,R013,3,0.08,90000,62000,270000,21600.0,248400.0,186000,62400.0
ORD004478,2026-04-30,C0025,P004,R006,4,0.0,140000,98000,560000,0.0,560000.0,392000,168000.0
ORD000745,2026-04-30,C0179,P015,R009,3,0.1,35000,21000,105000,10500.0,94500.0,63000,31500.0
ORD006629,2026-04-30,C0223,P017,R009,5,0.15,75000,50000,375000,56250.0,318750.0,250000,68750.0
ORD001181,2026-04-30,C0095,P016,R001,1,0.0,55000,35000,55000,0.0,55000.0,35000,20000.0
ORD003048,2026-04-30,C0147,P002,R012,1,0.08,220000,155000,220000,17600.0,202400.0,155000,47400.0
ORD004633,2026-04-30,C0090,P001,R007,5,0.15,350000,245000,1750000,262500.0,1487500.0,1225000,262500.0
ORD005105,2026-04-30,C0292,P004,R006,1,0.05,140000,98000,140000,7000.0,133000.0,98000,35000.0
ORD003169,2026-04-30,C0052,P007,R005,2,0.02,180000,118000,360000,7200.0,352800.0,236000,116800.0
ORD002205,2026-04-30,C0272,P002,R002,1,0.02,220000,155000,220000,4400.0,215600.0,155000,60600.0
ORD000360,2026-04-30,C0289,P014,R001,3,0.1,18000,10500,54000,5400.0,48600.0,31500,17100.0
ORD001515,2026-04-30,C0273,P017,R010,5,0.0,75000,50000,375000,0.0,375000.0,250000,125000.0
ORD004767,2026-04-30,C0126,P009,R011,2,0.1,130000,85000,260000,26000.0,234000.0,170000,64000.0
ORD003180,2026-04-30,C0013,P007,R013,3,0.02,180000,118000,540000,10800.0,529200.0,354000,175200.0
ORD001883,2026-04-30,C0175,P010,R010,3,0.02,320000,215000,960000,19200.0,940800.0,645000,295800.0
ORD007856,2026-04-30,C0210,P020,R012,2,0.08,22000,13000,44000,3520.0,40480.0,26000,14480.0
ORD002112,2026-04-30,C0283,P001,R006,1,0.08,350000,245000,350000,28000.0,322000.0,245000,77000.0
ORD003363,2026-04-30,C0249,P010,R011,1,0.08,320000,215000,320000,25600.0,294400.0,215000,79400.0
ORD007817,2026-04-30,C0097,P019,R006,3,0.0,45000,29000,135000,0.0,135000.0,87000,48000.0
ORD005301,2026-05-01,C0126,P018,R001,4,0.02,90000,62000,360000,7200.0,352800.0,248000,104800.0
ORD007648,2026-05-01,C0032,P020,R008,3,0.05,22000,13000,66000,3300.0,62700.0,39000,23700.0
ORD005436,2026-05-01,C0100,P013,R003,2,0.1,30000,18500,60000,6000.0,54000.0,37000,17000.0
ORD005462,2026-05-01,C0293,P017,R011,2,0.1,75000,50000,150000,15000.0,135000.0,100000,35000.0
ORD005638,2026-05-01,C0249,P011,R001,2,0.0,85000,57000,170000,0.0,170000.0,114000,56000.0
ORD005593,2026-05-01,C0223,P012,R010,1,0.02,125000,83000,125000,2500.0,122500.0,83000,39500.0
ORD007448,2026-05-01,C0003,P016,R002,3,0.02,55000,35000,165000,3300.0,161700.0,105000,56700.0
ORD007802,2026-05-01,C0252,P019,R011,3,0.02,45000,29000,135000,2700.0,132300.0,87000,45300.0
ORD001896,2026-05-01,C0254,P001,R011,1,0.0,350000,245000,350000,0.0,350000.0,245000,105000.0
ORD002188,2026-05-01,C0217,P010,R008,10,0.0,320000,215000,3200000,0.0,3200000.0,2150000,1050000.0
ORD003396,2026-05-01,C0271,P014,R010,6,0.0,18000,10500,108000,0.0,108000.0,63000,45000.0
ORD006272,2026-05-01,C0271,P011,R003,6,0.0,85000,57000,510000,0.0,510000.0,342000,168000.0
ORD001924,2026-05-01,C0010,P020,R004,1,0.08,22000,13000,22000,1760.0,20240.0,13000,7240.0
ORD003450,2026-05-01,C0276,P018,R006,5,0.08,90000,62000,450000,36000.0,414000.0,310000,104000.0
ORD004904,2026-05-02,C0003,P014,R005,2,0.08,18000,10500,36000,2880.0,33120.0,21000,12120.0
ORD004215,2026-05-02,C0010,P017,R011,2,0.1,75000,50000,150000,15000.0,135000.0,100000,35000.0
ORD004323,2026-05-02,C0055,P001,R013,2,0.05,350000,245000,700000,35000.0,665000.0,490000,175000.0
ORD002262,2026-05-02,C0196,P009,R002,4,0.15,130000,85000,520000,78000.0,442000.0,340000,102000.0
ORD004490,2026-05-02,C0031,P018,R012,2,0.02,90000,62000,180000,3600.0,176400.0,124000,52400.0
ORD003742,2026-05-02,C0053,P014,R010,4,0.05,18000,10500,72000,3600.0,68400.0,42000,26400.0
ORD003476,2026-05-02,C0015,P019,R013,3,0.0,45000,29000,135000,0.0,135000.0,87000,48000.0
ORD005137,2026-05-02,C0218,P009,R012,2,0.0,130000,85000,260000,0.0,260000.0,170000,90000.0
ORD007081,2026-05-02,C0258,P012,R002,8,0.1,125000,83000,1000000,100000.0,900000.0,664000,236000.0
ORD007820,2026-05-02,C0077,P004,R010,2,0.0,140000,98000,280000,0.0,280000.0,196000,84000.0
ORD006793,2026-05-02,C0109,P016,R007,2,0.0,55000,35000,110000,0.0,110000.0,70000,40000.0
ORD003441,2026-05-03,C0291,P010,R001,10,0.0,320000,215000,3200000,0.0,3200000.0,2150000,1050000.0
ORD001628,2026-05-03,C0015,P020,R001,6,0.0,22000,13000,132000,0.0,132000.0,78000,54000.0
ORD004648,2026-05-03,C0264,P010,R008,6,0.05,320000,215000,1920000,96000.0,1824000.0,1290000,534000.0
ORD007790,2026-05-03,C0011,P004,R003,4,0.15,140000,98000,560000,84000.0,476000.0,392000,84000.0
ORD000254,2026-05-03,C0156,P008,R011,8,0.08,110000,72000,880000,70400.0,809600.0,576000,233600.0
ORD004605,2026-05-03,C0093,P007,R001,3,0.15,180000,118000,540000,81000.0,459000.0,354000,105000.0
ORD001616,2026-05-03,C0111,P002,R009,1,0.08,220000,155000,220000,17600.0,202400.0,155000,47400.0
ORD005887,2026-05-03,C0123,P015,R001,3,0.1,35000,21000,105000,10500.0,94500.0,63000,31500.0
ORD002456,2026-05-03,C0015,P017,R007,8,0.02,75000,50000,600000,12000.0,588000.0,400000,188000.0
ORD002310,2026-05-03,C0076,P019,R010,3,0.05,45000,29000,135000,6750.0,128250.0,87000,41250.0
ORD006096,2026-05-03,C0136,P002,R004,1,0.08,220000,155000,220000,17600.0,202400.0,155000,47400.0
ORD000017,2026-05-03,C0021,P013,R001,2,0.05,30000,18500,60000,3000.0,57000.0,37000,20000.0
ORD002786,2026-05-03,C0085,P006,R005,4,0.15,95000,62000,380000,57000.0,323000.0,248000,75000.0
ORD002515,2026-05-04,C0087,P012,R013,2,0.1,125000,83000,250000,25000.0,225000.0,166000,59000.0
ORD004372,2026-05-04,C0271,P013,R006,10,0.15,30000,18500,300000,45000.0,255000.0,185000,70000.0
ORD006536,2026-05-04,C0044,P007,R002,6,0.15,180000,118000,1080000,162000.0,918000.0,708000,210000.0
ORD000752,2026-05-04,C0004,P005,R012,5,0.05,120000,84000,600000,30000.0,570000.0,420000,150000.0
ORD002749,2026-05-04,C0106,P012,R010,1,0.08,125000,83000,125000,10000.0,115000.0,83000,32000.0
ORD000972,2026-05-04,C0165,P008,R012,3,0.0,110000,72000,330000,0.0,330000.0,216000,114000.0
ORD002557,2026-05-04,C0252,P005,R012,1,0.08,120000,84000,120000,9600.0,110400.0,84000,26400.0
ORD002223,2026-05-04,C0120,P012,R003,1,0.02,125000,83000,125000,2500.0,122500.0,83000,39500.0
ORD007732,2026-05-04,C0133,P004,R008,3,0.1,140000,98000,420000,42000.0,378000.0,294000,84000.0
ORD002834,2026-05-04,C0053,P007,R010,8,0.15,180000,118000,1440000,216000.0,1224000.0,944000,280000.0
ORD001239,2026-05-04,C0250,P007,R007,1,0.02,180000,118000,180000,3600.0,176400.0,118000,58400.0
ORD004181,2026-05-04,C0034,P019,R004,4,0.02,45000,29000,180000,3600.0,176400.0,116000,60400.0
ORD003896,2026-05-05,C0091,P010,R013,6,0.05,320000,215000,1920000,96000.0,1824000.0,1290000,534000.0
ORD003805,2026-05-05,C0290,P017,R004,1,0.05,75000,50000,75000,3750.0,71250.0,50000,21250.0
ORD001437,2026-05-05,C0150,P004,R001,4,0.02,140000,98000,560000,11200.0,548800.0,392000,156800.0
ORD006273,2026-05-05,C0272,P002,R013,5,0.05,220000,155000,1100000,55000.0,1045000.0,775000,270000.0
ORD000852,2026-05-05,C0087,P016,R009,5,0.05,55000,35000,275000,13750.0,261250.0,175000,86250.0
ORD004141,2026-05-05,C0143,P004,R011,8,0.1,140000,98000,1120000,112000.0,1008000.0,784000,224000.0
ORD007644,2026-05-05,C0297,P018,R005,1,0.02,90000,62000,90000,1800.0,88200.0,62000,26200.0
ORD000770,2026-05-05,C0235,P004,R002,4,0.0,140000,98000,560000,0.0,560000.0,392000,168000.0
ORD007643,2026-05-05,C0201,P008,R007,4,0.02,110000,72000,440000,8800.0,431200.0,288000,143200.0
ORD003940,2026-05-05,C0211,P011,R011,3,0.2,85000,57000,255000,51000.0,204000.0,171000,33000.0
ORD002970,2026-05-05,C0040,P013,R011,1,0.05,30000,18500,30000,1500.0,28500.0,18500,10000.0
ORD001186,2026-05-05,C0097,P019,R005,1,0.05,45000,29000,45000,2250.0,42750.0,29000,13750.0
ORD007396,2026-05-05,C0055,P007,R005,2,0.2,180000,118000,360000,72000.0,288000.0,236000,52000.0
ORD003408,2026-05-05,C0298,P003,R005,4,0.05,160000,112000,640000,32000.0,608000.0,448000,160000.0
ORD003670,2026-05-05,C0153,P015,R001,4,0.02,35000,21000,140000,2800.0,137200.0,84000,53200.0
ORD001827,2026-05-05,C0185,P015,R005,1,0.2,35000,21000,35000,7000.0,28000.0,21000,7000.0
ORD003179,2026-05-05,C0201,P012,R010,6,0.0,125000,83000,750000,0.0,750000.0,498000,252000.0
ORD001688,2026-05-06,C0096,P002,R011,3,0.05,220000,155000,660000,33000.0,627000.0,465000,162000.0
ORD007978,2026-05-06,C0215,P014,R009,4,0.02,18000,10500,72000,1440.0,70560.0,42000,28560.0
ORD000623,2026-05-06,C0208,P003,R011,1,0.15,160000,112000,160000,24000.0,136000.0,112000,24000.0
ORD004288,2026-05-06,C0209,P018,R011,2,0.0,90000,62000,180000,0.0,180000.0,124000,56000.0
ORD003710,2026-05-06,C0236,P003,R003,1,0.05,160000,112000,160000,8000.0,152000.0,112000,40000.0
ORD005879,2026-05-06,C0287,P003,R010,10,0.08,160000,112000,1600000,128000.0,1472000.0,1120000,352000.0
ORD007989,2026-05-06,C0179,P017,R007,10,0.08,75000,50000,750000,60000.0,690000.0,500000,190000.0
ORD004425,2026-05-06,C0032,P015,R009,2,0.0,35000,21000,70000,0.0,70000.0,42000,28000.0
ORD004443,2026-05-06,C0050,P004,R005,4,0.05,140000,98000,560000,28000.0,532000.0,392000,140000.0
ORD001593,2026-05-06,C0176,P014,R003,1,0.1,18000,10500,18000,1800.0,16200.0,10500,5700.0
ORD000710,2026-05-06,C0172,P014,R010,2,0.1,18000,10500,36000,3600.0,32400.0,21000,11400.0
ORD002551,2026-05-06,C0164,P019,R008,3,0.08,45000,29000,135000,10800.0,124200.0,87000,37200.0
ORD003831,2026-05-06,C0149,P015,R001,3,0.1,35000,21000,105000,10500.0,94500.0,63000,31500.0
ORD004378,2026-05-06,C0298,P016,R009,3,0.02,55000,35000,165000,3300.0,161700.0,105000,56700.0
ORD002535,2026-05-07,C0108,P016,R010,2,0.15,55000,35000,110000,16500.0,93500.0,70000,23500.0
ORD002054,2026-05-07,C0176,P011,R010,2,0.05,85000,57000,170000,8500.0,161500.0,114000,47500.0
ORD003583,2026-05-07,C0100,P020,R012,1,0.02,22000,13000,22000,440.0,21560.0,13000,8560.0
ORD007281,2026-05-07,C0182,P010,R007,4,0.0,320000,215000,1280000,0.0,1280000.0,860000,420000.0
ORD007120,2026-05-07,C0144,P020,R009,6,0.0,22000,13000,132000,0.0,132000.0,78000,54000.0
ORD004746,2026-05-07,C0181,P004,R007,4,0.05,140000,98000,560000,28000.0,532000.0,392000,140000.0
ORD000996,2026-05-07,C0152,P008,R002,1,0.08,110000,72000,110000,8800.0,101200.0,72000,29200.0
ORD000127,2026-05-07,C0178,P007,R012,8,0.05,180000,118000,1440000,72000.0,1368000.0,944000,424000.0
ORD002586,2026-05-07,C0095,P013,R008,2,0.15,30000,18500,60000,9000.0,51000.0,37000,14000.0
ORD005597,2026-05-07,C0167,P020,R010,1,0.0,22000,13000,22000,0.0,22000.0,13000,9000.0
ORD007862,2026-05-07,C0239,P020,R013,8,0.1,22000,13000,176000,17600.0,158400.0,104000,54400.0
ORD004517,2026-05-07,C0293,P015,R003,4,0.02,35000,21000,140000,2800.0,137200.0,84000,53200.0
ORD001812,2026-05-07,C0003,P019,R007,3,0.1,45000,29000,135000,13500.0,121500.0,87000,34500.0
ORD005703,2026-05-07,C0174,P014,R011,2,0.02,18000,10500,36000,720.0,35280.0,21000,14280.0
ORD007730,2026-05-07,C0085,P010,R005,3,0.02,320000,215000,960000,19200.0,940800.0,645000,295800.0
ORD007529,2026-05-07,C0141,P006,R006,1,0.02,95000,62000,95000,1900.0,93100.0,62000,31100.0
ORD001533,2026-05-08,C0073,P004,R009,2,0.08,140000,98000,280000,22400.0,257600.0,196000,61600.0
ORD005496,2026-05-08,C0041,P016,R011,3,0.08,55000,35000,165000,13200.0,151800.0,105000,46800.0
ORD007658,2026-05-08,C0112,P011,R005,2,0.05,85000,57000,170000,8500.0,161500.0,114000,47500.0
ORD005556,2026-05-08,C0246,P010,R007,2,0.05,320000,215000,640000,32000.0,608000.0,430000,178000.0
ORD002579,2026-05-08,C0263,P004,R003,4,0.1,140000,98000,560000,56000.0,504000.0,392000,112000.0
ORD003542,2026-05-08,C0275,P016,R009,1,0.02,55000,35000,55000,1100.0,53900.0,35000,18900.0
ORD000074,2026-05-08,C0147,P016,R005,4,0.05,55000,35000,220000,11000.0,209000.0,140000,69000.0
ORD002941,2026-05-08,C0021,P013,R005,1,0.0,30000,18500,30000,0.0,30000.0,18500,11500.0
ORD003936,2026-05-08,C0062,P003,R011,5,0.05,160000,112000,800000,40000.0,760000.0,560000,200000.0
ORD007588,2026-05-08,C0008,P009,R011,1,0.2,130000,85000,130000,26000.0,104000.0,85000,19000.0
ORD000789,2026-05-08,C0027,P012,R007,2,0.08,125000,83000,250000,20000.0,230000.0,166000,64000.0
ORD007446,2026-05-08,C0111,P005,R007,10,0.08,120000,84000,1200000,96000.0,1104000.0,840000,264000.0
ORD000838,2026-05-08,C0009,P002,R009,1,0.05,220000,155000,220000,11000.0,209000.0,155000,54000.0
ORD004499,2026-05-08,C0087,P007,R001,5,0.05,180000,118000,900000,45000.0,855000.0,590000,265000.0
ORD003355,2026-05-09,C0190,P005,R011,2,0.15,120000,84000,240000,36000.0,204000.0,168000,36000.0
ORD002089,2026-05-09,C0280,P010,R005,6,0.0,320000,215000,1920000,0.0,1920000.0,1290000,630000.0
ORD002291,2026-05-09,C0056,P007,R010,1,0.08,180000,118000,180000,14400.0,165600.0,118000,47600.0
ORD002969,2026-05-09,C0043,P019,R005,5,0.1,45000,29000,225000,22500.0,202500.0,145000,57500.0
ORD005391,2026-05-09,C0231,P010,R004,2,0.05,320000,215000,640000,32000.0,608000.0,430000,178000.0
ORD004699,2026-05-09,C0135,P020,R001,1,0.05,22000,13000,22000,1100.0,20900.0,13000,7900.0
ORD000665,2026-05-09,C0176,P003,R012,2,0.05,160000,112000,320000,16000.0,304000.0,224000,80000.0
ORD007493,2026-05-09,C0243,P011,R013,1,0.1,85000,57000,85000,8500.0,76500.0,57000,19500.0
ORD003757,2026-05-09,C0207,P007,R001,10,0.0,180000,118000,1800000,0.0,1800000.0,1180000,620000.0
ORD004295,2026-05-09,C0224,P001,R005,4,0.1,350000,245000,1400000,140000.0,1260000.0,980000,280000.0
ORD002680,2026-05-09,C0177,P019,R001,3,0.08,45000,29000,135000,10800.0,124200.0,87000,37200.0
ORD003573,2026-05-09,C0031,P005,R004,1,0.05,120000,84000,120000,6000.0,114000.0,84000,30000.0
ORD001836,2026-05-09,C0013,P018,R003,3,0.0,90000,62000,270000,0.0,270000.0,186000,84000.0
ORD003806,2026-05-09,C0056,P008,R006,4,0.0,110000,72000,440000,0.0,440000.0,288000,152000.0
ORD002021,2026-05-09,C0215,P010,R012,3,0.15,320000,215000,960000,144000.0,816000.0,645000,171000.0
ORD001293,2026-05-09,C0150,P015,R012,5,0.0,35000,21000,175000,0.0,175000.0,105000,70000.0
ORD004818,2026-05-09,C0259,P014,R004,3,0.15,18000,10500,54000,8100.0,45900.0,31500,14400.0
ORD001501,2026-05-09,C0068,P010,R013,10,0.1,320000,215000,3200000,320000.0,2880000.0,2150000,730000.0
ORD001243,2026-05-09,C0279,P009,R001,5,0.02,130000,85000,650000,13000.0,637000.0,425000,212000.0
ORD002612,2026-05-10,C0023,P016,R011,3,0.05,55000,35000,165000,8250.0,156750.0,105000,51750.0
ORD005699,2026-05-10,C0058,P007,R013,1,0.05,180000,118000,180000,9000.0,171000.0,118000,53000.0
ORD002878,2026-05-10,C0050,P013,R007,1,0.08,30000,18500,30000,2400.0,27600.0,18500,9100.0
ORD005778,2026-05-10,C0283,P014,R006,2,0.0,18000,10500,36000,0.0,36000.0,21000,15000.0
ORD006876,2026-05-10,C0163,P017,R009,8,0.0,75000,50000,600000,0.0,600000.0,400000,200000.0
ORD001214,2026-05-10,C0140,P005,R013,2,0.02,120000,84000,240000,4800.0,235200.0,168000,67200.0
ORD004333,2026-05-10,C0105,P006,R010,4,0.15,95000,62000,380000,57000.0,323000.0,248000,75000.0
ORD003803,2026-05-10,C0078,P020,R008,2,0.05,22000,13000,44000,2200.0,41800.0,26000,15800.0
ORD005610,2026-05-10,C0294,P019,R005,1,0.1,45000,29000,45000,4500.0,40500.0,29000,11500.0
ORD007713,2026-05-10,C0031,P001,R011,3,0.0,350000,245000,1050000,0.0,1050000.0,735000,315000.0
ORD003043,2026-05-10,C0081,P003,R006,1,0.0,160000,112000,160000,0.0,160000.0,112000,48000.0
ORD007076,2026-05-10,C0090,P003,R003,2,0.05,160000,112000,320000,16000.0,304000.0,224000,80000.0
ORD004015,2026-05-10,C0142,P020,R010,8,0.05,22000,13000,176000,8800.0,167200.0,104000,63200.0
ORD003662,2026-05-10,C0191,P018,R008,8,0.0,90000,62000,720000,0.0,720000.0,496000,224000.0
ORD001027,2026-05-10,C0054,P011,R004,4,0.08,85000,57000,340000,27200.0,312800.0,228000,84800.0
ORD001198,2026-05-10,C0009,P010,R008,1,0.05,320000,215000,320000,16000.0,304000.0,215000,89000.0
ORD005133,2026-05-11,C0010,P012,R008,2,0.05,125000,83000,250000,12500.0,237500.0,166000,71500.0
ORD000141,2026-05-11,C0002,P016,R009,1,0.05,55000,35000,55000,2750.0,52250.0,35000,17250.0
ORD003680,2026-05-11,C0266,P009,R004,2,0.0,130000,85000,260000,0.0,260000.0,170000,90000.0
ORD007209,2026-05-11,C0149,P016,R010,3,0.0,55000,35000,165000,0.0,165000.0,105000,60000.0
ORD006160,2026-05-11,C0021,P011,R007,2,0.15,85000,57000,170000,25500.0,144500.0,114000,30500.0
ORD002433,2026-05-11,C0034,P004,R013,8,0.08,140000,98000,1120000,89600.0,1030400.0,784000,246400.0
ORD006870,2026-05-11,C0121,P020,R007,1,0.02,22000,13000,22000,440.0,21560.0,13000,8560.0
ORD004275,2026-05-11,C0071,P014,R008,2,0.08,18000,10500,36000,2880.0,33120.0,21000,12120.0
ORD007685,2026-05-11,C0150,P002,R008,2,0.02,220000,155000,440000,8800.0,431200.0,310000,121200.0
ORD004148,2026-05-11,C0010,P007,R002,3,0.05,180000,118000,540000,27000.0,513000.0,354000,159000.0
ORD004858,2026-05-11,C0294,P016,R010,1,0.2,55000,35000,55000,11000.0,44000.0,35000,9000.0
ORD005971,2026-05-11,C0293,P008,R002,3,0.08,110000,72000,330000,26400.0,303600.0,216000,87600.0
ORD002725,2026-05-11,C0051,P003,R007,2,0.05,160000,112000,320000,16000.0,304000.0,224000,80000.0
ORD004472,2026-05-11,C0125,P018,R013,4,0.08,90000,62000,360000,28800.0,331200.0,248000,83200.0
ORD006141,2026-05-11,C0138,P003,R001,3,0.1,160000,112000,480000,48000.0,432000.0,336000,96000.0
ORD000783,2026-05-12,C0014,P019,R003,1,0.0,45000,29000,45000,0.0,45000.0,29000,16000.0
ORD002231,2026-05-12,C0109,P015,R011,2,0.2,35000,21000,70000,14000.0,56000.0,42000,14000.0
ORD007801,2026-05-12,C0165,P002,R002,5,0.0,220000,155000,1100000,0.0,1100000.0,775000,325000.0
ORD001168,2026-05-12,C0046,P012,R002,4,0.02,125000,83000,500000,10000.0,490000.0,332000,158000.0
ORD001259,2026-05-12,C0236,P006,R005,6,0.15,95000,62000,570000,85500.0,484500.0,372000,112500.0
ORD003495,2026-05-12,C0261,P014,R012,1,0.05,18000,10500,18000,900.0,17100.0,10500,6600.0
ORD007165,2026-05-12,C0069,P006,R007,6,0.1,95000,62000,570000,57000.0,513000.0,372000,141000.0
ORD000052,2026-05-12,C0197,P017,R013,3,0.0,75000,50000,225000,0.0,225000.0,150000,75000.0
ORD007566,2026-05-12,C0125,P006,R007,1,0.15,95000,62000,95000,14250.0,80750.0,62000,18750.0
ORD001539,2026-05-12,C0120,P018,R010,2,0.05,90000,62000,180000,9000.0,171000.0,124000,47000.0
ORD006751,2026-05-12,C0280,P019,R004,4,0.2,45000,29000,180000,36000.0,144000.0,116000,28000.0
ORD001639,2026-05-12,C0072,P014,R010,4,0.05,18000,10500,72000,3600.0,68400.0,42000,26400.0
ORD000739,2026-05-12,C0236,P015,R006,10,0.15,35000,21000,350000,52500.0,297500.0,210000,87500.0
ORD005326,2026-05-12,C0021,P001,R013,2,0.08,350000,245000,700000,56000.0,644000.0,490000,154000.0
ORD005944,2026-05-12,C0044,P012,R002,3,0.08,125000,83000,375000,30000.0,345000.0,249000,96000.0
ORD006061,2026-05-13,C0112,P013,R005,4,0.15,30000,18500,120000,18000.0,102000.0,74000,28000.0
ORD005648,2026-05-13,C0249,P017,R008,1,0.05,75000,50000,75000,3750.0,71250.0,50000,21250.0
ORD005435,2026-05-13,C0133,P013,R008,10,0.05,30000,18500,300000,15000.0,285000.0,185000,100000.0
ORD003503,2026-05-13,C0278,P008,R005,1,0.1,110000,72000,110000,11000.0,99000.0,72000,27000.0
ORD000764,2026-05-13,C0084,P016,R008,5,0.08,55000,35000,275000,22000.0,253000.0,175000,78000.0
ORD004820,2026-05-13,C0188,P013,R013,6,0.0,30000,18500,180000,0.0,180000.0,111000,69000.0
ORD001278,2026-05-13,C0086,P019,R011,2,0.1,45000,29000,90000,9000.0,81000.0,58000,23000.0
ORD005737,2026-05-13,C0246,P007,R009,2,0.02,180000,118000,360000,7200.0,352800.0,236000,116800.0
ORD004114,2026-05-13,C0278,P015,R005,1,0.1,35000,21000,35000,3500.0,31500.0,21000,10500.0
ORD004597,2026-05-13,C0011,P020,R003,4,0.05,22000,13000,88000,4400.0,83600.0,52000,31600.0
ORD006057,2026-05-13,C0129,P004,R002,1,0.1,140000,98000,140000,14000.0,126000.0,98000,28000.0
ORD000727,2026-05-13,C0123,P011,R010,1,0.1,85000,57000,85000,8500.0,76500.0,57000,19500.0
ORD004405,2026-05-13,C0040,P020,R011,3,0.05,22000,13000,66000,3300.0,62700.0,39000,23700.0
ORD007373,2026-05-13,C0073,P015,R006,6,0.05,35000,21000,210000,10500.0,199500.0,126000,73500.0
ORD003544,2026-05-14,C0216,P004,R001,2,0.05,140000,98000,280000,14000.0,266000.0,196000,70000.0
ORD006543,2026-05-14,C0103,P018,R001,2,0.02,90000,62000,180000,3600.0,176400.0,124000,52400.0
ORD002638,2026-05-14,C0230,P011,R006,4,0.05,85000,57000,340000,17000.0,323000.0,228000,95000.0
ORD004432,2026-05-14,C0216,P001,R011,2,0.0,350000,245000,700000,0.0,700000.0,490000,210000.0
ORD004724,2026-05-14,C0234,P018,R002,2,0.05,90000,62000,180000,9000.0,171000.0,124000,47000.0
ORD003114,2026-05-14,C0294,P019,R011,4,0.0,45000,29000,180000,0.0,180000.0,116000,64000.0
ORD003078,2026-05-14,C0233,P016,R009,2,0.1,55000,35000,110000,11000.0,99000.0,70000,29000.0
ORD002277,2026-05-14,C0067,P020,R010,3,0.08,22000,13000,66000,5280.0,60720.0,39000,21720.0
ORD002238,2026-05-14,C0137,P018,R005,4,0.1,90000,62000,360000,36000.0,324000.0,248000,76000.0
ORD000067,2026-05-14,C0236,P009,R010,10,0.2,130000,85000,1300000,260000.0,1040000.0,850000,190000.0
ORD003251,2026-05-14,C0111,P017,R005,1,0.05,75000,50000,75000,3750.0,71250.0,50000,21250.0
ORD007886,2026-05-14,C0093,P006,R013,5,0.15,95000,62000,475000,71250.0,403750.0,310000,93750.0
ORD006990,2026-05-14,C0169,P008,R003,6,0.1,110000,72000,660000,66000.0,594000.0,432000,162000.0
ORD001591,2026-05-14,C0156,P006,R003,3,0.02,95000,62000,285000,5700.0,279300.0,186000,93300.0
ORD003054,2026-05-14,C0186,P018,R004,4,0.08,90000,62000,360000,28800.0,331200.0,248000,83200.0
ORD004690,2026-05-14,C0279,P012,R003,3,0.05,125000,83000,375000,18750.0,356250.0,249000,107250.0
ORD000144,2026-05-15,C0130,P011,R005,1,0.0,85000,57000,85000,0.0,85000.0,57000,28000.0
ORD001733,2026-05-15,C0246,P010,R006,2,0.02,320000,215000,640000,12800.0,627200.0,430000,197200.0
ORD006333,2026-05-15,C0285,P016,R007,3,0.08,55000,35000,165000,13200.0,151800.0,105000,46800.0
ORD001417,2026-05-15,C0255,P012,R007,5,0.08,125000,83000,625000,50000.0,575000.0,415000,160000.0
ORD002816,2026-05-15,C0234,P012,R011,2,0.15,125000,83000,250000,37500.0,212500.0,166000,46500.0
ORD003482,2026-05-15,C0222,P018,R007,4,0.1,90000,62000,360000,36000.0,324000.0,248000,76000.0
ORD003167,2026-05-15,C0071,P012,R004,5,0.08,125000,83000,625000,50000.0,575000.0,415000,160000.0
ORD000625,2026-05-15,C0224,P004,R001,6,0.0,140000,98000,840000,0.0,840000.0,588000,252000.0
ORD000648,2026-05-15,C0228,P012,R006,4,0.05,125000,83000,500000,25000.0,475000.0,332000,143000.0
ORD001771,2026-05-15,C0115,P011,R001,1,0.02,85000,57000,85000,1700.0,83300.0,57000,26300.0
ORD006627,2026-05-15,C0028,P005,R005,3,0.08,120000,84000,360000,28800.0,331200.0,252000,79200.0
ORD002217,2026-05-15,C0181,P003,R003,1,0.0,160000,112000,160000,0.0,160000.0,112000,48000.0
ORD001698,2026-05-15,C0272,P004,R007,1,0.02,140000,98000,140000,2800.0,137200.0,98000,39200.0
ORD000479,2026-05-15,C0140,P018,R004,3,0.08,90000,62000,270000,21600.0,248400.0,186000,62400.0
ORD004127,2026-05-15,C0150,P014,R008,8,0.08,18000,10500,144000,11520.0,132480.0,84000,48480.0
ORD004528,2026-05-15,C0106,P003,R010,4,0.0,160000,112000,640000,0.0,640000.0,448000,192000.0
ORD007614,2026-05-15,C0036,P004,R013,2,0.02,140000,98000,280000,5600.0,274400.0,196000,78400.0
ORD006496,2026-05-16,C0293,P020,R002,2,0.1,22000,13000,44000,4400.0,39600.0,26000,13600.0
ORD001016,2026-05-16,C0254,P017,R002,5,0.05,75000,50000,375000,18750.0,356250.0,250000,106250.0
ORD001981,2026-05-16,C0236,P007,R011,3,0.0,180000,118000,540000,0.0,540000.0,354000,186000.0
ORD002495,2026-05-16,C0048,P008,R005,4,0.08,110000,72000,440000,35200.0,404800.0,288000,116800.0
ORD003254,2026-05-16,C0207,P016,R006,2,0.1,55000,35000,110000,11000.0,99000.0,70000,29000.0
ORD000073,2026-05-16,C0164,P006,R010,3,0.05,95000,62000,285000,14250.0,270750.0,186000,84750.0
ORD007526,2026-05-16,C0098,P019,R012,2,0.08,45000,29000,90000,7200.0,82800.0,58000,24800.0
ORD000717,2026-05-16,C0257,P015,R009,5,0.05,35000,21000,175000,8750.0,166250.0,105000,61250.0
ORD004772,2026-05-16,C0014,P006,R006,3,0.05,95000,62000,285000,14250.0,270750.0,186000,84750.0
ORD000560,2026-05-16,C0065,P014,R009,4,0.08,18000,10500,72000,5760.0,66240.0,42000,24240.0
ORD005932,2026-05-16,C0174,P002,R005,4,0.05,220000,155000,880000,44000.0,836000.0,620000,216000.0
ORD004155,2026-05-17,C0263,P009,R005,3,0.0,130000,85000,390000,0.0,390000.0,255000,135000.0
ORD005652,2026-05-17,C0136,P014,R012,1,0.0,18000,10500,18000,0.0,18000.0,10500,7500.0
ORD000593,2026-05-17,C0083,P019,R003,4,0.02,45000,29000,180000,3600.0,176400.0,116000,60400.0
ORD001134,2026-05-17,C0169,P012,R012,2,0.02,125000,83000,250000,5000.0,245000.0,166000,79000.0
ORD007952,2026-05-17,C0293,P016,R009,2,0.02,55000,35000,110000,2200.0,107800.0,70000,37800.0
ORD006144,2026-05-17,C0201,P019,R012,4,0.02,45000,29000,180000,3600.0,176400.0,116000,60400.0
ORD002428,2026-05-17,C0116,P014,R002,1,0.08,18000,10500,18000,1440.0,16560.0,10500,6060.0
ORD005607,2026-05-17,C0162,P013,R009,2,0.02,30000,18500,60000,1200.0,58800.0,37000,21800.0
ORD000212,2026-05-17,C0016,P016,R002,6,0.0,55000,35000,330000,0.0,330000.0,210000,120000.0
ORD005987,2026-05-17,C0249,P003,R008,2,0.2,160000,112000,320000,64000.0,256000.0,224000,32000.0
ORD004346,2026-05-17,C0199,P018,R013,3,0.08,90000,62000,270000,21600.0,248400.0,186000,62400.0
ORD004596,2026-05-17,C0300,P004,R003,2,0.0,140000,98000,280000,0.0,280000.0,196000,84000.0
ORD004618,2026-05-17,C0183,P012,R010,3,0.05,125000,83000,375000,18750.0,356250.0,249000,107250.0
ORD007559,2026-05-17,C0267,P013,R013,4,0.08,30000,18500,120000,9600.0,110400.0,74000,36400.0
ORD002490,2026-05-17,C0159,P006,R003,3,0.05,95000,62000,285000,14250.0,270750.0,186000,84750.0
ORD000472,2026-05-18,C0164,P016,R008,2,0.05,55000,35000,110000,5500.0,104500.0,70000,34500.0
ORD004412,2026-05-18,C0138,P010,R004,3,0.02,320000,215000,960000,19200.0,940800.0,645000,295800.0
ORD007894,2026-05-18,C0064,P011,R005,5,0.0,85000,57000,425000,0.0,425000.0,285000,140000.0
ORD005229,2026-05-18,C0012,P003,R009,4,0.02,160000,112000,640000,12800.0,627200.0,448000,179200.0
ORD004982,2026-05-18,C0225,P014,R007,4,0.1,18000,10500,72000,7200.0,64800.0,42000,22800.0
ORD006474,2026-05-18,C0076,P005,R010,1,0.08,120000,84000,120000,9600.0,110400.0,84000,26400.0
ORD006625,2026-05-18,C0297,P015,R002,1,0.0,35000,21000,35000,0.0,35000.0,21000,14000.0
ORD005968,2026-05-18,C0104,P008,R009,1,0.15,110000,72000,110000,16500.0,93500.0,72000,21500.0
ORD004235,2026-05-18,C0117,P004,R010,2,0.02,140000,98000,280000,5600.0,274400.0,196000,78400.0
ORD000394,2026-05-18,C0086,P009,R013,5,0.02,130000,85000,650000,13000.0,637000.0,425000,212000.0
ORD003420,2026-05-18,C0245,P019,R012,3,0.05,45000,29000,135000,6750.0,128250.0,87000,41250.0
ORD007299,2026-05-18,C0106,P002,R005,2,0.15,220000,155000,440000,66000.0,374000.0,310000,64000.0
ORD002961,2026-05-18,C0038,P008,R013,8,0.1,110000,72000,880000,88000.0,792000.0,576000,216000.0
ORD003644,2026-05-18,C0069,P003,R011,4,0.05,160000,112000,640000,32000.0,608000.0,448000,160000.0
ORD004638,2026-05-18,C0058,P009,R008,6,0.2,130000,85000,780000,156000.0,624000.0,510000,114000.0
ORD007827,2026-05-18,C0255,P012,R002,3,0.15,125000,83000,375000,56250.0,318750.0,249000,69750.0
ORD003819,2026-05-18,C0151,P010,R005,1,0.0,320000,215000,320000,0.0,320000.0,215000,105000.0
ORD007979,2026-05-18,C0203,P017,R005,5,0.1,75000,50000,375000,37500.0,337500.0,250000,87500.0
ORD005433,2026-05-18,C0111,P004,R009,6,0.08,140000,98000,840000,67200.0,772800.0,588000,184800.0
ORD007607,2026-05-18,C0268,P003,R011,1,0.0,160000,112000,160000,0.0,160000.0,112000,48000.0
ORD002967,2026-05-19,C0124,P015,R002,6,0.1,35000,21000,210000,21000.0,189000.0,126000,63000.0
ORD007330,2026-05-19,C0166,P006,R001,3,0.05,95000,62000,285000,14250.0,270750.0,186000,84750.0
ORD003743,2026-05-19,C0149,P018,R011,4,0.0,90000,62000,360000,0.0,360000.0,248000,112000.0
ORD000411,2026-05-19,C0081,P009,R005,8,0.05,130000,85000,1040000,52000.0,988000.0,680000,308000.0
ORD006808,2026-05-19,C0115,P011,R008,2,0.0,85000,57000,170000,0.0,170000.0,114000,56000.0
ORD001876,2026-05-19,C0107,P012,R004,6,0.08,125000,83000,750000,60000.0,690000.0,498000,192000.0
ORD001137,2026-05-19,C0125,P014,R012,8,0.0,18000,10500,144000,0.0,144000.0,84000,60000.0
ORD003230,2026-05-19,C0155,P006,R006,6,0.05,95000,62000,570000,28500.0,541500.0,372000,169500.0
ORD007459,2026-05-19,C0083,P016,R012,5,0.15,55000,35000,275000,41250.0,233750.0,175000,58750.0
ORD002729,2026-05-19,C0072,P017,R008,4,0.05,75000,50000,300000,15000.0,285000.0,200000,85000.0
ORD002509,2026-05-19,C0094,P015,R005,4,0.05,35000,21000,140000,7000.0,133000.0,84000,49000.0
ORD006469,2026-05-19,C0290,P005,R006,2,0.08,120000,84000,240000,19200.0,220800.0,168000,52800.0
ORD003156,2026-05-19,C0277,P016,R012,3,0.08,55000,35000,165000,13200.0,151800.0,105000,46800.0
ORD003776,2026-05-19,C0190,P020,R013,1,0.2,22000,13000,22000,4400.0,17600.0,13000,4600.0
ORD005332,2026-05-19,C0232,P006,R013,6,0.08,95000,62000,570000,45600.0,524400.0,372000,152400.0
ORD006177,2026-05-19,C0199,P015,R008,4,0.02,35000,21000,140000,2800.0,137200.0,84000,53200.0
ORD002046,2026-05-20,C0062,P004,R013,5,0.0,140000,98000,700000,0.0,700000.0,490000,210000.0
ORD002742,2026-05-20,C0125,P018,R013,2,0.1,90000,62000,180000,18000.0,162000.0,124000,38000.0
ORD003111,2026-05-20,C0213,P005,R010,3,0.05,120000,84000,360000,18000.0,342000.0,252000,90000.0
ORD005665,2026-05-20,C0142,P018,R007,8,0.02,90000,62000,720000,14400.0,705600.0,496000,209600.0
ORD006806,2026-05-20,C0156,P001,R009,1,0.15,350000,245000,350000,52500.0,297500.0,245000,52500.0
ORD000171,2026-05-20,C0082,P011,R003,4,0.02,85000,57000,340000,6800.0,333200.0,228000,105200.0
ORD002146,2026-05-20,C0137,P015,R010,3,0.08,35000,21000,105000,8400.0,96600.0,63000,33600.0
ORD001574,2026-05-20,C0168,P018,R006,2,0.02,90000,62000,180000,3600.0,176400.0,124000,52400.0
ORD001770,2026-05-20,C0049,P015,R012,4,0.2,35000,21000,140000,28000.0,112000.0,84000,28000.0
ORD003204,2026-05-20,C0036,P013,R003,2,0.15,30000,18500,60000,9000.0,51000.0,37000,14000.0
ORD003969,2026-05-20,C0101,P004,R003,3,0.08,140000,98000,420000,33600.0,386400.0,294000,92400.0
ORD002681,2026-05-20,C0052,P017,R004,5,0.02,75000,50000,375000,7500.0,367500.0,250000,117500.0
ORD000104,2026-05-21,C0299,P018,R008,1,0.0,90000,62000,90000,0.0,90000.0,62000,28000.0
ORD000649,2026-05-21,C0128,P009,R004,2,0.1,130000,85000,260000,26000.0,234000.0,170000,64000.0
ORD006000,2026-05-21,C0079,P009,R001,5,0.15,130000,85000,650000,97500.0,552500.0,425000,127500.0
ORD001912,2026-05-21,C0065,P020,R008,2,0.02,22000,13000,44000,880.0,43120.0,26000,17120.0
ORD005982,2026-05-21,C0220,P001,R001,4,0.08,350000,245000,1400000,112000.0,1288000.0,980000,308000.0
ORD004136,2026-05-21,C0295,P001,R009,10,0.1,350000,245000,3500000,350000.0,3150000.0,2450000,700000.0
ORD005686,2026-05-21,C0202,P001,R013,5,0.05,350000,245000,1750000,87500.0,1662500.0,1225000,437500.0
ORD007518,2026-05-21,C0248,P003,R003,10,0.02,160000,112000,1600000,32000.0,1568000.0,1120000,448000.0
ORD000844,2026-05-21,C0030,P009,R003,1,0.02,130000,85000,130000,2600.0,127400.0,85000,42400.0
ORD007706,2026-05-21,C0206,P013,R001,4,0.02,30000,18500,120000,2400.0,117600.0,74000,43600.0
ORD006133,2026-05-21,C0035,P013,R010,4,0.0,30000,18500,120000,0.0,120000.0,74000,46000.0
ORD005792,2026-05-21,C0052,P009,R012,1,0.05,130000,85000,130000,6500.0,123500.0,85000,38500.0
ORD004696,2026-05-21,C0172,P011,R003,5,0.05,85000,57000,425000,21250.0,403750.0,285000,118750.0
ORD000357,2026-05-21,C0080,P008,R011,8,0.05,110000,72000,880000,44000.0,836000.0,576000,260000.0
ORD003537,2026-05-21,C0158,P009,R003,3,0.05,130000,85000,390000,19500.0,370500.0,255000,115500.0
ORD006820,2026-05-21,C0112,P006,R013,1,0.02,95000,62000,95000,1900.0,93100.0,62000,31100.0
ORD005257,2026-05-22,C0261,P015,R003,4,0.05,35000,21000,140000,7000.0,133000.0,84000,49000.0
ORD002542,2026-05-22,C0220,P002,R008,4,0.05,220000,155000,880000,44000.0,836000.0,620000,216000.0
ORD000989,2026-05-22,C0225,P019,R003,5,0.05,45000,29000,225000,11250.0,213750.0,145000,68750.0
ORD000711,2026-05-22,C0200,P011,R012,6,0.0,85000,57000,510000,0.0,510000.0,342000,168000.0
ORD001983,2026-05-22,C0168,P019,R001,3,0.02,45000,29000,135000,2700.0,132300.0,87000,45300.0
ORD003144,2026-05-22,C0041,P006,R013,3,0.05,95000,62000,285000,14250.0,270750.0,186000,84750.0
ORD006064,2026-05-22,C0260,P009,R003,4,0.15,130000,85000,520000,78000.0,442000.0,340000,102000.0
ORD004132,2026-05-22,C0148,P002,R007,3,0.0,220000,155000,660000,0.0,660000.0,465000,195000.0
ORD002927,2026-05-22,C0047,P003,R005,6,0.05,160000,112000,960000,48000.0,912000.0,672000,240000.0
ORD000173,2026-05-23,C0012,P002,R006,6,0.1,220000,155000,1320000,132000.0,1188000.0,930000,258000.0
ORD002352,2026-05-23,C0127,P006,R004,4,0.02,95000,62000,380000,7600.0,372400.0,248000,124400.0
ORD006055,2026-05-23,C0055,P019,R010,4,0.0,45000,29000,180000,0.0,180000.0,116000,64000.0
ORD000294,2026-05-23,C0134,P016,R003,2,0.08,55000,35000,110000,8800.0,101200.0,70000,31200.0
ORD004485,2026-05-23,C0152,P009,R005,10,0.0,130000,85000,1300000,0.0,1300000.0,850000,450000.0
ORD004033,2026-05-23,C0053,P003,R011,2,0.1,160000,112000,320000,32000.0,288000.0,224000,64000.0
ORD000355,2026-05-23,C0205,P001,R007,4,0.0,350000,245000,1400000,0.0,1400000.0,980000,420000.0
ORD006151,2026-05-23,C0047,P003,R009,5,0.15,160000,112000,800000,120000.0,680000.0,560000,120000.0
ORD001879,2026-05-23,C0263,P005,R006,8,0.08,120000,84000,960000,76800.0,883200.0,672000,211200.0
ORD003252,2026-05-23,C0180,P020,R011,2,0.08,22000,13000,44000,3520.0,40480.0,26000,14480.0
ORD004423,2026-05-23,C0294,P001,R003,5,0.08,350000,245000,1750000,140000.0,1610000.0,1225000,385000.0
ORD002897,2026-05-23,C0068,P013,R008,1,0.1,30000,18500,30000,3000.0,27000.0,18500,8500.0
ORD004170,2026-05-23,C0124,P008,R001,2,0.02,110000,72000,220000,4400.0,215600.0,144000,71600.0
ORD007002,2026-05-23,C0242,P009,R006,4,0.05,130000,85000,520000,26000.0,494000.0,340000,154000.0
ORD001997,2026-05-23,C0286,P013,R013,10,0.0,30000,18500,300000,0.0,300000.0,185000,115000.0
ORD005387,2026-05-23,C0143,P007,R005,1,0.08,180000,118000,180000,14400.0,165600.0,118000,47600.0
ORD006457,2026-05-23,C0015,P003,R009,2,0.1,160000,112000,320000,32000.0,288000.0,224000,64000.0
ORD001418,2026-05-24,C0141,P017,R007,2,0.08,75000,50000,150000,12000.0,138000.0,100000,38000.0
ORD005448,2026-05-24,C0158,P016,R001,3,0.05,55000,35000,165000,8250.0,156750.0,105000,51750.0
ORD002760,2026-05-24,C0213,P015,R011,3,0.0,35000,21000,105000,0.0,105000.0,63000,42000.0
ORD003688,2026-05-24,C0252,P004,R001,6,0.08,140000,98000,840000,67200.0,772800.0,588000,184800.0
ORD002972,2026-05-24,C0175,P001,R012,2,0.05,350000,245000,700000,35000.0,665000.0,490000,175000.0
ORD006622,2026-05-24,C0223,P020,R010,1,0.0,22000,13000,22000,0.0,22000.0,13000,9000.0
ORD004479,2026-05-24,C0103,P003,R009,5,0.05,160000,112000,800000,40000.0,760000.0,560000,200000.0
ORD005598,2026-05-24,C0125,P014,R007,3,0.1,18000,10500,54000,5400.0,48600.0,31500,17100.0
ORD006927,2026-05-24,C0017,P002,R009,8,0.08,220000,155000,1760000,140800.0,1619200.0,1240000,379200.0
ORD002245,2026-05-24,C0001,P015,R005,5,0.05,35000,21000,175000,8750.0,166250.0,105000,61250.0
ORD003067,2026-05-24,C0256,P006,R002,5,0.05,95000,62000,475000,23750.0,451250.0,310000,141250.0
ORD001350,2026-05-24,C0084,P009,R013,5,0.02,130000,85000,650000,13000.0,637000.0,425000,212000.0
ORD002702,2026-05-24,C0232,P006,R011,2,0.1,95000,62000,190000,19000.0,171000.0,124000,47000.0
ORD005328,2026-05-24,C0245,P015,R005,1,0.0,35000,21000,35000,0.0,35000.0,21000,14000.0
ORD004942,2026-05-24,C0142,P014,R004,2,0.08,18000,10500,36000,2880.0,33120.0,21000,12120.0
ORD007247,2026-05-25,C0153,P020,R001,4,0.02,22000,13000,88000,1760.0,86240.0,52000,34240.0
ORD001522,2026-05-25,C0024,P019,R007,2,0.05,45000,29000,90000,4500.0,85500.0,58000,27500.0
ORD001543,2026-05-25,C0257,P018,R010,3,0.15,90000,62000,270000,40500.0,229500.0,186000,43500.0
ORD005183,2026-05-25,C0106,P018,R008,6,0.0,90000,62000,540000,0.0,540000.0,372000,168000.0
ORD007048,2026-05-25,C0243,P015,R002,3,0.05,35000,21000,105000,5250.0,99750.0,63000,36750.0
ORD006335,2026-05-25,C0140,P016,R002,3,0.05,55000,35000,165000,8250.0,156750.0,105000,51750.0
ORD003593,2026-05-25,C0240,P004,R013,2,0.02,140000,98000,280000,5600.0,274400.0,196000,78400.0
ORD006597,2026-05-25,C0204,P004,R003,5,0.0,140000,98000,700000,0.0,700000.0,490000,210000.0
ORD006269,2026-05-26,C0180,P003,R012,1,0.05,160000,112000,160000,8000.0,152000.0,112000,40000.0
ORD004031,2026-05-26,C0035,P020,R004,4,0.05,22000,13000,88000,4400.0,83600.0,52000,31600.0
ORD005389,2026-05-26,C0192,P011,R010,8,0.05,85000,57000,680000,34000.0,646000.0,456000,190000.0
ORD007764,2026-05-26,C0281,P002,R008,5,0.0,220000,155000,1100000,0.0,1100000.0,775000,325000.0
ORD000237,2026-05-26,C0074,P009,R008,10,0.0,130000,85000,1300000,0.0,1300000.0,850000,450000.0
ORD007129,2026-05-26,C0197,P019,R013,10,0.08,45000,29000,450000,36000.0,414000.0,290000,124000.0
ORD003500,2026-05-26,C0036,P020,R011,3,0.0,22000,13000,66000,0.0,66000.0,39000,27000.0
ORD001173,2026-05-26,C0157,P010,R009,4,0.02,320000,215000,1280000,25600.0,1254400.0,860000,394400.0
ORD000145,2026-05-26,C0078,P019,R004,3,0.08,45000,29000,135000,10800.0,124200.0,87000,37200.0
ORD000430,2026-05-26,C0126,P017,R008,3,0.0,75000,50000,225000,0.0,225000.0,150000,75000.0
ORD005668,2026-05-26,C0221,P011,R004,3,0.1,85000,57000,255000,25500.0,229500.0,171000,58500.0
ORD005706,2026-05-26,C0111,P008,R012,1,0.0,110000,72000,110000,0.0,110000.0,72000,38000.0
ORD003295,2026-05-26,C0146,P013,R011,5,0.0,30000,18500,150000,0.0,150000.0,92500,57500.0
ORD002713,2026-05-26,C0008,P016,R011,3,0.05,55000,35000,165000,8250.0,156750.0,105000,51750.0
ORD003339,2026-05-26,C0216,P016,R006,8,0.1,55000,35000,440000,44000.0,396000.0,280000,116000.0
ORD002283,2026-05-26,C0246,P018,R009,1,0.0,90000,62000,90000,0.0,90000.0,62000,28000.0
ORD003591,2026-05-26,C0258,P002,R002,4,0.15,220000,155000,880000,132000.0,748000.0,620000,128000.0
ORD000696,2026-05-27,C0272,P002,R001,8,0.0,220000,155000,1760000,0.0,1760000.0,1240000,520000.0
ORD007632,2026-05-27,C0267,P010,R013,2,0.05,320000,215000,640000,32000.0,608000.0,430000,178000.0
ORD002622,2026-05-27,C0015,P011,R013,3,0.08,85000,57000,255000,20400.0,234600.0,171000,63600.0
ORD004939,2026-05-27,C0018,P003,R013,4,0.0,160000,112000,640000,0.0,640000.0,448000,192000.0
ORD007601,2026-05-27,C0071,P013,R006,1,0.05,30000,18500,30000,1500.0,28500.0,18500,10000.0
ORD001113,2026-05-27,C0240,P002,R007,1,0.0,220000,155000,220000,0.0,220000.0,155000,65000.0
ORD006209,2026-05-27,C0152,P014,R003,3,0.08,18000,10500,54000,4320.0,49680.0,31500,18180.0
ORD004830,2026-05-27,C0006,P010,R011,4,0.02,320000,215000,1280000,25600.0,1254400.0,860000,394400.0
ORD002987,2026-05-27,C0228,P007,R012,3,0.08,180000,118000,540000,43200.0,496800.0,354000,142800.0
ORD006526,2026-05-27,C0298,P011,R009,6,0.05,85000,57000,510000,25500.0,484500.0,342000,142500.0
ORD006551,2026-05-27,C0035,P015,R013,2,0.08,35000,21000,70000,5600.0,64400.0,42000,22400.0
ORD007695,2026-05-28,C0220,P006,R006,4,0.02,95000,62000,380000,7600.0,372400.0,248000,124400.0
ORD006866,2026-05-28,C0100,P010,R004,2,0.0,320000,215000,640000,0.0,640000.0,430000,210000.0
ORD000319,2026-05-28,C0222,P012,R012,4,0.15,125000,83000,500000,75000.0,425000.0,332000,93000.0
ORD001160,2026-05-28,C0220,P013,R005,3,0.05,30000,18500,90000,4500.0,85500.0,55500,30000.0
ORD004157,2026-05-28,C0259,P019,R008,4,0.05,45000,29000,180000,9000.0,171000.0,116000,55000.0
ORD000448,2026-05-28,C0211,P018,R007,3,0.2,90000,62000,270000,54000.0,216000.0,186000,30000.0
ORD004151,2026-05-28,C0078,P001,R006,3,0.15,350000,245000,1050000,157500.0,892500.0,735000,157500.0
ORD000195,2026-05-28,C0001,P008,R009,4,0.05,110000,72000,440000,22000.0,418000.0,288000,130000.0
ORD007530,2026-05-28,C0071,P008,R013,2,0.15,110000,72000,220000,33000.0,187000.0,144000,43000.0
ORD004660,2026-05-28,C0128,P011,R003,5,0.15,85000,57000,425000,63750.0,361250.0,285000,76250.0
ORD000014,2026-05-28,C0173,P003,R009,1,0.05,160000,112000,160000,8000.0,152000.0,112000,40000.0
ORD005195,2026-05-28,C0264,P010,R003,3,0.15,320000,215000,960000,144000.0,816000.0,645000,171000.0
ORD006038,2026-05-28,C0275,P008,R005,5,0.02,110000,72000,550000,11000.0,539000.0,360000,179000.0
ORD005547,2026-05-29,C0138,P016,R001,10,0.0,55000,35000,550000,0.0,550000.0,350000,200000.0
ORD006719,2026-05-29,C0010,P012,R005,6,0.05,125000,83000,750000,37500.0,712500.0,498000,214500.0
ORD005779,2026-05-29,C0102,P016,R002,5,0.0,55000,35000,275000,0.0,275000.0,175000,100000.0
ORD001839,2026-05-29,C0160,P012,R010,10,0.0,125000,83000,1250000,0.0,1250000.0,830000,420000.0
ORD005773,2026-05-29,C0216,P007,R003,1,0.1,180000,118000,180000,18000.0,162000.0,118000,44000.0
ORD002129,2026-05-29,C0003,P011,R008,6,0.05,85000,57000,510000,25500.0,484500.0,342000,142500.0
ORD002806,2026-05-29,C0105,P011,R007,5,0.02,85000,57000,425000,8500.0,416500.0,285000,131500.0
ORD000637,2026-05-29,C0077,P012,R013,3,0.08,125000,83000,375000,30000.0,345000.0,249000,96000.0
ORD006624,2026-05-29,C0019,P016,R010,2,0.02,55000,35000,110000,2200.0,107800.0,70000,37800.0
ORD003196,2026-05-29,C0019,P010,R010,2,0.02,320000,215000,640000,12800.0,627200.0,430000,197200.0
ORD002871,2026-05-29,C0149,P019,R004,2,0.0,45000,29000,90000,0.0,90000.0,58000,32000.0
ORD004921,2026-05-29,C0258,P008,R005,1,0.0,110000,72000,110000,0.0,110000.0,72000,38000.0
ORD002012,2026-05-29,C0278,P009,R008,3,0.05,130000,85000,390000,19500.0,370500.0,255000,115500.0
ORD003654,2026-05-29,C0271,P019,R004,2,0.02,45000,29000,90000,1800.0,88200.0,58000,30200.0
ORD002709,2026-05-30,C0146,P009,R011,1,0.05,130000,85000,130000,6500.0,123500.0,85000,38500.0
ORD005866,2026-05-30,C0212,P008,R005,4,0.02,110000,72000,440000,8800.0,431200.0,288000,143200.0
ORD005445,2026-05-30,C0173,P015,R004,2,0.05,35000,21000,70000,3500.0,66500.0,42000,24500.0
ORD001078,2026-05-30,C0112,P002,R005,2,0.0,220000,155000,440000,0.0,440000.0,310000,130000.0
ORD001667,2026-05-30,C0069,P014,R007,5,0.02,18000,10500,90000,1800.0,88200.0,52500,35700.0
ORD003782,2026-05-30,C0119,P013,R011,4,0.02,30000,18500,120000,2400.0,117600.0,74000,43600.0
ORD001730,2026-05-30,C0129,P017,R001,4,0.0,75000,50000,300000,0.0,300000.0,200000,100000.0
ORD001400,2026-05-30,C0295,P005,R007,1,0.02,120000,84000,120000,2400.0,117600.0,84000,33600.0
ORD007915,2026-05-30,C0258,P014,R010,1,0.05,18000,10500,18000,900.0,17100.0,10500,6600.0
ORD005843,2026-05-30,C0271,P007,R002,3,0.1,180000,118000,540000,54000.0,486000.0,354000,132000.0
ORD001683,2026-05-30,C0107,P006,R008,1,0.08,95000,62000,95000,7600.0,87400.0,62000,25400.0
ORD004796,2026-05-30,C0216,P012,R004,10,0.05,125000,83000,1250000,62500.0,1187500.0,830000,357500.0
ORD002770,2026-05-30,C0120,P005,R007,4,0.05,120000,84000,480000,24000.0,456000.0,336000,120000.0
ORD003265,2026-05-30,C0205,P015,R013,1,0.08,35000,21000,35000,2800.0,32200.0,21000,11200.0
ORD000969,2026-05-31,C0102,P020,R010,2,0.05,22000,13000,44000,2200.0,41800.0,26000,15800.0
ORD007350,2026-05-31,C0209,P016,R002,5,0.0,55000,35000,275000,0.0,275000.0,175000,100000.0
ORD004153,2026-05-31,C0109,P004,R011,1,0.15,140000,98000,140000,21000.0,119000.0,98000,21000.0
ORD005463,2026-05-31,C0269,P003,R002,4,0.02,160000,112000,640000,12800.0,627200.0,448000,179200.0
ORD000048,2026-05-31,C0245,P018,R008,3,0.08,90000,62000,270000,21600.0,248400.0,186000,62400.0
ORD006074,2026-05-31,C0128,P002,R013,2,0.0,220000,155000,440000,0.0,440000.0,310000,130000.0
ORD003381,2026-05-31,C0081,P001,R007,1,0.08,350000,245000,350000,28000.0,322000.0,245000,77000.0
ORD004990,2026-05-31,C0082,P014,R011,4,0.05,18000,10500,72000,3600.0,68400.0,42000,26400.0
ORD000784,2026-05-31,C0298,P018,R004,2,0.05,90000,62000,180000,9000.0,171000.0,124000,47000.0
ORD001961,2026-05-31,C0106,P019,R005,1,0.1,45000,29000,45000,4500.0,40500.0,29000,11500.0
ORD001727,2026-05-31,C0176,P010,R007,4,0.15,320000,215000,1280000,192000.0,1088000.0,860000,228000.0
ORD007006,2026-05-31,C0071,P019,R007,8,0.0,45000,29000,360000,0.0,360000.0,232000,128000.0
ORD001105,2026-05-31,C0078,P014,R003,6,0.1,18000,10500,108000,10800.0,97200.0,63000,34200.0
ORD002524,2026-05-31,C0083,P004,R005,1,0.05,140000,98000,140000,7000.0,133000.0,98000,35000.0
ORD000395,2026-05-31,C0251,P014,R011,4,0.0,18000,10500,72000,0.0,72000.0,42000,30000.0
ORD004452,2026-05-31,C0251,P003,R007,3,0.0,160000,112000,480000,0.0,480000.0,336000,144000.0
ORD002827,2026-06-01,C0158,P002,R008,4,0.08,220000,155000,880000,70400.0,809600.0,620000,189600.0
ORD001371,2026-06-01,C0246,P015,R005,3,0.15,35000,21000,105000,15750.0,89250.0,63000,26250.0
ORD000493,2026-06-01,C0294,P003,R008,4,0.02,160000,112000,640000,12800.0,627200.0,448000,179200.0
ORD000846,2026-06-01,C0217,P003,R008,4,0.0,160000,112000,640000,0.0,640000.0,448000,192000.0
ORD001487,2026-06-01,C0202,P004,R002,1,0.08,140000,98000,140000,11200.0,128800.0,98000,30800.0
ORD007893,2026-06-01,C0287,P017,R002,4,0.05,75000,50000,300000,15000.0,285000.0,200000,85000.0
ORD003891,2026-06-01,C0001,P013,R012,1,0.05,30000,18500,30000,1500.0,28500.0,18500,10000.0
ORD001406,2026-06-01,C0141,P011,R007,8,0.0,85000,57000,680000,0.0,680000.0,456000,224000.0
ORD002253,2026-06-01,C0132,P010,R006,3,0.02,320000,215000,960000,19200.0,940800.0,645000,295800.0
ORD005117,2026-06-01,C0065,P003,R004,4,0.0,160000,112000,640000,0.0,640000.0,448000,192000.0
ORD001213,2026-06-01,C0136,P001,R005,5,0.1,350000,245000,1750000,175000.0,1575000.0,1225000,350000.0
ORD003225,2026-06-01,C0258,P019,R002,6,0.0,45000,29000,270000,0.0,270000.0,174000,96000.0
ORD007816,2026-06-01,C0191,P009,R010,2,0.15,130000,85000,260000,39000.0,221000.0,170000,51000.0
ORD005304,2026-06-01,C0299,P008,R013,4,0.05,110000,72000,440000,22000.0,418000.0,288000,130000.0
ORD000136,2026-06-01,C0273,P001,R005,2,0.05,350000,245000,700000,35000.0,665000.0,490000,175000.0
ORD001838,2026-06-01,C0105,P018,R007,2,0.2,90000,62000,180000,36000.0,144000.0,124000,20000.0
ORD002264,2026-06-01,C0057,P010,R009,6,0.02,320000,215000,1920000,38400.0,1881600.0,1290000,591600.0
ORD007698,2026-06-01,C0012,P005,R006,2,0.05,120000,84000,240000,12000.0,228000.0,168000,60000.0
ORD005506,2026-06-01,C0224,P012,R010,1,0.0,125000,83000,125000,0.0,125000.0,83000,42000.0
ORD000385,2026-06-02,C0034,P019,R002,2,0.05,45000,29000,90000,4500.0,85500.0,58000,27500.0
ORD006212,2026-06-02,C0133,P020,R003,3,0.0,22000,13000,66000,0.0,66000.0,39000,27000.0
ORD006480,2026-06-02,C0015,P005,R008,2,0.15,120000,84000,240000,36000.0,204000.0,168000,36000.0
ORD003128,2026-06-02,C0201,P006,R003,4,0.1,95000,62000,380000,38000.0,342000.0,248000,94000.0
ORD004321,2026-06-02,C0270,P018,R002,8,0.05,90000,62000,720000,36000.0,684000.0,496000,188000.0
ORD000240,2026-06-02,C0077,P012,R005,6,0.15,125000,83000,750000,112500.0,637500.0,498000,139500.0
ORD002575,2026-06-02,C0231,P002,R005,8,0.05,220000,155000,1760000,88000.0,1672000.0,1240000,432000.0
ORD002858,2026-06-02,C0226,P007,R012,2,0.08,180000,118000,360000,28800.0,331200.0,236000,95200.0
ORD004260,2026-06-02,C0186,P017,R007,3,0.08,75000,50000,225000,18000.0,207000.0,150000,57000.0
ORD007697,2026-06-02,C0166,P003,R013,4,0.02,160000,112000,640000,12800.0,627200.0,448000,179200.0
ORD004535,2026-06-02,C0274,P007,R012,3,0.0,180000,118000,540000,0.0,540000.0,354000,186000.0
ORD004804,2026-06-02,C0179,P008,R008,1,0.05,110000,72000,110000,5500.0,104500.0,72000,32500.0
ORD005451,2026-06-03,C0173,P012,R009,8,0.2,125000,83000,1000000,200000.0,800000.0,664000,136000.0
ORD002810,2026-06-03,C0298,P010,R002,1,0.0,320000,215000,320000,0.0,320000.0,215000,105000.0
ORD000130,2026-06-03,C0249,P006,R011,2,0.05,95000,62000,190000,9500.0,180500.0,124000,56500.0
ORD007903,2026-06-03,C0106,P002,R006,3,0.02,220000,155000,660000,13200.0,646800.0,465000,181800.0
ORD005558,2026-06-03,C0150,P017,R005,6,0.05,75000,50000,450000,22500.0,427500.0,300000,127500.0
ORD003331,2026-06-03,C0250,P001,R013,4,0.02,350000,245000,1400000,28000.0,1372000.0,980000,392000.0
ORD002498,2026-06-03,C0022,P004,R004,2,0.0,140000,98000,280000,0.0,280000.0,196000,84000.0
ORD001804,2026-06-03,C0126,P004,R007,2,0.0,140000,98000,280000,0.0,280000.0,196000,84000.0
ORD001517,2026-06-03,C0093,P002,R004,5,0.08,220000,155000,1100000,88000.0,1012000.0,775000,237000.0
ORD000762,2026-06-03,C0092,P016,R011,3,0.05,55000,35000,165000,8250.0,156750.0,105000,51750.0
ORD004521,2026-06-03,C0084,P015,R002,3,0.02,35000,21000,105000,2100.0,102900.0,63000,39900.0
ORD004567,2026-06-03,C0274,P013,R003,3,0.1,30000,18500,90000,9000.0,81000.0,55500,25500.0
ORD004142,2026-06-03,C0037,P009,R012,6,0.05,130000,85000,780000,39000.0,741000.0,510000,231000.0
ORD006879,2026-06-04,C0196,P009,R006,1,0.08,130000,85000,130000,10400.0,119600.0,85000,34600.0
ORD007301,2026-06-04,C0230,P014,R001,1,0.05,18000,10500,18000,900.0,17100.0,10500,6600.0
ORD007067,2026-06-04,C0112,P005,R011,4,0.0,120000,84000,480000,0.0,480000.0,336000,144000.0
ORD001598,2026-06-04,C0155,P001,R007,8,0.08,350000,245000,2800000,224000.0,2576000.0,1960000,616000.0
ORD002606,2026-06-04,C0116,P008,R008,2,0.2,110000,72000,220000,44000.0,176000.0,144000,32000.0
ORD003187,2026-06-04,C0036,P012,R003,5,0.08,125000,83000,625000,50000.0,575000.0,415000,160000.0
ORD006503,2026-06-04,C0175,P007,R013,8,0.2,180000,118000,1440000,288000.0,1152000.0,944000,208000.0
ORD004164,2026-06-04,C0119,P016,R011,4,0.1,55000,35000,220000,22000.0,198000.0,140000,58000.0
ORD001002,2026-06-04,C0074,P018,R008,2,0.15,90000,62000,180000,27000.0,153000.0,124000,29000.0
ORD001124,2026-06-04,C0045,P001,R013,8,0.2,350000,245000,2800000,560000.0,2240000.0,1960000,280000.0
ORD001899,2026-06-04,C0295,P001,R009,4,0.0,350000,245000,1400000,0.0,1400000.0,980000,420000.0
ORD004266,2026-06-04,C0279,P014,R011,2,0.08,18000,10500,36000,2880.0,33120.0,21000,12120.0
ORD002577,2026-06-04,C0162,P013,R001,10,0.02,30000,18500,300000,6000.0,294000.0,185000,109000.0
ORD003849,2026-06-04,C0102,P001,R005,5,0.1,350000,245000,1750000,175000.0,1575000.0,1225000,350000.0
ORD005828,2026-06-04,C0072,P006,R013,3,0.1,95000,62000,285000,28500.0,256500.0,186000,70500.0
ORD002251,2026-06-04,C0222,P020,R002,2,0.0,22000,13000,44000,0.0,44000.0,26000,18000.0
ORD000306,2026-06-04,C0099,P005,R004,6,0.1,120000,84000,720000,72000.0,648000.0,504000,144000.0
ORD006905,2026-06-04,C0271,P013,R006,2,0.0,30000,18500,60000,0.0,60000.0,37000,23000.0
ORD005008,2026-06-04,C0283,P019,R004,8,0.0,45000,29000,360000,0.0,360000.0,232000,128000.0
ORD002105,2026-06-04,C0083,P016,R013,5,0.05,55000,35000,275000,13750.0,261250.0,175000,86250.0
ORD006839,2026-06-04,C0197,P001,R010,6,0.05,350000,245000,2100000,105000.0,1995000.0,1470000,525000.0
ORD006640,2026-06-04,C0141,P018,R005,1,0.02,90000,62000,90000,1800.0,88200.0,62000,26200.0
ORD002739,2026-06-05,C0062,P006,R004,3,0.02,95000,62000,285000,5700.0,279300.0,186000,93300.0
ORD005934,2026-06-05,C0119,P012,R010,3,0.0,125000,83000,375000,0.0,375000.0,249000,126000.0
ORD000658,2026-06-05,C0281,P003,R002,4,0.02,160000,112000,640000,12800.0,627200.0,448000,179200.0
ORD007638,2026-06-05,C0263,P013,R010,2,0.0,30000,18500,60000,0.0,60000.0,37000,23000.0
ORD004455,2026-06-05,C0051,P012,R008,3,0.02,125000,83000,375000,7500.0,367500.0,249000,118500.0
ORD006289,2026-06-05,C0084,P017,R012,2,0.02,75000,50000,150000,3000.0,147000.0,100000,47000.0
ORD001015,2026-06-05,C0023,P013,R006,3,0.15,30000,18500,90000,13500.0,76500.0,55500,21000.0
ORD004703,2026-06-05,C0289,P017,R011,1,0.08,75000,50000,75000,6000.0,69000.0,50000,19000.0
ORD005149,2026-06-05,C0143,P001,R011,2,0.1,350000,245000,700000,70000.0,630000.0,490000,140000.0
ORD006204,2026-06-05,C0146,P010,R004,2,0.0,320000,215000,640000,0.0,640000.0,430000,210000.0
ORD005181,2026-06-05,C0136,P020,R011,6,0.15,22000,13000,132000,19800.0,112200.0,78000,34200.0
ORD004475,2026-06-05,C0021,P016,R002,1,0.02,55000,35000,55000,1100.0,53900.0,35000,18900.0
ORD006991,2026-06-05,C0081,P005,R008,3,0.0,120000,84000,360000,0.0,360000.0,252000,108000.0
ORD001326,2026-06-05,C0061,P005,R012,3,0.15,120000,84000,360000,54000.0,306000.0,252000,54000.0
ORD000849,2026-06-05,C0148,P016,R009,3,0.2,55000,35000,165000,33000.0,132000.0,105000,27000.0
ORD007142,2026-06-05,C0127,P006,R001,1,0.02,95000,62000,95000,1900.0,93100.0,62000,31100.0
ORD000869,2026-06-05,C0060,P012,R013,6,0.1,125000,83000,750000,75000.0,675000.0,498000,177000.0
ORD005010,2026-06-06,C0284,P013,R013,3,0.15,30000,18500,90000,13500.0,76500.0,55500,21000.0
ORD003968,2026-06-06,C0078,P014,R008,3,0.02,18000,10500,54000,1080.0,52920.0,31500,21420.0
ORD007114,2026-06-06,C0169,P003,R002,3,0.2,160000,112000,480000,96000.0,384000.0,336000,48000.0
ORD005174,2026-06-06,C0147,P016,R002,5,0.02,55000,35000,275000,5500.0,269500.0,175000,94500.0
ORD001624,2026-06-06,C0027,P005,R003,3,0.05,120000,84000,360000,18000.0,342000.0,252000,90000.0
ORD000042,2026-06-06,C0051,P002,R011,3,0.05,220000,155000,660000,33000.0,627000.0,465000,162000.0
ORD004989,2026-06-06,C0140,P009,R009,1,0.02,130000,85000,130000,2600.0,127400.0,85000,42400.0
ORD004533,2026-06-06,C0181,P014,R008,3,0.0,18000,10500,54000,0.0,54000.0,31500,22500.0
ORD005374,2026-06-06,C0087,P018,R004,6,0.08,90000,62000,540000,43200.0,496800.0,372000,124800.0
ORD007784,2026-06-06,C0193,P018,R013,2,0.08,90000,62000,180000,14400.0,165600.0,124000,41600.0
ORD007208,2026-06-06,C0146,P013,R004,5,0.05,30000,18500,150000,7500.0,142500.0,92500,50000.0
ORD006848,2026-06-06,C0073,P009,R013,1,0.15,130000,85000,130000,19500.0,110500.0,85000,25500.0
ORD000492,2026-06-06,C0150,P006,R007,4,0.15,95000,62000,380000,57000.0,323000.0,248000,75000.0
ORD005266,2026-06-06,C0049,P007,R005,6,0.05,180000,118000,1080000,54000.0,1026000.0,708000,318000.0
ORD006377,2026-06-06,C0171,P020,R005,6,0.15,22000,13000,132000,19800.0,112200.0,78000,34200.0
ORD006878,2026-06-06,C0170,P019,R004,1,0.02,45000,29000,45000,900.0,44100.0,29000,15100.0
ORD004109,2026-06-07,C0044,P014,R006,4,0.0,18000,10500,72000,0.0,72000.0,42000,30000.0
ORD005507,2026-06-07,C0180,P001,R007,8,0.08,350000,245000,2800000,224000.0,2576000.0,1960000,616000.0
ORD004225,2026-06-07,C0248,P006,R007,4,0.08,95000,62000,380000,30400.0,349600.0,248000,101600.0
ORD005875,2026-06-07,C0273,P006,R003,5,0.05,95000,62000,475000,23750.0,451250.0,310000,141250.0
ORD004081,2026-06-07,C0247,P013,R009,2,0.08,30000,18500,60000,4800.0,55200.0,37000,18200.0
ORD001623,2026-06-07,C0083,P010,R009,2,0.0,320000,215000,640000,0.0,640000.0,430000,210000.0
ORD003356,2026-06-07,C0264,P009,R005,3,0.05,130000,85000,390000,19500.0,370500.0,255000,115500.0
ORD005575,2026-06-07,C0216,P011,R008,5,0.0,85000,57000,425000,0.0,425000.0,285000,140000.0
ORD003816,2026-06-07,C0010,P008,R012,3,0.1,110000,72000,330000,33000.0,297000.0,216000,81000.0
ORD004963,2026-06-07,C0244,P010,R010,3,0.1,320000,215000,960000,96000.0,864000.0,645000,219000.0
ORD000638,2026-06-07,C0160,P011,R006,4,0.05,85000,57000,340000,17000.0,323000.0,228000,95000.0
ORD001348,2026-06-07,C0087,P019,R004,2,0.02,45000,29000,90000,1800.0,88200.0,58000,30200.0
ORD002422,2026-06-07,C0039,P013,R012,2,0.0,30000,18500,60000,0.0,60000.0,37000,23000.0
ORD006105,2026-06-07,C0204,P015,R001,1,0.1,35000,21000,35000,3500.0,31500.0,21000,10500.0
ORD007488,2026-06-07,C0250,P015,R004,2,0.08,35000,21000,70000,5600.0,64400.0,42000,22400.0
ORD006018,2026-06-07,C0242,P009,R007,8,0.0,130000,85000,1040000,0.0,1040000.0,680000,360000.0
ORD002585,2026-06-07,C0271,P012,R003,3,0.05,125000,83000,375000,18750.0,356250.0,249000,107250.0
ORD005957,2026-06-08,C0108,P001,R003,4,0.1,350000,245000,1400000,140000.0,1260000.0,980000,280000.0
ORD001903,2026-06-08,C0082,P002,R007,4,0.02,220000,155000,880000,17600.0,862400.0,620000,242400.0
ORD000948,2026-06-08,C0043,P020,R013,3,0.05,22000,13000,66000,3300.0,62700.0,39000,23700.0
ORD000734,2026-06-08,C0178,P001,R012,4,0.1,350000,245000,1400000,140000.0,1260000.0,980000,280000.0
ORD002267,2026-06-08,C0072,P014,R013,6,0.02,18000,10500,108000,2160.0,105840.0,63000,42840.0
ORD000919,2026-06-08,C0275,P012,R001,2,0.15,125000,83000,250000,37500.0,212500.0,166000,46500.0
ORD004206,2026-06-08,C0192,P014,R010,2,0.0,18000,10500,36000,0.0,36000.0,21000,15000.0
ORD003980,2026-06-08,C0253,P001,R008,5,0.05,350000,245000,1750000,87500.0,1662500.0,1225000,437500.0
ORD000321,2026-06-08,C0054,P019,R009,5,0.0,45000,29000,225000,0.0,225000.0,145000,80000.0
ORD000994,2026-06-08,C0121,P012,R009,4,0.02,125000,83000,500000,10000.0,490000.0,332000,158000.0
ORD005902,2026-06-08,C0025,P008,R002,10,0.05,110000,72000,1100000,55000.0,1045000.0,720000,325000.0
ORD001083,2026-06-08,C0001,P001,R008,1,0.08,350000,245000,350000,28000.0,322000.0,245000,77000.0
ORD005150,2026-06-08,C0036,P007,R003,4,0.08,180000,118000,720000,57600.0,662400.0,472000,190400.0
ORD006115,2026-06-08,C0220,P001,R005,5,0.08,350000,245000,1750000,140000.0,1610000.0,1225000,385000.0
ORD004949,2026-06-08,C0257,P017,R001,5,0.1,75000,50000,375000,37500.0,337500.0,250000,87500.0
ORD002797,2026-06-09,C0081,P007,R007,10,0.15,180000,118000,1800000,270000.0,1530000.0,1180000,350000.0
ORD000088,2026-06-09,C0128,P002,R008,5,0.08,220000,155000,1100000,88000.0,1012000.0,775000,237000.0
ORD000370,2026-06-09,C0128,P016,R009,5,0.0,55000,35000,275000,0.0,275000.0,175000,100000.0
ORD003421,2026-06-09,C0106,P016,R007,1,0.08,55000,35000,55000,4400.0,50600.0,35000,15600.0
ORD006942,2026-06-09,C0266,P008,R013,4,0.05,110000,72000,440000,22000.0,418000.0,288000,130000.0
ORD005498,2026-06-09,C0155,P006,R012,5,0.15,95000,62000,475000,71250.0,403750.0,310000,93750.0
ORD007962,2026-06-09,C0020,P004,R008,3,0.0,140000,98000,420000,0.0,420000.0,294000,126000.0
ORD002464,2026-06-09,C0287,P010,R004,2,0.05,320000,215000,640000,32000.0,608000.0,430000,178000.0
ORD002471,2026-06-09,C0175,P003,R002,2,0.0,160000,112000,320000,0.0,320000.0,224000,96000.0
ORD003480,2026-06-09,C0115,P009,R012,2,0.0,130000,85000,260000,0.0,260000.0,170000,90000.0
ORD005626,2026-06-09,C0278,P004,R011,1,0.05,140000,98000,140000,7000.0,133000.0,98000,35000.0
ORD005082,2026-06-09,C0056,P014,R004,4,0.0,18000,10500,72000,0.0,72000.0,42000,30000.0
ORD004466,2026-06-09,C0014,P006,R012,6,0.08,95000,62000,570000,45600.0,524400.0,372000,152400.0
ORD000922,2026-06-09,C0264,P012,R002,1,0.0,125000,83000,125000,0.0,125000.0,83000,42000.0
ORD000192,2026-06-10,C0032,P019,R002,4,0.15,45000,29000,180000,27000.0,153000.0,116000,37000.0
ORD001729,2026-06-10,C0100,P012,R010,2,0.08,125000,83000,250000,20000.0,230000.0,166000,64000.0
ORD000350,2026-06-10,C0210,P011,R009,2,0.08,85000,57000,170000,13600.0,156400.0,114000,42400.0
ORD003704,2026-06-10,C0282,P008,R003,1,0.02,110000,72000,110000,2200.0,107800.0,72000,35800.0
ORD000343,2026-06-10,C0017,P015,R004,1,0.0,35000,21000,35000,0.0,35000.0,21000,14000.0
ORD004981,2026-06-10,C0264,P013,R010,3,0.05,30000,18500,90000,4500.0,85500.0,55500,30000.0
ORD000772,2026-06-10,C0007,P004,R010,2,0.1,140000,98000,280000,28000.0,252000.0,196000,56000.0
ORD005018,2026-06-10,C0270,P002,R011,6,0.02,220000,155000,1320000,26400.0,1293600.0,930000,363600.0
ORD003684,2026-06-10,C0050,P005,R010,5,0.05,120000,84000,600000,30000.0,570000.0,420000,150000.0
ORD002844,2026-06-10,C0139,P014,R004,2,0.2,18000,10500,36000,7200.0,28800.0,21000,7800.0
ORD001128,2026-06-10,C0027,P004,R007,4,0.05,140000,98000,560000,28000.0,532000.0,392000,140000.0
ORD000657,2026-06-10,C0105,P019,R006,4,0.15,45000,29000,180000,27000.0,153000.0,116000,37000.0
ORD001448,2026-06-10,C0069,P017,R001,4,0.08,75000,50000,300000,24000.0,276000.0,200000,76000.0
ORD001520,2026-06-10,C0065,P005,R002,4,0.1,120000,84000,480000,48000.0,432000.0,336000,96000.0
ORD000466,2026-06-10,C0298,P017,R010,6,0.0,75000,50000,450000,0.0,450000.0,300000,150000.0
ORD004816,2026-06-11,C0246,P017,R003,1,0.1,75000,50000,75000,7500.0,67500.0,50000,17500.0
ORD006903,2026-06-11,C0188,P019,R006,1,0.02,45000,29000,45000,900.0,44100.0,29000,15100.0
ORD000991,2026-06-11,C0204,P006,R012,2,0.2,95000,62000,190000,38000.0,152000.0,124000,28000.0
ORD000782,2026-06-11,C0271,P004,R010,8,0.0,140000,98000,1120000,0.0,1120000.0,784000,336000.0
ORD002041,2026-06-11,C0284,P017,R004,2,0.02,75000,50000,150000,3000.0,147000.0,100000,47000.0
ORD007879,2026-06-11,C0139,P017,R012,1,0.02,75000,50000,75000,1500.0,73500.0,50000,23500.0
ORD006584,2026-06-11,C0255,P005,R003,6,0.15,120000,84000,720000,108000.0,612000.0,504000,108000.0
ORD007046,2026-06-11,C0128,P004,R012,5,0.08,140000,98000,700000,56000.0,644000.0,490000,154000.0
ORD001009,2026-06-11,C0043,P020,R003,5,0.08,22000,13000,110000,8800.0,101200.0,65000,36200.0
ORD003979,2026-06-11,C0045,P017,R002,4,0.15,75000,50000,300000,45000.0,255000.0,200000,55000.0
ORD006065,2026-06-11,C0087,P005,R009,1,0.0,120000,84000,120000,0.0,120000.0,84000,36000.0
ORD006164,2026-06-11,C0072,P004,R001,2,0.15,140000,98000,280000,42000.0,238000.0,196000,42000.0
ORD004012,2026-06-11,C0032,P016,R006,3,0.1,55000,35000,165000,16500.0,148500.0,105000,43500.0
ORD005238,2026-06-12,C0031,P015,R003,4,0.0,35000,21000,140000,0.0,140000.0,84000,56000.0
ORD007230,2026-06-12,C0166,P018,R004,1,0.0,90000,62000,90000,0.0,90000.0,62000,28000.0
ORD007606,2026-06-12,C0193,P005,R013,1,0.0,120000,84000,120000,0.0,120000.0,84000,36000.0
ORD002958,2026-06-12,C0152,P015,R010,1,0.0,35000,21000,35000,0.0,35000.0,21000,14000.0
ORD006464,2026-06-12,C0064,P011,R001,6,0.08,85000,57000,510000,40800.0,469200.0,342000,127200.0
ORD007620,2026-06-12,C0124,P013,R008,2,0.0,30000,18500,60000,0.0,60000.0,37000,23000.0
ORD004430,2026-06-12,C0235,P007,R009,1,0.2,180000,118000,180000,36000.0,144000.0,118000,26000.0
ORD005900,2026-06-12,C0300,P005,R013,3,0.08,120000,84000,360000,28800.0,331200.0,252000,79200.0
ORD002500,2026-06-12,C0267,P020,R004,3,0.15,22000,13000,66000,9900.0,56100.0,39000,17100.0
ORD004038,2026-06-12,C0192,P009,R002,3,0.05,130000,85000,390000,19500.0,370500.0,255000,115500.0
ORD003186,2026-06-12,C0058,P012,R013,1,0.05,125000,83000,125000,6250.0,118750.0,83000,35750.0
ORD002728,2026-06-12,C0169,P016,R011,4,0.15,55000,35000,220000,33000.0,187000.0,140000,47000.0
ORD004363,2026-06-12,C0242,P003,R010,8,0.15,160000,112000,1280000,192000.0,1088000.0,896000,192000.0
ORD006079,2026-06-12,C0026,P003,R012,1,0.15,160000,112000,160000,24000.0,136000.0,112000,24000.0
ORD002442,2026-06-12,C0212,P004,R011,1,0.15,140000,98000,140000,21000.0,119000.0,98000,21000.0
ORD004172,2026-06-12,C0297,P018,R001,4,0.05,90000,62000,360000,18000.0,342000.0,248000,94000.0
ORD004646,2026-06-12,C0018,P017,R011,10,0.05,75000,50000,750000,37500.0,712500.0,500000,212500.0
ORD004745,2026-06-12,C0087,P012,R012,6,0.08,125000,83000,750000,60000.0,690000.0,498000,192000.0
ORD002339,2026-06-12,C0018,P005,R010,3,0.08,120000,84000,360000,28800.0,331200.0,252000,79200.0
ORD007883,2026-06-13,C0099,P015,R011,1,0.02,35000,21000,35000,700.0,34300.0,21000,13300.0
ORD003098,2026-06-13,C0296,P015,R004,3,0.0,35000,21000,105000,0.0,105000.0,63000,42000.0
ORD004974,2026-06-13,C0056,P006,R010,2,0.0,95000,62000,190000,0.0,190000.0,124000,66000.0
ORD007646,2026-06-13,C0214,P001,R004,10,0.08,350000,245000,3500000,280000.0,3220000.0,2450000,770000.0
ORD000555,2026-06-13,C0134,P002,R009,4,0.0,220000,155000,880000,0.0,880000.0,620000,260000.0
ORD005358,2026-06-13,C0143,P007,R006,1,0.05,180000,118000,180000,9000.0,171000.0,118000,53000.0
ORD005457,2026-06-13,C0183,P017,R001,2,0.05,75000,50000,150000,7500.0,142500.0,100000,42500.0
ORD004178,2026-06-13,C0037,P005,R009,3,0.05,120000,84000,360000,18000.0,342000.0,252000,90000.0
ORD002268,2026-06-13,C0224,P007,R009,1,0.05,180000,118000,180000,9000.0,171000.0,118000,53000.0
ORD003678,2026-06-13,C0254,P013,R003,4,0.05,30000,18500,120000,6000.0,114000.0,74000,40000.0
ORD004861,2026-06-13,C0127,P018,R003,4,0.0,90000,62000,360000,0.0,360000.0,248000,112000.0
ORD002085,2026-06-13,C0076,P017,R007,8,0.02,75000,50000,600000,12000.0,588000.0,400000,188000.0
ORD002533,2026-06-13,C0189,P010,R004,1,0.08,320000,215000,320000,25600.0,294400.0,215000,79400.0
ORD005341,2026-06-13,C0016,P019,R002,4,0.0,45000,29000,180000,0.0,180000.0,116000,64000.0
ORD001835,2026-06-13,C0279,P019,R005,3,0.0,45000,29000,135000,0.0,135000.0,87000,48000.0
ORD002985,2026-06-14,C0091,P010,R013,2,0.1,320000,215000,640000,64000.0,576000.0,430000,146000.0
ORD003415,2026-06-14,C0061,P012,R005,3,0.08,125000,83000,375000,30000.0,345000.0,249000,96000.0
ORD005065,2026-06-14,C0136,P002,R005,1,0.08,220000,155000,220000,17600.0,202400.0,155000,47400.0
ORD004189,2026-06-14,C0079,P002,R006,1,0.08,220000,155000,220000,17600.0,202400.0,155000,47400.0
ORD003788,2026-06-14,C0289,P003,R013,8,0.02,160000,112000,1280000,25600.0,1254400.0,896000,358400.0
ORD006609,2026-06-14,C0066,P013,R010,8,0.0,30000,18500,240000,0.0,240000.0,148000,92000.0
ORD006097,2026-06-14,C0241,P005,R010,10,0.05,120000,84000,1200000,60000.0,1140000.0,840000,300000.0
ORD007942,2026-06-14,C0200,P002,R012,2,0.1,220000,155000,440000,44000.0,396000.0,310000,86000.0
ORD005381,2026-06-14,C0041,P004,R004,8,0.08,140000,98000,1120000,89600.0,1030400.0,784000,246400.0
ORD003826,2026-06-14,C0105,P001,R011,4,0.15,350000,245000,1400000,210000.0,1190000.0,980000,210000.0
ORD004302,2026-06-14,C0216,P013,R004,4,0.0,30000,18500,120000,0.0,120000.0,74000,46000.0
ORD003999,2026-06-14,C0213,P012,R012,2,0.08,125000,83000,250000,20000.0,230000.0,166000,64000.0
ORD003638,2026-06-14,C0296,P019,R010,2,0.0,45000,29000,90000,0.0,90000.0,58000,32000.0
ORD004657,2026-06-14,C0015,P015,R007,6,0.08,35000,21000,210000,16800.0,193200.0,126000,67200.0
ORD005305,2026-06-14,C0034,P014,R009,5,0.1,18000,10500,90000,9000.0,81000.0,52500,28500.0
ORD005091,2026-06-14,C0190,P011,R011,2,0.1,85000,57000,170000,17000.0,153000.0,114000,39000.0
ORD001122,2026-06-14,C0203,P009,R008,5,0.2,130000,85000,650000,130000.0,520000.0,425000,95000.0
ORD001641,2026-06-14,C0016,P003,R001,3,0.05,160000,112000,480000,24000.0,456000.0,336000,120000.0
ORD006593,2026-06-15,C0007,P011,R010,6,0.02,85000,57000,510000,10200.0,499800.0,342000,157800.0
ORD006936,2026-06-15,C0146,P011,R008,2,0.05,85000,57000,170000,8500.0,161500.0,114000,47500.0
ORD000157,2026-06-15,C0234,P016,R012,3,0.0,55000,35000,165000,0.0,165000.0,105000,60000.0
ORD004876,2026-06-15,C0012,P010,R009,2,0.0,320000,215000,640000,0.0,640000.0,430000,210000.0
ORD004415,2026-06-15,C0016,P016,R007,1,0.05,55000,35000,55000,2750.0,52250.0,35000,17250.0
ORD001334,2026-06-15,C0215,P015,R004,10,0.02,35000,21000,350000,7000.0,343000.0,210000,133000.0
ORD003931,2026-06-15,C0214,P007,R013,6,0.0,180000,118000,1080000,0.0,1080000.0,708000,372000.0
ORD006467,2026-06-15,C0141,P002,R002,1,0.02,220000,155000,220000,4400.0,215600.0,155000,60600.0
ORD006100,2026-06-15,C0034,P003,R002,4,0.0,160000,112000,640000,0.0,640000.0,448000,192000.0
ORD001360,2026-06-15,C0112,P016,R008,4,0.0,55000,35000,220000,0.0,220000.0,140000,80000.0
ORD000643,2026-06-16,C0011,P016,R005,3,0.08,55000,35000,165000,13200.0,151800.0,105000,46800.0
ORD006803,2026-06-16,C0086,P005,R006,2,0.02,120000,84000,240000,4800.0,235200.0,168000,67200.0
ORD004709,2026-06-16,C0137,P006,R009,1,0.05,95000,62000,95000,4750.0,90250.0,62000,28250.0
ORD000423,2026-06-16,C0244,P001,R013,1,0.0,350000,245000,350000,0.0,350000.0,245000,105000.0
ORD004039,2026-06-16,C0233,P002,R001,10,0.2,220000,155000,2200000,440000.0,1760000.0,1550000,210000.0
ORD001108,2026-06-16,C0033,P008,R009,5,0.08,110000,72000,550000,44000.0,506000.0,360000,146000.0
ORD001478,2026-06-16,C0174,P010,R009,4,0.05,320000,215000,1280000,64000.0,1216000.0,860000,356000.0
ORD005821,2026-06-16,C0074,P006,R011,4,0.02,95000,62000,380000,7600.0,372400.0,248000,124400.0
ORD000186,2026-06-16,C0193,P016,R010,2,0.1,55000,35000,110000,11000.0,99000.0,70000,29000.0
ORD005518,2026-06-16,C0179,P012,R011,1,0.05,125000,83000,125000,6250.0,118750.0,83000,35750.0
ORD003314,2026-06-16,C0048,P012,R010,1,0.02,125000,83000,125000,2500.0,122500.0,83000,39500.0
ORD003698,2026-06-16,C0172,P012,R008,1,0.02,125000,83000,125000,2500.0,122500.0,83000,39500.0
ORD003137,2026-06-16,C0289,P018,R009,2,0.05,90000,62000,180000,9000.0,171000.0,124000,47000.0
ORD001854,2026-06-16,C0060,P011,R010,2,0.05,85000,57000,170000,8500.0,161500.0,114000,47500.0
ORD007093,2026-06-16,C0213,P006,R004,1,0.02,95000,62000,95000,1900.0,93100.0,62000,31100.0
ORD007510,2026-06-17,C0150,P015,R002,6,0.15,35000,21000,210000,31500.0,178500.0,126000,52500.0
ORD007358,2026-06-17,C0228,P011,R011,4,0.08,85000,57000,340000,27200.0,312800.0,228000,84800.0
ORD002045,2026-06-17,C0062,P019,R010,4,0.05,45000,29000,180000,9000.0,171000.0,116000,55000.0
ORD001907,2026-06-17,C0209,P015,R009,3,0.08,35000,21000,105000,8400.0,96600.0,63000,33600.0
ORD001802,2026-06-17,C0081,P003,R010,3,0.1,160000,112000,480000,48000.0,432000.0,336000,96000.0
ORD002425,2026-06-17,C0078,P012,R002,3,0.0,125000,83000,375000,0.0,375000.0,249000,126000.0
ORD007509,2026-06-17,C0124,P007,R012,1,0.2,180000,118000,180000,36000.0,144000.0,118000,26000.0
ORD002362,2026-06-17,C0061,P006,R006,4,0.08,95000,62000,380000,30400.0,349600.0,248000,101600.0
ORD002460,2026-06-17,C0199,P002,R013,2,0.0,220000,155000,440000,0.0,440000.0,310000,130000.0
ORD006025,2026-06-17,C0234,P007,R009,6,0.15,180000,118000,1080000,162000.0,918000.0,708000,210000.0
ORD001965,2026-06-17,C0065,P005,R001,3,0.02,120000,84000,360000,7200.0,352800.0,252000,100800.0
ORD002234,2026-06-17,C0027,P014,R005,4,0.05,18000,10500,72000,3600.0,68400.0,42000,26400.0
ORD007909,2026-06-17,C0125,P004,R004,1,0.05,140000,98000,140000,7000.0,133000.0,98000,35000.0
ORD005295,2026-06-17,C0039,P018,R005,1,0.0,90000,62000,90000,0.0,90000.0,62000,28000.0
ORD005639,2026-06-17,C0009,P009,R008,2,0.02,130000,85000,260000,5200.0,254800.0,170000,84800.0
ORD004394,2026-06-17,C0086,P018,R010,2,0.08,90000,62000,180000,14400.0,165600.0,124000,41600.0
ORD003127,2026-06-18,C0113,P007,R010,3,0.0,180000,118000,540000,0.0,540000.0,354000,186000.0
ORD003222,2026-06-18,C0101,P010,R001,2,0.02,320000,215000,640000,12800.0,627200.0,430000,197200.0
ORD005907,2026-06-18,C0180,P013,R013,8,0.02,30000,18500,240000,4800.0,235200.0,148000,87200.0
ORD003880,2026-06-18,C0047,P005,R008,4,0.02,120000,84000,480000,9600.0,470400.0,336000,134400.0
ORD004719,2026-06-18,C0266,P018,R006,1,0.05,90000,62000,90000,4500.0,85500.0,62000,23500.0
ORD005749,2026-06-18,C0017,P009,R003,2,0.05,130000,85000,260000,13000.0,247000.0,170000,77000.0
ORD003954,2026-06-18,C0295,P010,R008,1,0.05,320000,215000,320000,16000.0,304000.0,215000,89000.0
ORD001652,2026-06-18,C0048,P003,R010,3,0.05,160000,112000,480000,24000.0,456000.0,336000,120000.0
ORD005486,2026-06-18,C0143,P014,R006,3,0.0,18000,10500,54000,0.0,54000.0,31500,22500.0
ORD003779,2026-06-18,C0068,P013,R012,2,0.15,30000,18500,60000,9000.0,51000.0,37000,14000.0
ORD000317,2026-06-18,C0081,P014,R010,3,0.05,18000,10500,54000,2700.0,51300.0,31500,19800.0
ORD005761,2026-06-18,C0129,P019,R011,3,0.0,45000,29000,135000,0.0,135000.0,87000,48000.0
ORD006776,2026-06-18,C0002,P009,R001,1,0.08,130000,85000,130000,10400.0,119600.0,85000,34600.0
ORD004968,2026-06-19,C0225,P007,R004,2,0.05,180000,118000,360000,18000.0,342000.0,236000,106000.0
ORD006869,2026-06-19,C0126,P015,R012,1,0.05,35000,21000,35000,1750.0,33250.0,21000,12250.0
ORD003013,2026-06-19,C0262,P010,R002,1,0.08,320000,215000,320000,25600.0,294400.0,215000,79400.0
ORD004753,2026-06-19,C0217,P011,R007,3,0.05,85000,57000,255000,12750.0,242250.0,171000,71250.0
ORD007167,2026-06-19,C0214,P018,R005,2,0.08,90000,62000,180000,14400.0,165600.0,124000,41600.0
ORD004779,2026-06-19,C0053,P006,R013,2,0.05,95000,62000,190000,9500.0,180500.0,124000,56500.0
ORD002325,2026-06-19,C0149,P007,R008,1,0.1,180000,118000,180000,18000.0,162000.0,118000,44000.0
ORD000911,2026-06-19,C0281,P018,R012,1,0.1,90000,62000,90000,9000.0,81000.0,62000,19000.0
ORD006573,2026-06-19,C0164,P015,R002,3,0.08,35000,21000,105000,8400.0,96600.0,63000,33600.0
ORD002421,2026-06-20,C0080,P020,R011,2,0.08,22000,13000,44000,3520.0,40480.0,26000,14480.0
ORD004714,2026-06-20,C0131,P015,R001,1,0.1,35000,21000,35000,3500.0,31500.0,21000,10500.0
ORD005705,2026-06-20,C0217,P020,R006,3,0.08,22000,13000,66000,5280.0,60720.0,39000,21720.0
ORD002691,2026-06-20,C0207,P012,R002,4,0.15,125000,83000,500000,75000.0,425000.0,332000,93000.0
ORD001734,2026-06-20,C0144,P010,R004,2,0.08,320000,215000,640000,51200.0,588800.0,430000,158800.0
ORD001007,2026-06-20,C0284,P013,R010,4,0.02,30000,18500,120000,2400.0,117600.0,74000,43600.0
ORD002692,2026-06-20,C0015,P016,R008,5,0.02,55000,35000,275000,5500.0,269500.0,175000,94500.0
ORD005692,2026-06-20,C0015,P012,R004,4,0.02,125000,83000,500000,10000.0,490000.0,332000,158000.0
ORD001715,2026-06-20,C0229,P020,R010,3,0.05,22000,13000,66000,3300.0,62700.0,39000,23700.0
ORD002479,2026-06-20,C0029,P010,R003,1,0.08,320000,215000,320000,25600.0,294400.0,215000,79400.0
ORD005461,2026-06-20,C0282,P013,R007,10,0.1,30000,18500,300000,30000.0,270000.0,185000,85000.0
ORD005708,2026-06-20,C0163,P015,R004,4,0.0,35000,21000,140000,0.0,140000.0,84000,56000.0
ORD006557,2026-06-20,C0140,P017,R010,1,0.1,75000,50000,75000,7500.0,67500.0,50000,17500.0
ORD007342,2026-06-20,C0037,P018,R010,5,0.08,90000,62000,450000,36000.0,414000.0,310000,104000.0
ORD000872,2026-06-21,C0089,P005,R003,3,0.08,120000,84000,360000,28800.0,331200.0,252000,79200.0
ORD003590,2026-06-21,C0007,P011,R001,5,0.0,85000,57000,425000,0.0,425000.0,285000,140000.0
ORD001914,2026-06-21,C0300,P009,R010,8,0.0,130000,85000,1040000,0.0,1040000.0,680000,360000.0
ORD002719,2026-06-21,C0275,P013,R012,5,0.08,30000,18500,150000,12000.0,138000.0,92500,45500.0
ORD001456,2026-06-21,C0062,P009,R007,1,0.1,130000,85000,130000,13000.0,117000.0,85000,32000.0
ORD003100,2026-06-21,C0027,P002,R008,6,0.08,220000,155000,1320000,105600.0,1214400.0,930000,284400.0
ORD001084,2026-06-21,C0058,P019,R003,1,0.08,45000,29000,45000,3600.0,41400.0,29000,12400.0
ORD007122,2026-06-21,C0077,P009,R013,4,0.05,130000,85000,520000,26000.0,494000.0,340000,154000.0
ORD004326,2026-06-21,C0178,P002,R012,1,0.0,220000,155000,220000,0.0,220000.0,155000,65000.0
ORD001471,2026-06-21,C0055,P019,R011,2,0.1,45000,29000,90000,9000.0,81000.0,58000,23000.0
ORD000748,2026-06-21,C0037,P016,R002,2,0.15,55000,35000,110000,16500.0,93500.0,70000,23500.0
ORD004403,2026-06-21,C0118,P003,R003,4,0.05,160000,112000,640000,32000.0,608000.0,448000,160000.0
ORD004833,2026-06-21,C0022,P013,R005,10,0.0,30000,18500,300000,0.0,300000.0,185000,115000.0
ORD006033,2026-06-21,C0269,P014,R004,3,0.08,18000,10500,54000,4320.0,49680.0,31500,18180.0
ORD005677,2026-06-21,C0069,P007,R012,4,0.08,180000,118000,720000,57600.0,662400.0,472000,190400.0
ORD000548,2026-06-21,C0181,P010,R004,6,0.0,320000,215000,1920000,0.0,1920000.0,1290000,630000.0
ORD004896,2026-06-21,C0166,P013,R004,1,0.05,30000,18500,30000,1500.0,28500.0,18500,10000.0
ORD006559,2026-06-21,C0260,P016,R013,2,0.0,55000,35000,110000,0.0,110000.0,70000,40000.0
ORD005845,2026-06-21,C0146,P017,R011,4,0.08,75000,50000,300000,24000.0,276000.0,200000,76000.0
ORD000368,2026-06-21,C0034,P002,R009,1,0.08,220000,155000,220000,17600.0,202400.0,155000,47400.0
ORD003270,2026-06-21,C0248,P009,R001,3,0.15,130000,85000,390000,58500.0,331500.0,255000,76500.0
ORD007262,2026-06-22,C0135,P001,R011,2,0.0,350000,245000,700000,0.0,700000.0,490000,210000.0
ORD005925,2026-06-22,C0046,P012,R006,2,0.02,125000,83000,250000,5000.0,245000.0,166000,79000.0
ORD000965,2026-06-22,C0227,P009,R008,3,0.05,130000,85000,390000,19500.0,370500.0,255000,115500.0
ORD006938,2026-06-22,C0103,P015,R001,3,0.1,35000,21000,105000,10500.0,94500.0,63000,31500.0
ORD004915,2026-06-22,C0040,P002,R006,1,0.05,220000,155000,220000,11000.0,209000.0,155000,54000.0
ORD005731,2026-06-22,C0273,P015,R011,5,0.0,35000,21000,175000,0.0,175000.0,105000,70000.0
ORD005901,2026-06-22,C0295,P017,R010,1,0.08,75000,50000,75000,6000.0,69000.0,50000,19000.0
ORD007276,2026-06-22,C0116,P009,R006,1,0.0,130000,85000,130000,0.0,130000.0,85000,45000.0
ORD003323,2026-06-22,C0078,P010,R006,6,0.02,320000,215000,1920000,38400.0,1881600.0,1290000,591600.0
ORD006598,2026-06-22,C0134,P010,R013,6,0.05,320000,215000,1920000,96000.0,1824000.0,1290000,534000.0
ORD004340,2026-06-22,C0259,P006,R003,1,0.0,95000,62000,95000,0.0,95000.0,62000,33000.0
ORD000753,2026-06-22,C0021,P009,R013,1,0.15,130000,85000,130000,19500.0,110500.0,85000,25500.0
ORD004118,2026-06-22,C0001,P017,R002,2,0.15,75000,50000,150000,22500.0,127500.0,100000,27500.0
ORD004749,2026-06-22,C0049,P006,R006,1,0.05,95000,62000,95000,4750.0,90250.0,62000,28250.0
ORD004543,2026-06-22,C0257,P006,R010,10,0.0,95000,62000,950000,0.0,950000.0,620000,330000.0
ORD001225,2026-06-22,C0095,P012,R007,1,0.05,125000,83000,125000,6250.0,118750.0,83000,35750.0
ORD004877,2026-06-22,C0067,P003,R002,10,0.0,160000,112000,1600000,0.0,1600000.0,1120000,480000.0
ORD006747,2026-06-22,C0214,P018,R006,3,0.0,90000,62000,270000,0.0,270000.0,186000,84000.0
ORD007294,2026-06-23,C0065,P004,R006,1,0.08,140000,98000,140000,11200.0,128800.0,98000,30800.0
ORD001294,2026-06-23,C0068,P014,R010,3,0.05,18000,10500,54000,2700.0,51300.0,31500,19800.0
ORD006022,2026-06-23,C0250,P015,R002,3,0.15,35000,21000,105000,15750.0,89250.0,63000,26250.0
ORD001373,2026-06-23,C0150,P009,R006,10,0.08,130000,85000,1300000,104000.0,1196000.0,850000,346000.0
ORD007426,2026-06-23,C0126,P003,R007,1,0.05,160000,112000,160000,8000.0,152000.0,112000,40000.0
ORD000998,2026-06-23,C0188,P002,R008,4,0.0,220000,155000,880000,0.0,880000.0,620000,260000.0
ORD006301,2026-06-23,C0177,P008,R007,2,0.15,110000,72000,220000,33000.0,187000.0,144000,43000.0
ORD005221,2026-06-23,C0211,P009,R011,6,0.0,130000,85000,780000,0.0,780000.0,510000,270000.0
ORD000981,2026-06-23,C0048,P005,R010,5,0.0,120000,84000,600000,0.0,600000.0,420000,180000.0
ORD002051,2026-06-24,C0277,P008,R001,5,0.05,110000,72000,550000,27500.0,522500.0,360000,162500.0
ORD004115,2026-06-24,C0083,P020,R003,1,0.08,22000,13000,22000,1760.0,20240.0,13000,7240.0
ORD003280,2026-06-24,C0199,P008,R005,3,0.02,110000,72000,330000,6600.0,323400.0,216000,107400.0
ORD001592,2026-06-24,C0151,P013,R012,1,0.2,30000,18500,30000,6000.0,24000.0,18500,5500.0
ORD006868,2026-06-24,C0165,P009,R008,4,0.08,130000,85000,520000,41600.0,478400.0,340000,138400.0
ORD005996,2026-06-24,C0251,P002,R001,1,0.0,220000,155000,220000,0.0,220000.0,155000,65000.0
ORD002126,2026-06-24,C0014,P002,R001,3,0.05,220000,155000,660000,33000.0,627000.0,465000,162000.0
ORD006815,2026-06-24,C0269,P013,R009,4,0.1,30000,18500,120000,12000.0,108000.0,74000,34000.0
ORD004351,2026-06-24,C0252,P003,R012,1,0.02,160000,112000,160000,3200.0,156800.0,112000,44800.0
ORD007853,2026-06-24,C0111,P018,R009,1,0.0,90000,62000,90000,0.0,90000.0,62000,28000.0
ORD007017,2026-06-24,C0289,P008,R003,2,0.0,110000,72000,220000,0.0,220000.0,144000,76000.0
ORD002430,2026-06-24,C0053,P017,R007,1,0.02,75000,50000,75000,1500.0,73500.0,50000,23500.0
ORD003374,2026-06-24,C0085,P005,R007,2,0.02,120000,84000,240000,4800.0,235200.0,168000,67200.0
ORD002455,2026-06-24,C0059,P016,R007,8,0.0,55000,35000,440000,0.0,440000.0,280000,160000.0
ORD002530,2026-06-24,C0237,P001,R003,3,0.15,350000,245000,1050000,157500.0,892500.0,735000,157500.0
ORD005709,2026-06-24,C0119,P005,R003,5,0.02,120000,84000,600000,12000.0,588000.0,420000,168000.0
ORD000210,2026-06-24,C0263,P003,R004,5,0.0,160000,112000,800000,0.0,800000.0,560000,240000.0
ORD003057,2026-06-24,C0042,P019,R005,1,0.05,45000,29000,45000,2250.0,42750.0,29000,13750.0
ORD003220,2026-06-24,C0174,P014,R009,4,0.0,18000,10500,72000,0.0,72000.0,42000,30000.0
ORD004364,2026-06-24,C0052,P002,R001,2,0.05,220000,155000,440000,22000.0,418000.0,310000,108000.0
ORD006753,2026-06-25,C0240,P008,R001,3,0.02,110000,72000,330000,6600.0,323400.0,216000,107400.0
ORD007720,2026-06-25,C0232,P014,R005,6,0.02,18000,10500,108000,2160.0,105840.0,63000,42840.0
ORD005980,2026-06-25,C0257,P013,R001,3,0.1,30000,18500,90000,9000.0,81000.0,55500,25500.0
ORD007891,2026-06-25,C0073,P005,R006,3,0.2,120000,84000,360000,72000.0,288000.0,252000,36000.0
ORD000865,2026-06-25,C0220,P009,R012,3,0.1,130000,85000,390000,39000.0,351000.0,255000,96000.0
ORD007555,2026-06-25,C0137,P011,R012,8,0.0,85000,57000,680000,0.0,680000.0,456000,224000.0
ORD006082,2026-06-25,C0039,P020,R005,3,0.1,22000,13000,66000,6600.0,59400.0,39000,20400.0
ORD002480,2026-06-25,C0273,P015,R002,1,0.1,35000,21000,35000,3500.0,31500.0,21000,10500.0
ORD005670,2026-06-25,C0081,P018,R008,1,0.15,90000,62000,90000,13500.0,76500.0,62000,14500.0
ORD003172,2026-06-25,C0300,P001,R013,5,0.08,350000,245000,1750000,140000.0,1610000.0,1225000,385000.0
ORD003272,2026-06-25,C0009,P012,R009,2,0.1,125000,83000,250000,25000.0,225000.0,166000,59000.0
ORD004120,2026-06-25,C0228,P005,R004,5,0.02,120000,84000,600000,12000.0,588000.0,420000,168000.0
ORD004211,2026-06-25,C0250,P020,R004,2,0.08,22000,13000,44000,3520.0,40480.0,26000,14480.0
ORD005786,2026-06-25,C0189,P014,R005,1,0.05,18000,10500,18000,900.0,17100.0,10500,6600.0
ORD006167,2026-06-25,C0069,P006,R010,1,0.0,95000,62000,95000,0.0,95000.0,62000,33000.0
ORD001654,2026-06-25,C0233,P017,R012,2,0.1,75000,50000,150000,15000.0,135000.0,100000,35000.0
ORD003104,2026-06-25,C0085,P013,R008,5,0.0,30000,18500,150000,0.0,150000.0,92500,57500.0
ORD006847,2026-06-25,C0214,P020,R002,1,0.08,22000,13000,22000,1760.0,20240.0,13000,7240.0
ORD006881,2026-06-26,C0047,P005,R001,8,0.0,120000,84000,960000,0.0,960000.0,672000,288000.0
ORD005071,2026-06-26,C0245,P011,R002,3,0.1,85000,57000,255000,25500.0,229500.0,171000,58500.0
ORD005882,2026-06-26,C0081,P007,R001,2,0.02,180000,118000,360000,7200.0,352800.0,236000,116800.0
ORD002718,2026-06-26,C0155,P014,R002,2,0.1,18000,10500,36000,3600.0,32400.0,21000,11400.0
ORD003121,2026-06-26,C0145,P005,R009,3,0.0,120000,84000,360000,0.0,360000.0,252000,108000.0
ORD002312,2026-06-26,C0128,P004,R012,3,0.15,140000,98000,420000,63000.0,357000.0,294000,63000.0
ORD001744,2026-06-26,C0264,P019,R006,5,0.1,45000,29000,225000,22500.0,202500.0,145000,57500.0
ORD004446,2026-06-26,C0081,P005,R010,6,0.0,120000,84000,720000,0.0,720000.0,504000,216000.0
ORD005835,2026-06-26,C0097,P012,R009,1,0.05,125000,83000,125000,6250.0,118750.0,83000,35750.0
ORD001401,2026-06-26,C0053,P020,R013,2,0.05,22000,13000,44000,2200.0,41800.0,26000,15800.0
ORD007767,2026-06-26,C0040,P004,R004,3,0.05,140000,98000,420000,21000.0,399000.0,294000,105000.0
ORD000286,2026-06-26,C0093,P014,R001,6,0.15,18000,10500,108000,16200.0,91800.0,63000,28800.0
ORD004522,2026-06-26,C0180,P006,R005,4,0.1,95000,62000,380000,38000.0,342000.0,248000,94000.0
ORD001982,2026-06-26,C0289,P003,R013,2,0.05,160000,112000,320000,16000.0,304000.0,224000,80000.0
ORD004203,2026-06-26,C0223,P005,R010,3,0.15,120000,84000,360000,54000.0,306000.0,252000,54000.0
ORD004182,2026-06-26,C0039,P011,R002,6,0.0,85000,57000,510000,0.0,510000.0,342000,168000.0
ORD007797,2026-06-26,C0261,P015,R009,3,0.05,35000,21000,105000,5250.0,99750.0,63000,36750.0
ORD002204,2026-06-26,C0017,P001,R010,4,0.08,350000,245000,1400000,112000.0,1288000.0,980000,308000.0
ORD004726,2026-06-27,C0275,P007,R005,1,0.2,180000,118000,180000,36000.0,144000.0,118000,26000.0
ORD005512,2026-06-27,C0197,P020,R006,3,0.1,22000,13000,66000,6600.0,59400.0,39000,20400.0
ORD001477,2026-06-27,C0138,P009,R013,3,0.02,130000,85000,390000,7800.0,382200.0,255000,127200.0
ORD005978,2026-06-27,C0111,P014,R006,5,0.0,18000,10500,90000,0.0,90000.0,52500,37500.0
ORD007337,2026-06-27,C0294,P002,R013,8,0.08,220000,155000,1760000,140800.0,1619200.0,1240000,379200.0
ORD000401,2026-06-27,C0253,P006,R002,4,0.08,95000,62000,380000,30400.0,349600.0,248000,101600.0
ORD006582,2026-06-27,C0176,P004,R001,2,0.08,140000,98000,280000,22400.0,257600.0,196000,61600.0
ORD001788,2026-06-27,C0091,P019,R003,8,0.0,45000,29000,360000,0.0,360000.0,232000,128000.0
ORD007430,2026-06-27,C0097,P010,R013,1,0.0,320000,215000,320000,0.0,320000.0,215000,105000.0
ORD006135,2026-06-27,C0077,P011,R007,5,0.02,85000,57000,425000,8500.0,416500.0,285000,131500.0
ORD003664,2026-06-27,C0010,P015,R001,3,0.05,35000,21000,105000,5250.0,99750.0,63000,36750.0
ORD007485,2026-06-27,C0019,P011,R004,1,0.05,85000,57000,85000,4250.0,80750.0,57000,23750.0
ORD001636,2026-06-28,C0133,P013,R001,2,0.15,30000,18500,60000,9000.0,51000.0,37000,14000.0
ORD005115,2026-06-28,C0232,P020,R002,1,0.0,22000,13000,22000,0.0,22000.0,13000,9000.0
ORD002780,2026-06-28,C0159,P020,R001,3,0.08,22000,13000,66000,5280.0,60720.0,39000,21720.0
ORD004167,2026-06-28,C0251,P009,R006,1,0.05,130000,85000,130000,6500.0,123500.0,85000,38500.0
ORD001029,2026-06-28,C0102,P015,R010,2,0.02,35000,21000,70000,1400.0,68600.0,42000,26600.0
ORD003020,2026-06-28,C0087,P017,R010,4,0.02,75000,50000,300000,6000.0,294000.0,200000,94000.0
ORD007670,2026-06-28,C0296,P015,R005,3,0.0,35000,21000,105000,0.0,105000.0,63000,42000.0
ORD003466,2026-06-28,C0270,P007,R004,4,0.02,180000,118000,720000,14400.0,705600.0,472000,233600.0
ORD001902,2026-06-28,C0251,P007,R003,3,0.02,180000,118000,540000,10800.0,529200.0,354000,175200.0
ORD006898,2026-06-28,C0043,P018,R004,3,0.0,90000,62000,270000,0.0,270000.0,186000,84000.0
ORD005053,2026-06-28,C0134,P019,R009,1,0.05,45000,29000,45000,2250.0,42750.0,29000,13750.0
ORD004668,2026-06-28,C0070,P004,R012,1,0.05,140000,98000,140000,7000.0,133000.0,98000,35000.0
ORD002371,2026-06-28,C0028,P014,R012,4,0.05,18000,10500,72000,3600.0,68400.0,42000,26400.0
ORD007676,2026-06-29,C0255,P018,R006,6,0.05,90000,62000,540000,27000.0,513000.0,372000,141000.0
ORD000056,2026-06-29,C0019,P010,R009,5,0.0,320000,215000,1600000,0.0,1600000.0,1075000,525000.0
ORD006426,2026-06-29,C0019,P007,R010,3,0.02,180000,118000,540000,10800.0,529200.0,354000,175200.0
ORD005163,2026-06-29,C0202,P019,R005,4,0.0,45000,29000,180000,0.0,180000.0,116000,64000.0
ORD007710,2026-06-29,C0235,P017,R004,1,0.15,75000,50000,75000,11250.0,63750.0,50000,13750.0
ORD007025,2026-06-29,C0120,P005,R007,5,0.02,120000,84000,600000,12000.0,588000.0,420000,168000.0
ORD006812,2026-06-29,C0290,P003,R006,3,0.08,160000,112000,480000,38400.0,441600.0,336000,105600.0
ORD006860,2026-06-29,C0146,P020,R005,4,0.02,22000,13000,88000,1760.0,86240.0,52000,34240.0
ORD006358,2026-06-30,C0232,P016,R010,4,0.08,55000,35000,220000,17600.0,202400.0,140000,62400.0
ORD000795,2026-06-30,C0120,P009,R008,3,0.1,130000,85000,390000,39000.0,351000.0,255000,96000.0
ORD005090,2026-06-30,C0038,P019,R005,2,0.15,45000,29000,90000,13500.0,76500.0,58000,18500.0
ORD002637,2026-06-30,C0056,P007,R011,3,0.08,180000,118000,540000,43200.0,496800.0,354000,142800.0
ORD006857,2026-06-30,C0192,P008,R005,4,0.05,110000,72000,440000,22000.0,418000.0,288000,130000.0
ORD004437,2026-06-30,C0252,P014,R006,2,0.05,18000,10500,36000,1800.0,34200.0,21000,13200.0
ORD006587,2026-06-30,C0192,P007,R003,8,0.08,180000,118000,1440000,115200.0,1324800.0,944000,380800.0
ORD004534,2026-06-30,C0213,P002,R004,3,0.08,220000,155000,660000,52800.0,607200.0,465000,142200.0
ORD005258,2026-06-30,C0190,P004,R010,5,0.08,140000,98000,700000,56000.0,644000.0,490000,154000.0
ORD006102,2026-06-30,C0195,P004,R005,6,0.02,140000,98000,840000,16800.0,823200.0,588000,235200.0
ORD004987,2026-06-30,C0067,P008,R006,6,0.0,110000,72000,660000,0.0,660000.0,432000,228000.0
ORD000296,2026-06-30,C0191,P019,R001,1,0.05,45000,29000,45000,2250.0,42750.0,29000,13750.0
ORD004610,2026-06-30,C0285,P016,R002,1,0.08,55000,35000,55000,4400.0,50600.0,35000,15600.0
ORD001544,2026-06-30,C0089,P004,R009,4,0.05,140000,98000,560000,28000.0,532000.0,392000,140000.0
ORD000324,2026-06-30,C0028,P005,R009,4,0.02,120000,84000,480000,9600.0,470400.0,336000,134400.0
ORD004794,2026-06-30,C0108,P013,R005,3,0.05,30000,18500,90000,4500.0,85500.0,55500,30000.0
ORD001940,2026-06-30,C0254,P004,R005,2,0.0,140000,98000,280000,0.0,280000.0,196000,84000.0
